-- phpMyAdmin SQL Dump
-- version 5.2.1
-- https://www.phpmyadmin.net/
--
-- Host: 127.0.0.1
-- Generation Time: Jul 06, 2026 at 02:42 PM
-- Server version: 10.4.32-MariaDB
-- PHP Version: 8.2.12

SET SQL_MODE = "NO_AUTO_VALUE_ON_ZERO";
START TRANSACTION;
SET time_zone = "+00:00";


/*!40101 SET @OLD_CHARACTER_SET_CLIENT=@@CHARACTER_SET_CLIENT */;
/*!40101 SET @OLD_CHARACTER_SET_RESULTS=@@CHARACTER_SET_RESULTS */;
/*!40101 SET @OLD_COLLATION_CONNECTION=@@COLLATION_CONNECTION */;
/*!40101 SET NAMES utf8mb4 */;

--
-- Database: `aptitude_system`
--

-- --------------------------------------------------------

--
-- Table structure for table `certificates`
--

CREATE TABLE `certificates` (
  `id` int(11) NOT NULL,
  `result_id` int(11) NOT NULL,
  `certificate_code` varchar(50) NOT NULL,
  `certificate_data` longtext CHARACTER SET utf8mb4 COLLATE utf8mb4_bin DEFAULT NULL CHECK (json_valid(`certificate_data`)),
  `qr_data` text DEFAULT NULL,
  `issued_date` datetime DEFAULT current_timestamp()
) ENGINE=InnoDB DEFAULT CHARSET=utf8mb4 COLLATE=utf8mb4_general_ci;

--
-- Dumping data for table `certificates`
--

INSERT INTO `certificates` (`id`, `result_id`, `certificate_code`, `certificate_data`, `qr_data`, `issued_date`) VALUES
(1, 7, 'SATS-2024-001', '{\"student_name\":\"Thandeka Dlamini\",\"score\":\"18/25\",\"grade\":\"B\"}', 'https://chart.googleapis.com/chart?chs=150x150&cht=qr&chl=https%3A%2F%2Flocalhost%2Fsats%2Fverify_certificate.php%3Fcert_id%3DSATS-2024-001&choe=UTF-8', '2026-07-02 15:22:22'),
(2, 5, 'SATS-2026-000005', '{\"student_name\": \"Lungelo Dlamini\", \"score\": \"12/15\", \"percentage\": 80.00, \"grade\": \"0\", \"category\": \"Logical Reasoning\"}', 'https://chart.googleapis.com/chart?chs=150x150&cht=qr&chl=https%3A%2F%2Flocalhost%2Fsats%2Fverify_certificate.php%3Fcert_id%3DSATS-2026-000005&choe=UTF-8', '2026-06-29 15:32:17'),
(3, 6, 'SATS-2026-000006', '{\"student_name\": \"Lungelo Dlamini\", \"score\": \"5/15\", \"percentage\": 33.00, \"grade\": \"0\", \"category\": \"Quantitative Aptitude\"}', 'https://chart.googleapis.com/chart?chs=150x150&cht=qr&chl=https%3A%2F%2Flocalhost%2Fsats%2Fverify_certificate.php%3Fcert_id%3DSATS-2026-000006&choe=UTF-8', '2026-06-26 15:32:17'),
(4, 86, 'SATS-2026-000086', '{\"student_name\": \"Lungelo Dlamini\", \"score\": \"10/25\", \"percentage\": 40.00, \"grade\": \"F\", \"category\": \"Quantitative Aptitude\"}', 'https://chart.googleapis.com/chart?chs=150x150&cht=qr&chl=https%3A%2F%2Flocalhost%2Fsats%2Fverify_certificate.php%3Fcert_id%3DSATS-2026-000086&choe=UTF-8', '2026-06-28 15:32:17'),
(5, 87, 'SATS-2026-000087', '{\"student_name\": \"Lungelo Dlamini\", \"score\": \"22/25\", \"percentage\": 88.00, \"grade\": \"A\", \"category\": \"Logical Reasoning\"}', 'https://chart.googleapis.com/chart?chs=150x150&cht=qr&chl=https%3A%2F%2Flocalhost%2Fsats%2Fverify_certificate.php%3Fcert_id%3DSATS-2026-000087&choe=UTF-8', '2026-06-27 15:32:17'),
(6, 88, 'SATS-2026-000088', '{\"student_name\": \"Lungelo Dlamini\", \"score\": \"21/25\", \"percentage\": 84.00, \"grade\": \"A\", \"category\": \"Verbal Ability\"}', 'https://chart.googleapis.com/chart?chs=150x150&cht=qr&chl=https%3A%2F%2Flocalhost%2Fsats%2Fverify_certificate.php%3Fcert_id%3DSATS-2026-000088&choe=UTF-8', '2026-06-29 15:32:17'),
(7, 89, 'SATS-2026-000089', '{\"student_name\": \"Lungelo Dlamini\", \"score\": \"8/25\", \"percentage\": 32.00, \"grade\": \"F\", \"category\": \"Data Interpretation\"}', 'https://chart.googleapis.com/chart?chs=150x150&cht=qr&chl=https%3A%2F%2Flocalhost%2Fsats%2Fverify_certificate.php%3Fcert_id%3DSATS-2026-000089&choe=UTF-8', '2026-06-29 15:32:17'),
(8, 90, 'SATS-2026-000090', '{\"student_name\": \"Lungelo Dlamini\", \"score\": \"10/25\", \"percentage\": 40.00, \"grade\": \"F\", \"category\": \"Analytical Reasoning\"}', 'https://chart.googleapis.com/chart?chs=150x150&cht=qr&chl=https%3A%2F%2Flocalhost%2Fsats%2Fverify_certificate.php%3Fcert_id%3DSATS-2026-000090&choe=UTF-8', '2026-06-24 15:32:17'),
(9, 11, 'SATS-2026-000011', '{\"student_name\": \"Thandeka Dlamini\", \"score\": \"18/25\", \"percentage\": 72.00, \"grade\": \"B\", \"category\": \"Quantitative Aptitude\"}', 'https://chart.googleapis.com/chart?chs=150x150&cht=qr&chl=https%3A%2F%2Flocalhost%2Fsats%2Fverify_certificate.php%3Fcert_id%3DSATS-2026-000011&choe=UTF-8', '2026-07-02 15:32:17'),
(10, 12, 'SATS-2026-000012', '{\"student_name\": \"Thandeka Dlamini\", \"score\": \"20/25\", \"percentage\": 80.00, \"grade\": \"A\", \"category\": \"Logical Reasoning\"}', 'https://chart.googleapis.com/chart?chs=150x150&cht=qr&chl=https%3A%2F%2Flocalhost%2Fsats%2Fverify_certificate.php%3Fcert_id%3DSATS-2026-000012&choe=UTF-8', '2026-06-24 15:32:17'),
(11, 13, 'SATS-2026-000013', '{\"student_name\": \"Thandeka Dlamini\", \"score\": \"15/25\", \"percentage\": 60.00, \"grade\": \"C\", \"category\": \"Verbal Ability\"}', 'https://chart.googleapis.com/chart?chs=150x150&cht=qr&chl=https%3A%2F%2Flocalhost%2Fsats%2Fverify_certificate.php%3Fcert_id%3DSATS-2026-000013&choe=UTF-8', '2026-07-01 15:32:17'),
(12, 14, 'SATS-2026-000014', '{\"student_name\": \"Thandeka Dlamini\", \"score\": \"17/25\", \"percentage\": 68.00, \"grade\": \"B\", \"category\": \"Data Interpretation\"}', 'https://chart.googleapis.com/chart?chs=150x150&cht=qr&chl=https%3A%2F%2Flocalhost%2Fsats%2Fverify_certificate.php%3Fcert_id%3DSATS-2026-000014&choe=UTF-8', '2026-06-30 15:32:17'),
(13, 15, 'SATS-2026-000015', '{\"student_name\": \"Thandeka Dlamini\", \"score\": \"14/25\", \"percentage\": 56.00, \"grade\": \"D\", \"category\": \"Analytical Reasoning\"}', 'https://chart.googleapis.com/chart?chs=150x150&cht=qr&chl=https%3A%2F%2Flocalhost%2Fsats%2Fverify_certificate.php%3Fcert_id%3DSATS-2026-000015&choe=UTF-8', '2026-07-02 15:32:17'),
(14, 91, 'SATS-2026-000091', '{\"student_name\": \"Thandeka Dlamini\", \"score\": \"15/25\", \"percentage\": 60.00, \"grade\": \"C\", \"category\": \"Quantitative Aptitude\"}', 'https://chart.googleapis.com/chart?chs=150x150&cht=qr&chl=https%3A%2F%2Flocalhost%2Fsats%2Fverify_certificate.php%3Fcert_id%3DSATS-2026-000091&choe=UTF-8', '2026-06-27 15:32:17'),
(15, 92, 'SATS-2026-000092', '{\"student_name\": \"Thandeka Dlamini\", \"score\": \"20/25\", \"percentage\": 80.00, \"grade\": \"A\", \"category\": \"Logical Reasoning\"}', 'https://chart.googleapis.com/chart?chs=150x150&cht=qr&chl=https%3A%2F%2Flocalhost%2Fsats%2Fverify_certificate.php%3Fcert_id%3DSATS-2026-000092&choe=UTF-8', '2026-06-27 15:32:17'),
(16, 93, 'SATS-2026-000093', '{\"student_name\": \"Thandeka Dlamini\", \"score\": \"20/25\", \"percentage\": 80.00, \"grade\": \"A\", \"category\": \"Verbal Ability\"}', 'https://chart.googleapis.com/chart?chs=150x150&cht=qr&chl=https%3A%2F%2Flocalhost%2Fsats%2Fverify_certificate.php%3Fcert_id%3DSATS-2026-000093&choe=UTF-8', '2026-07-01 15:32:17'),
(17, 94, 'SATS-2026-000094', '{\"student_name\": \"Thandeka Dlamini\", \"score\": \"15/25\", \"percentage\": 60.00, \"grade\": \"C\", \"category\": \"Data Interpretation\"}', 'https://chart.googleapis.com/chart?chs=150x150&cht=qr&chl=https%3A%2F%2Flocalhost%2Fsats%2Fverify_certificate.php%3Fcert_id%3DSATS-2026-000094&choe=UTF-8', '2026-06-27 15:32:17'),
(18, 95, 'SATS-2026-000095', '{\"student_name\": \"Thandeka Dlamini\", \"score\": \"11/25\", \"percentage\": 44.00, \"grade\": \"F\", \"category\": \"Analytical Reasoning\"}', 'https://chart.googleapis.com/chart?chs=150x150&cht=qr&chl=https%3A%2F%2Flocalhost%2Fsats%2Fverify_certificate.php%3Fcert_id%3DSATS-2026-000095&choe=UTF-8', '2026-07-02 15:32:17'),
(19, 8, 'SATS-2026-000008', '{\"student_name\": \"Sibusiso Mamba\", \"score\": \"20/25\", \"percentage\": 80.00, \"grade\": \"A\", \"category\": \"Logical Reasoning\"}', 'https://chart.googleapis.com/chart?chs=150x150&cht=qr&chl=https%3A%2F%2Flocalhost%2Fsats%2Fverify_certificate.php%3Fcert_id%3DSATS-2026-000008&choe=UTF-8', '2026-06-24 15:32:17'),
(20, 16, 'SATS-2026-000016', '{\"student_name\": \"Sibusiso Mamba\", \"score\": \"22/25\", \"percentage\": 88.00, \"grade\": \"A\", \"category\": \"Quantitative Aptitude\"}', 'https://chart.googleapis.com/chart?chs=150x150&cht=qr&chl=https%3A%2F%2Flocalhost%2Fsats%2Fverify_certificate.php%3Fcert_id%3DSATS-2026-000016&choe=UTF-8', '2026-06-29 15:32:17'),
(21, 17, 'SATS-2026-000017', '{\"student_name\": \"Sibusiso Mamba\", \"score\": \"21/25\", \"percentage\": 84.00, \"grade\": \"A\", \"category\": \"Logical Reasoning\"}', 'https://chart.googleapis.com/chart?chs=150x150&cht=qr&chl=https%3A%2F%2Flocalhost%2Fsats%2Fverify_certificate.php%3Fcert_id%3DSATS-2026-000017&choe=UTF-8', '2026-06-30 15:32:17'),
(22, 18, 'SATS-2026-000018', '{\"student_name\": \"Sibusiso Mamba\", \"score\": \"18/25\", \"percentage\": 72.00, \"grade\": \"B\", \"category\": \"Verbal Ability\"}', 'https://chart.googleapis.com/chart?chs=150x150&cht=qr&chl=https%3A%2F%2Flocalhost%2Fsats%2Fverify_certificate.php%3Fcert_id%3DSATS-2026-000018&choe=UTF-8', '2026-07-01 15:32:17'),
(23, 19, 'SATS-2026-000019', '{\"student_name\": \"Sibusiso Mamba\", \"score\": \"19/25\", \"percentage\": 76.00, \"grade\": \"B\", \"category\": \"Data Interpretation\"}', 'https://chart.googleapis.com/chart?chs=150x150&cht=qr&chl=https%3A%2F%2Flocalhost%2Fsats%2Fverify_certificate.php%3Fcert_id%3DSATS-2026-000019&choe=UTF-8', '2026-07-01 15:32:17'),
(24, 20, 'SATS-2026-000020', '{\"student_name\": \"Sibusiso Mamba\", \"score\": \"16/25\", \"percentage\": 64.00, \"grade\": \"C\", \"category\": \"Analytical Reasoning\"}', 'https://chart.googleapis.com/chart?chs=150x150&cht=qr&chl=https%3A%2F%2Flocalhost%2Fsats%2Fverify_certificate.php%3Fcert_id%3DSATS-2026-000020&choe=UTF-8', '2026-06-28 15:32:17'),
(25, 96, 'SATS-2026-000096', '{\"student_name\": \"Sibusiso Mamba\", \"score\": \"20/25\", \"percentage\": 80.00, \"grade\": \"A\", \"category\": \"Quantitative Aptitude\"}', 'https://chart.googleapis.com/chart?chs=150x150&cht=qr&chl=https%3A%2F%2Flocalhost%2Fsats%2Fverify_certificate.php%3Fcert_id%3DSATS-2026-000096&choe=UTF-8', '2026-06-25 15:32:17'),
(26, 97, 'SATS-2026-000097', '{\"student_name\": \"Sibusiso Mamba\", \"score\": \"21/25\", \"percentage\": 84.00, \"grade\": \"A\", \"category\": \"Logical Reasoning\"}', 'https://chart.googleapis.com/chart?chs=150x150&cht=qr&chl=https%3A%2F%2Flocalhost%2Fsats%2Fverify_certificate.php%3Fcert_id%3DSATS-2026-000097&choe=UTF-8', '2026-06-26 15:32:17'),
(27, 98, 'SATS-2026-000098', '{\"student_name\": \"Sibusiso Mamba\", \"score\": \"22/25\", \"percentage\": 88.00, \"grade\": \"A\", \"category\": \"Verbal Ability\"}', 'https://chart.googleapis.com/chart?chs=150x150&cht=qr&chl=https%3A%2F%2Flocalhost%2Fsats%2Fverify_certificate.php%3Fcert_id%3DSATS-2026-000098&choe=UTF-8', '2026-07-02 15:32:17'),
(28, 99, 'SATS-2026-000099', '{\"student_name\": \"Sibusiso Mamba\", \"score\": \"19/25\", \"percentage\": 76.00, \"grade\": \"B\", \"category\": \"Data Interpretation\"}', 'https://chart.googleapis.com/chart?chs=150x150&cht=qr&chl=https%3A%2F%2Flocalhost%2Fsats%2Fverify_certificate.php%3Fcert_id%3DSATS-2026-000099&choe=UTF-8', '2026-06-29 15:32:17'),
(29, 100, 'SATS-2026-000100', '{\"student_name\": \"Sibusiso Mamba\", \"score\": \"21/25\", \"percentage\": 84.00, \"grade\": \"A\", \"category\": \"Analytical Reasoning\"}', 'https://chart.googleapis.com/chart?chs=150x150&cht=qr&chl=https%3A%2F%2Flocalhost%2Fsats%2Fverify_certificate.php%3Fcert_id%3DSATS-2026-000100&choe=UTF-8', '2026-06-25 15:32:17'),
(30, 21, 'SATS-2026-000021', '{\"student_name\": \"Nompumelelo Sibandze\", \"score\": \"14/25\", \"percentage\": 56.00, \"grade\": \"D\", \"category\": \"Quantitative Aptitude\"}', 'https://chart.googleapis.com/chart?chs=150x150&cht=qr&chl=https%3A%2F%2Flocalhost%2Fsats%2Fverify_certificate.php%3Fcert_id%3DSATS-2026-000021&choe=UTF-8', '2026-06-26 15:32:17'),
(31, 22, 'SATS-2026-000022', '{\"student_name\": \"Nompumelelo Sibandze\", \"score\": \"16/25\", \"percentage\": 64.00, \"grade\": \"C\", \"category\": \"Logical Reasoning\"}', 'https://chart.googleapis.com/chart?chs=150x150&cht=qr&chl=https%3A%2F%2Flocalhost%2Fsats%2Fverify_certificate.php%3Fcert_id%3DSATS-2026-000022&choe=UTF-8', '2026-06-30 15:32:17'),
(32, 23, 'SATS-2026-000023', '{\"student_name\": \"Nompumelelo Sibandze\", \"score\": \"22/25\", \"percentage\": 88.00, \"grade\": \"A\", \"category\": \"Verbal Ability\"}', 'https://chart.googleapis.com/chart?chs=150x150&cht=qr&chl=https%3A%2F%2Flocalhost%2Fsats%2Fverify_certificate.php%3Fcert_id%3DSATS-2026-000023&choe=UTF-8', '2026-06-30 15:32:17'),
(33, 24, 'SATS-2026-000024', '{\"student_name\": \"Nompumelelo Sibandze\", \"score\": \"15/25\", \"percentage\": 60.00, \"grade\": \"C\", \"category\": \"Data Interpretation\"}', 'https://chart.googleapis.com/chart?chs=150x150&cht=qr&chl=https%3A%2F%2Flocalhost%2Fsats%2Fverify_certificate.php%3Fcert_id%3DSATS-2026-000024&choe=UTF-8', '2026-06-26 15:32:17'),
(34, 25, 'SATS-2026-000025', '{\"student_name\": \"Nompumelelo Sibandze\", \"score\": \"18/25\", \"percentage\": 72.00, \"grade\": \"B\", \"category\": \"Analytical Reasoning\"}', 'https://chart.googleapis.com/chart?chs=150x150&cht=qr&chl=https%3A%2F%2Flocalhost%2Fsats%2Fverify_certificate.php%3Fcert_id%3DSATS-2026-000025&choe=UTF-8', '2026-06-24 15:32:17'),
(35, 101, 'SATS-2026-000101', '{\"student_name\": \"Nompumelelo Sibandze\", \"score\": \"9/25\", \"percentage\": 36.00, \"grade\": \"F\", \"category\": \"Quantitative Aptitude\"}', 'https://chart.googleapis.com/chart?chs=150x150&cht=qr&chl=https%3A%2F%2Flocalhost%2Fsats%2Fverify_certificate.php%3Fcert_id%3DSATS-2026-000101&choe=UTF-8', '2026-07-01 15:32:17'),
(36, 102, 'SATS-2026-000102', '{\"student_name\": \"Nompumelelo Sibandze\", \"score\": \"17/25\", \"percentage\": 68.00, \"grade\": \"C\", \"category\": \"Logical Reasoning\"}', 'https://chart.googleapis.com/chart?chs=150x150&cht=qr&chl=https%3A%2F%2Flocalhost%2Fsats%2Fverify_certificate.php%3Fcert_id%3DSATS-2026-000102&choe=UTF-8', '2026-06-29 15:32:17'),
(37, 103, 'SATS-2026-000103', '{\"student_name\": \"Nompumelelo Sibandze\", \"score\": \"14/25\", \"percentage\": 56.00, \"grade\": \"D\", \"category\": \"Verbal Ability\"}', 'https://chart.googleapis.com/chart?chs=150x150&cht=qr&chl=https%3A%2F%2Flocalhost%2Fsats%2Fverify_certificate.php%3Fcert_id%3DSATS-2026-000103&choe=UTF-8', '2026-06-29 15:32:17'),
(38, 104, 'SATS-2026-000104', '{\"student_name\": \"Nompumelelo Sibandze\", \"score\": \"22/25\", \"percentage\": 88.00, \"grade\": \"A\", \"category\": \"Data Interpretation\"}', 'https://chart.googleapis.com/chart?chs=150x150&cht=qr&chl=https%3A%2F%2Flocalhost%2Fsats%2Fverify_certificate.php%3Fcert_id%3DSATS-2026-000104&choe=UTF-8', '2026-07-02 15:32:17'),
(39, 105, 'SATS-2026-000105', '{\"student_name\": \"Nompumelelo Sibandze\", \"score\": \"14/25\", \"percentage\": 56.00, \"grade\": \"D\", \"category\": \"Analytical Reasoning\"}', 'https://chart.googleapis.com/chart?chs=150x150&cht=qr&chl=https%3A%2F%2Flocalhost%2Fsats%2Fverify_certificate.php%3Fcert_id%3DSATS-2026-000105&choe=UTF-8', '2026-07-02 15:32:17'),
(40, 26, 'SATS-2026-000026', '{\"student_name\": \"Muzi Nkosi\", \"score\": \"16/25\", \"percentage\": 64.00, \"grade\": \"C\", \"category\": \"Quantitative Aptitude\"}', 'https://chart.googleapis.com/chart?chs=150x150&cht=qr&chl=https%3A%2F%2Flocalhost%2Fsats%2Fverify_certificate.php%3Fcert_id%3DSATS-2026-000026&choe=UTF-8', '2026-06-28 15:32:17'),
(41, 27, 'SATS-2026-000027', '{\"student_name\": \"Muzi Nkosi\", \"score\": \"23/25\", \"percentage\": 92.00, \"grade\": \"A\", \"category\": \"Logical Reasoning\"}', 'https://chart.googleapis.com/chart?chs=150x150&cht=qr&chl=https%3A%2F%2Flocalhost%2Fsats%2Fverify_certificate.php%3Fcert_id%3DSATS-2026-000027&choe=UTF-8', '2026-07-01 15:32:17'),
(42, 28, 'SATS-2026-000028', '{\"student_name\": \"Muzi Nkosi\", \"score\": \"14/25\", \"percentage\": 56.00, \"grade\": \"D\", \"category\": \"Verbal Ability\"}', 'https://chart.googleapis.com/chart?chs=150x150&cht=qr&chl=https%3A%2F%2Flocalhost%2Fsats%2Fverify_certificate.php%3Fcert_id%3DSATS-2026-000028&choe=UTF-8', '2026-06-28 15:32:17'),
(43, 29, 'SATS-2026-000029', '{\"student_name\": \"Muzi Nkosi\", \"score\": \"17/25\", \"percentage\": 68.00, \"grade\": \"B\", \"category\": \"Data Interpretation\"}', 'https://chart.googleapis.com/chart?chs=150x150&cht=qr&chl=https%3A%2F%2Flocalhost%2Fsats%2Fverify_certificate.php%3Fcert_id%3DSATS-2026-000029&choe=UTF-8', '2026-07-02 15:32:17'),
(44, 30, 'SATS-2026-000030', '{\"student_name\": \"Muzi Nkosi\", \"score\": \"20/25\", \"percentage\": 80.00, \"grade\": \"A\", \"category\": \"Analytical Reasoning\"}', 'https://chart.googleapis.com/chart?chs=150x150&cht=qr&chl=https%3A%2F%2Flocalhost%2Fsats%2Fverify_certificate.php%3Fcert_id%3DSATS-2026-000030&choe=UTF-8', '2026-07-02 15:32:17'),
(45, 106, 'SATS-2026-000106', '{\"student_name\": \"Muzi Nkosi\", \"score\": \"21/25\", \"percentage\": 84.00, \"grade\": \"A\", \"category\": \"Quantitative Aptitude\"}', 'https://chart.googleapis.com/chart?chs=150x150&cht=qr&chl=https%3A%2F%2Flocalhost%2Fsats%2Fverify_certificate.php%3Fcert_id%3DSATS-2026-000106&choe=UTF-8', '2026-07-01 15:32:17'),
(46, 107, 'SATS-2026-000107', '{\"student_name\": \"Muzi Nkosi\", \"score\": \"16/25\", \"percentage\": 64.00, \"grade\": \"C\", \"category\": \"Logical Reasoning\"}', 'https://chart.googleapis.com/chart?chs=150x150&cht=qr&chl=https%3A%2F%2Flocalhost%2Fsats%2Fverify_certificate.php%3Fcert_id%3DSATS-2026-000107&choe=UTF-8', '2026-06-26 15:32:17'),
(47, 108, 'SATS-2026-000108', '{\"student_name\": \"Muzi Nkosi\", \"score\": \"21/25\", \"percentage\": 84.00, \"grade\": \"A\", \"category\": \"Verbal Ability\"}', 'https://chart.googleapis.com/chart?chs=150x150&cht=qr&chl=https%3A%2F%2Flocalhost%2Fsats%2Fverify_certificate.php%3Fcert_id%3DSATS-2026-000108&choe=UTF-8', '2026-07-03 15:32:17'),
(48, 109, 'SATS-2026-000109', '{\"student_name\": \"Muzi Nkosi\", \"score\": \"14/25\", \"percentage\": 56.00, \"grade\": \"D\", \"category\": \"Data Interpretation\"}', 'https://chart.googleapis.com/chart?chs=150x150&cht=qr&chl=https%3A%2F%2Flocalhost%2Fsats%2Fverify_certificate.php%3Fcert_id%3DSATS-2026-000109&choe=UTF-8', '2026-06-24 15:32:17'),
(49, 110, 'SATS-2026-000110', '{\"student_name\": \"Muzi Nkosi\", \"score\": \"10/25\", \"percentage\": 40.00, \"grade\": \"F\", \"category\": \"Analytical Reasoning\"}', 'https://chart.googleapis.com/chart?chs=150x150&cht=qr&chl=https%3A%2F%2Flocalhost%2Fsats%2Fverify_certificate.php%3Fcert_id%3DSATS-2026-000110&choe=UTF-8', '2026-06-29 15:32:17'),
(50, 31, 'SATS-2026-000031', '{\"student_name\": \"Zanele Gamedze\", \"score\": \"20/25\", \"percentage\": 80.00, \"grade\": \"A\", \"category\": \"Quantitative Aptitude\"}', 'https://chart.googleapis.com/chart?chs=150x150&cht=qr&chl=https%3A%2F%2Flocalhost%2Fsats%2Fverify_certificate.php%3Fcert_id%3DSATS-2026-000031&choe=UTF-8', '2026-06-29 15:32:17'),
(51, 32, 'SATS-2026-000032', '{\"student_name\": \"Zanele Gamedze\", \"score\": \"18/25\", \"percentage\": 72.00, \"grade\": \"B\", \"category\": \"Logical Reasoning\"}', 'https://chart.googleapis.com/chart?chs=150x150&cht=qr&chl=https%3A%2F%2Flocalhost%2Fsats%2Fverify_certificate.php%3Fcert_id%3DSATS-2026-000032&choe=UTF-8', '2026-06-26 15:32:17'),
(52, 33, 'SATS-2026-000033', '{\"student_name\": \"Zanele Gamedze\", \"score\": \"21/25\", \"percentage\": 84.00, \"grade\": \"A\", \"category\": \"Verbal Ability\"}', 'https://chart.googleapis.com/chart?chs=150x150&cht=qr&chl=https%3A%2F%2Flocalhost%2Fsats%2Fverify_certificate.php%3Fcert_id%3DSATS-2026-000033&choe=UTF-8', '2026-06-28 15:32:17'),
(53, 34, 'SATS-2026-000034', '{\"student_name\": \"Zanele Gamedze\", \"score\": \"16/25\", \"percentage\": 64.00, \"grade\": \"C\", \"category\": \"Data Interpretation\"}', 'https://chart.googleapis.com/chart?chs=150x150&cht=qr&chl=https%3A%2F%2Flocalhost%2Fsats%2Fverify_certificate.php%3Fcert_id%3DSATS-2026-000034&choe=UTF-8', '2026-06-28 15:32:17'),
(54, 35, 'SATS-2026-000035', '{\"student_name\": \"Zanele Gamedze\", \"score\": \"19/25\", \"percentage\": 76.00, \"grade\": \"B\", \"category\": \"Analytical Reasoning\"}', 'https://chart.googleapis.com/chart?chs=150x150&cht=qr&chl=https%3A%2F%2Flocalhost%2Fsats%2Fverify_certificate.php%3Fcert_id%3DSATS-2026-000035&choe=UTF-8', '2026-06-24 15:32:17'),
(55, 111, 'SATS-2026-000111', '{\"student_name\": \"Zanele Gamedze\", \"score\": \"18/25\", \"percentage\": 72.00, \"grade\": \"B\", \"category\": \"Quantitative Aptitude\"}', 'https://chart.googleapis.com/chart?chs=150x150&cht=qr&chl=https%3A%2F%2Flocalhost%2Fsats%2Fverify_certificate.php%3Fcert_id%3DSATS-2026-000111&choe=UTF-8', '2026-07-03 15:32:17'),
(56, 112, 'SATS-2026-000112', '{\"student_name\": \"Zanele Gamedze\", \"score\": \"8/25\", \"percentage\": 32.00, \"grade\": \"F\", \"category\": \"Logical Reasoning\"}', 'https://chart.googleapis.com/chart?chs=150x150&cht=qr&chl=https%3A%2F%2Flocalhost%2Fsats%2Fverify_certificate.php%3Fcert_id%3DSATS-2026-000112&choe=UTF-8', '2026-06-28 15:32:17'),
(57, 113, 'SATS-2026-000113', '{\"student_name\": \"Zanele Gamedze\", \"score\": \"10/25\", \"percentage\": 40.00, \"grade\": \"F\", \"category\": \"Verbal Ability\"}', 'https://chart.googleapis.com/chart?chs=150x150&cht=qr&chl=https%3A%2F%2Flocalhost%2Fsats%2Fverify_certificate.php%3Fcert_id%3DSATS-2026-000113&choe=UTF-8', '2026-06-26 15:32:17'),
(58, 114, 'SATS-2026-000114', '{\"student_name\": \"Zanele Gamedze\", \"score\": \"18/25\", \"percentage\": 72.00, \"grade\": \"B\", \"category\": \"Data Interpretation\"}', 'https://chart.googleapis.com/chart?chs=150x150&cht=qr&chl=https%3A%2F%2Flocalhost%2Fsats%2Fverify_certificate.php%3Fcert_id%3DSATS-2026-000114&choe=UTF-8', '2026-06-24 15:32:17'),
(59, 115, 'SATS-2026-000115', '{\"student_name\": \"Zanele Gamedze\", \"score\": \"13/25\", \"percentage\": 52.00, \"grade\": \"D\", \"category\": \"Analytical Reasoning\"}', 'https://chart.googleapis.com/chart?chs=150x150&cht=qr&chl=https%3A%2F%2Flocalhost%2Fsats%2Fverify_certificate.php%3Fcert_id%3DSATS-2026-000115&choe=UTF-8', '2026-06-28 15:32:17'),
(60, 36, 'SATS-2026-000036', '{\"student_name\": \"Sandile Hlophe\", \"score\": \"13/25\", \"percentage\": 52.00, \"grade\": \"D\", \"category\": \"Quantitative Aptitude\"}', 'https://chart.googleapis.com/chart?chs=150x150&cht=qr&chl=https%3A%2F%2Flocalhost%2Fsats%2Fverify_certificate.php%3Fcert_id%3DSATS-2026-000036&choe=UTF-8', '2026-06-27 15:32:17'),
(61, 37, 'SATS-2026-000037', '{\"student_name\": \"Sandile Hlophe\", \"score\": \"15/25\", \"percentage\": 60.00, \"grade\": \"C\", \"category\": \"Logical Reasoning\"}', 'https://chart.googleapis.com/chart?chs=150x150&cht=qr&chl=https%3A%2F%2Flocalhost%2Fsats%2Fverify_certificate.php%3Fcert_id%3DSATS-2026-000037&choe=UTF-8', '2026-06-24 15:32:17'),
(62, 38, 'SATS-2026-000038', '{\"student_name\": \"Sandile Hlophe\", \"score\": \"17/25\", \"percentage\": 68.00, \"grade\": \"B\", \"category\": \"Verbal Ability\"}', 'https://chart.googleapis.com/chart?chs=150x150&cht=qr&chl=https%3A%2F%2Flocalhost%2Fsats%2Fverify_certificate.php%3Fcert_id%3DSATS-2026-000038&choe=UTF-8', '2026-06-27 15:32:17'),
(63, 39, 'SATS-2026-000039', '{\"student_name\": \"Sandile Hlophe\", \"score\": \"20/25\", \"percentage\": 80.00, \"grade\": \"A\", \"category\": \"Data Interpretation\"}', 'https://chart.googleapis.com/chart?chs=150x150&cht=qr&chl=https%3A%2F%2Flocalhost%2Fsats%2Fverify_certificate.php%3Fcert_id%3DSATS-2026-000039&choe=UTF-8', '2026-06-30 15:32:17'),
(64, 40, 'SATS-2026-000040', '{\"student_name\": \"Sandile Hlophe\", \"score\": \"14/25\", \"percentage\": 56.00, \"grade\": \"D\", \"category\": \"Analytical Reasoning\"}', 'https://chart.googleapis.com/chart?chs=150x150&cht=qr&chl=https%3A%2F%2Flocalhost%2Fsats%2Fverify_certificate.php%3Fcert_id%3DSATS-2026-000040&choe=UTF-8', '2026-06-24 15:32:17'),
(65, 116, 'SATS-2026-000116', '{\"student_name\": \"Sandile Hlophe\", \"score\": \"17/25\", \"percentage\": 68.00, \"grade\": \"C\", \"category\": \"Quantitative Aptitude\"}', 'https://chart.googleapis.com/chart?chs=150x150&cht=qr&chl=https%3A%2F%2Flocalhost%2Fsats%2Fverify_certificate.php%3Fcert_id%3DSATS-2026-000116&choe=UTF-8', '2026-06-28 15:32:17'),
(66, 117, 'SATS-2026-000117', '{\"student_name\": \"Sandile Hlophe\", \"score\": \"9/25\", \"percentage\": 36.00, \"grade\": \"F\", \"category\": \"Logical Reasoning\"}', 'https://chart.googleapis.com/chart?chs=150x150&cht=qr&chl=https%3A%2F%2Flocalhost%2Fsats%2Fverify_certificate.php%3Fcert_id%3DSATS-2026-000117&choe=UTF-8', '2026-07-02 15:32:17'),
(67, 118, 'SATS-2026-000118', '{\"student_name\": \"Sandile Hlophe\", \"score\": \"11/25\", \"percentage\": 44.00, \"grade\": \"F\", \"category\": \"Verbal Ability\"}', 'https://chart.googleapis.com/chart?chs=150x150&cht=qr&chl=https%3A%2F%2Flocalhost%2Fsats%2Fverify_certificate.php%3Fcert_id%3DSATS-2026-000118&choe=UTF-8', '2026-06-26 15:32:17'),
(68, 119, 'SATS-2026-000119', '{\"student_name\": \"Sandile Hlophe\", \"score\": \"17/25\", \"percentage\": 68.00, \"grade\": \"C\", \"category\": \"Data Interpretation\"}', 'https://chart.googleapis.com/chart?chs=150x150&cht=qr&chl=https%3A%2F%2Flocalhost%2Fsats%2Fverify_certificate.php%3Fcert_id%3DSATS-2026-000119&choe=UTF-8', '2026-06-29 15:32:17'),
(69, 120, 'SATS-2026-000120', '{\"student_name\": \"Sandile Hlophe\", \"score\": \"13/25\", \"percentage\": 52.00, \"grade\": \"D\", \"category\": \"Analytical Reasoning\"}', 'https://chart.googleapis.com/chart?chs=150x150&cht=qr&chl=https%3A%2F%2Flocalhost%2Fsats%2Fverify_certificate.php%3Fcert_id%3DSATS-2026-000120&choe=UTF-8', '2026-06-24 15:32:17'),
(70, 41, 'SATS-2026-000041', '{\"student_name\": \"Siphokazi Simelane\", \"score\": \"21/25\", \"percentage\": 84.00, \"grade\": \"A\", \"category\": \"Quantitative Aptitude\"}', 'https://chart.googleapis.com/chart?chs=150x150&cht=qr&chl=https%3A%2F%2Flocalhost%2Fsats%2Fverify_certificate.php%3Fcert_id%3DSATS-2026-000041&choe=UTF-8', '2026-06-28 15:32:17'),
(71, 42, 'SATS-2026-000042', '{\"student_name\": \"Siphokazi Simelane\", \"score\": \"19/25\", \"percentage\": 76.00, \"grade\": \"B\", \"category\": \"Logical Reasoning\"}', NULL, '2026-06-24 15:32:17'),
(72, 43, 'SATS-2026-000043', '{\"student_name\": \"Siphokazi Simelane\", \"score\": \"20/25\", \"percentage\": 80.00, \"grade\": \"A\", \"category\": \"Verbal Ability\"}', 'https://chart.googleapis.com/chart?chs=150x150&cht=qr&chl=https%3A%2F%2Flocalhost%2Fsats%2Fverify_certificate.php%3Fcert_id%3DSATS-2026-000043&choe=UTF-8', '2026-06-25 15:32:17'),
(73, 44, 'SATS-2026-000044', '{\"student_name\": \"Siphokazi Simelane\", \"score\": \"18/25\", \"percentage\": 72.00, \"grade\": \"B\", \"category\": \"Data Interpretation\"}', 'https://chart.googleapis.com/chart?chs=150x150&cht=qr&chl=https%3A%2F%2Flocalhost%2Fsats%2Fverify_certificate.php%3Fcert_id%3DSATS-2026-000044&choe=UTF-8', '2026-06-29 15:32:17'),
(74, 45, 'SATS-2026-000045', '{\"student_name\": \"Siphokazi Simelane\", \"score\": \"21/25\", \"percentage\": 84.00, \"grade\": \"A\", \"category\": \"Analytical Reasoning\"}', 'https://chart.googleapis.com/chart?chs=150x150&cht=qr&chl=https%3A%2F%2Flocalhost%2Fsats%2Fverify_certificate.php%3Fcert_id%3DSATS-2026-000045&choe=UTF-8', '2026-06-25 15:32:17'),
(75, 121, 'SATS-2026-000121', '{\"student_name\": \"Siphokazi Simelane\", \"score\": \"8/25\", \"percentage\": 32.00, \"grade\": \"F\", \"category\": \"Quantitative Aptitude\"}', 'https://chart.googleapis.com/chart?chs=150x150&cht=qr&chl=https%3A%2F%2Flocalhost%2Fsats%2Fverify_certificate.php%3Fcert_id%3DSATS-2026-000121&choe=UTF-8', '2026-06-26 15:32:17'),
(76, 122, 'SATS-2026-000122', '{\"student_name\": \"Siphokazi Simelane\", \"score\": \"18/25\", \"percentage\": 72.00, \"grade\": \"B\", \"category\": \"Logical Reasoning\"}', 'https://chart.googleapis.com/chart?chs=150x150&cht=qr&chl=https%3A%2F%2Flocalhost%2Fsats%2Fverify_certificate.php%3Fcert_id%3DSATS-2026-000122&choe=UTF-8', '2026-06-29 15:32:17'),
(77, 123, 'SATS-2026-000123', '{\"student_name\": \"Siphokazi Simelane\", \"score\": \"18/25\", \"percentage\": 72.00, \"grade\": \"B\", \"category\": \"Verbal Ability\"}', 'https://chart.googleapis.com/chart?chs=150x150&cht=qr&chl=https%3A%2F%2Flocalhost%2Fsats%2Fverify_certificate.php%3Fcert_id%3DSATS-2026-000123&choe=UTF-8', '2026-06-26 15:32:17'),
(78, 124, 'SATS-2026-000124', '{\"student_name\": \"Siphokazi Simelane\", \"score\": \"20/25\", \"percentage\": 80.00, \"grade\": \"A\", \"category\": \"Data Interpretation\"}', 'https://chart.googleapis.com/chart?chs=150x150&cht=qr&chl=https%3A%2F%2Flocalhost%2Fsats%2Fverify_certificate.php%3Fcert_id%3DSATS-2026-000124&choe=UTF-8', '2026-06-28 15:32:17'),
(79, 125, 'SATS-2026-000125', '{\"student_name\": \"Siphokazi Simelane\", \"score\": \"22/25\", \"percentage\": 88.00, \"grade\": \"A\", \"category\": \"Analytical Reasoning\"}', 'https://chart.googleapis.com/chart?chs=150x150&cht=qr&chl=https%3A%2F%2Flocalhost%2Fsats%2Fverify_certificate.php%3Fcert_id%3DSATS-2026-000125&choe=UTF-8', '2026-06-27 15:32:17'),
(80, 46, 'SATS-2026-000046', '{\"student_name\": \"Nhlanhla Mkhonta\", \"score\": \"12/25\", \"percentage\": 48.00, \"grade\": \"F\", \"category\": \"Quantitative Aptitude\"}', 'https://chart.googleapis.com/chart?chs=150x150&cht=qr&chl=https%3A%2F%2Flocalhost%2Fsats%2Fverify_certificate.php%3Fcert_id%3DSATS-2026-000046&choe=UTF-8', '2026-06-29 15:32:17'),
(81, 47, 'SATS-2026-000047', '{\"student_name\": \"Nhlanhla Mkhonta\", \"score\": \"14/25\", \"percentage\": 56.00, \"grade\": \"D\", \"category\": \"Logical Reasoning\"}', 'https://chart.googleapis.com/chart?chs=150x150&cht=qr&chl=https%3A%2F%2Flocalhost%2Fsats%2Fverify_certificate.php%3Fcert_id%3DSATS-2026-000047&choe=UTF-8', '2026-07-02 15:32:17'),
(82, 48, 'SATS-2026-000048', '{\"student_name\": \"Nhlanhla Mkhonta\", \"score\": \"16/25\", \"percentage\": 64.00, \"grade\": \"C\", \"category\": \"Verbal Ability\"}', 'https://chart.googleapis.com/chart?chs=150x150&cht=qr&chl=https%3A%2F%2Flocalhost%2Fsats%2Fverify_certificate.php%3Fcert_id%3DSATS-2026-000048&choe=UTF-8', '2026-06-27 15:32:17'),
(83, 49, 'SATS-2026-000049', '{\"student_name\": \"Nhlanhla Mkhonta\", \"score\": \"13/25\", \"percentage\": 52.00, \"grade\": \"D\", \"category\": \"Data Interpretation\"}', 'https://chart.googleapis.com/chart?chs=150x150&cht=qr&chl=https%3A%2F%2Flocalhost%2Fsats%2Fverify_certificate.php%3Fcert_id%3DSATS-2026-000049&choe=UTF-8', '2026-06-25 15:32:17'),
(84, 50, 'SATS-2026-000050', '{\"student_name\": \"Nhlanhla Mkhonta\", \"score\": \"15/25\", \"percentage\": 60.00, \"grade\": \"C\", \"category\": \"Analytical Reasoning\"}', 'https://chart.googleapis.com/chart?chs=150x150&cht=qr&chl=https%3A%2F%2Flocalhost%2Fsats%2Fverify_certificate.php%3Fcert_id%3DSATS-2026-000050&choe=UTF-8', '2026-07-01 15:32:17'),
(85, 126, 'SATS-2026-000126', '{\"student_name\": \"Nhlanhla Mkhonta\", \"score\": \"14/25\", \"percentage\": 56.00, \"grade\": \"D\", \"category\": \"Quantitative Aptitude\"}', 'https://chart.googleapis.com/chart?chs=150x150&cht=qr&chl=https%3A%2F%2Flocalhost%2Fsats%2Fverify_certificate.php%3Fcert_id%3DSATS-2026-000126&choe=UTF-8', '2026-06-29 15:32:17'),
(86, 127, 'SATS-2026-000127', '{\"student_name\": \"Nhlanhla Mkhonta\", \"score\": \"15/25\", \"percentage\": 60.00, \"grade\": \"C\", \"category\": \"Logical Reasoning\"}', 'https://chart.googleapis.com/chart?chs=150x150&cht=qr&chl=https%3A%2F%2Flocalhost%2Fsats%2Fverify_certificate.php%3Fcert_id%3DSATS-2026-000127&choe=UTF-8', '2026-06-26 15:32:17'),
(87, 128, 'SATS-2026-000128', '{\"student_name\": \"Nhlanhla Mkhonta\", \"score\": \"11/25\", \"percentage\": 44.00, \"grade\": \"F\", \"category\": \"Verbal Ability\"}', 'https://chart.googleapis.com/chart?chs=150x150&cht=qr&chl=https%3A%2F%2Flocalhost%2Fsats%2Fverify_certificate.php%3Fcert_id%3DSATS-2026-000128&choe=UTF-8', '2026-06-30 15:32:17'),
(88, 129, 'SATS-2026-000129', '{\"student_name\": \"Nhlanhla Mkhonta\", \"score\": \"22/25\", \"percentage\": 88.00, \"grade\": \"A\", \"category\": \"Data Interpretation\"}', 'https://chart.googleapis.com/chart?chs=150x150&cht=qr&chl=https%3A%2F%2Flocalhost%2Fsats%2Fverify_certificate.php%3Fcert_id%3DSATS-2026-000129&choe=UTF-8', '2026-06-29 15:32:17'),
(89, 130, 'SATS-2026-000130', '{\"student_name\": \"Nhlanhla Mkhonta\", \"score\": \"23/25\", \"percentage\": 92.00, \"grade\": \"A\", \"category\": \"Analytical Reasoning\"}', 'https://chart.googleapis.com/chart?chs=150x150&cht=qr&chl=https%3A%2F%2Flocalhost%2Fsats%2Fverify_certificate.php%3Fcert_id%3DSATS-2026-000130&choe=UTF-8', '2026-06-30 15:32:17'),
(90, 51, 'SATS-2026-000051', '{\"student_name\": \"Lindiwe Shongwe\", \"score\": \"19/25\", \"percentage\": 76.00, \"grade\": \"B\", \"category\": \"Quantitative Aptitude\"}', 'https://chart.googleapis.com/chart?chs=150x150&cht=qr&chl=https%3A%2F%2Flocalhost%2Fsats%2Fverify_certificate.php%3Fcert_id%3DSATS-2026-000051&choe=UTF-8', '2026-06-30 15:32:17'),
(91, 52, 'SATS-2026-000052', '{\"student_name\": \"Lindiwe Shongwe\", \"score\": \"22/25\", \"percentage\": 88.00, \"grade\": \"A\", \"category\": \"Logical Reasoning\"}', 'https://chart.googleapis.com/chart?chs=150x150&cht=qr&chl=https%3A%2F%2Flocalhost%2Fsats%2Fverify_certificate.php%3Fcert_id%3DSATS-2026-000052&choe=UTF-8', '2026-06-27 15:32:17'),
(92, 53, 'SATS-2026-000053', '{\"student_name\": \"Lindiwe Shongwe\", \"score\": \"13/25\", \"percentage\": 52.00, \"grade\": \"D\", \"category\": \"Verbal Ability\"}', 'https://chart.googleapis.com/chart?chs=150x150&cht=qr&chl=https%3A%2F%2Flocalhost%2Fsats%2Fverify_certificate.php%3Fcert_id%3DSATS-2026-000053&choe=UTF-8', '2026-06-30 15:32:17'),
(93, 54, 'SATS-2026-000054', '{\"student_name\": \"Lindiwe Shongwe\", \"score\": \"21/25\", \"percentage\": 84.00, \"grade\": \"A\", \"category\": \"Data Interpretation\"}', 'https://chart.googleapis.com/chart?chs=150x150&cht=qr&chl=https%3A%2F%2Flocalhost%2Fsats%2Fverify_certificate.php%3Fcert_id%3DSATS-2026-000054&choe=UTF-8', '2026-06-27 15:32:17'),
(94, 55, 'SATS-2026-000055', '{\"student_name\": \"Lindiwe Shongwe\", \"score\": \"17/25\", \"percentage\": 68.00, \"grade\": \"B\", \"category\": \"Analytical Reasoning\"}', 'https://chart.googleapis.com/chart?chs=150x150&cht=qr&chl=https%3A%2F%2Flocalhost%2Fsats%2Fverify_certificate.php%3Fcert_id%3DSATS-2026-000055&choe=UTF-8', '2026-07-02 15:32:17'),
(95, 131, 'SATS-2026-000131', '{\"student_name\": \"Lindiwe Shongwe\", \"score\": \"21/25\", \"percentage\": 84.00, \"grade\": \"A\", \"category\": \"Quantitative Aptitude\"}', 'https://chart.googleapis.com/chart?chs=150x150&cht=qr&chl=https%3A%2F%2Flocalhost%2Fsats%2Fverify_certificate.php%3Fcert_id%3DSATS-2026-000131&choe=UTF-8', '2026-07-03 15:32:17'),
(96, 132, 'SATS-2026-000132', '{\"student_name\": \"Lindiwe Shongwe\", \"score\": \"19/25\", \"percentage\": 76.00, \"grade\": \"B\", \"category\": \"Logical Reasoning\"}', 'https://chart.googleapis.com/chart?chs=150x150&cht=qr&chl=https%3A%2F%2Flocalhost%2Fsats%2Fverify_certificate.php%3Fcert_id%3DSATS-2026-000132&choe=UTF-8', '2026-06-26 15:32:17'),
(97, 133, 'SATS-2026-000133', '{\"student_name\": \"Lindiwe Shongwe\", \"score\": \"8/25\", \"percentage\": 32.00, \"grade\": \"F\", \"category\": \"Verbal Ability\"}', 'https://chart.googleapis.com/chart?chs=150x150&cht=qr&chl=https%3A%2F%2Flocalhost%2Fsats%2Fverify_certificate.php%3Fcert_id%3DSATS-2026-000133&choe=UTF-8', '2026-06-29 15:32:17'),
(98, 134, 'SATS-2026-000134', '{\"student_name\": \"Lindiwe Shongwe\", \"score\": \"11/25\", \"percentage\": 44.00, \"grade\": \"F\", \"category\": \"Data Interpretation\"}', 'https://chart.googleapis.com/chart?chs=150x150&cht=qr&chl=https%3A%2F%2Flocalhost%2Fsats%2Fverify_certificate.php%3Fcert_id%3DSATS-2026-000134&choe=UTF-8', '2026-07-02 15:32:17'),
(99, 135, 'SATS-2026-000135', '{\"student_name\": \"Lindiwe Shongwe\", \"score\": \"21/25\", \"percentage\": 84.00, \"grade\": \"A\", \"category\": \"Analytical Reasoning\"}', 'https://chart.googleapis.com/chart?chs=150x150&cht=qr&chl=https%3A%2F%2Flocalhost%2Fsats%2Fverify_certificate.php%3Fcert_id%3DSATS-2026-000135&choe=UTF-8', '2026-06-29 15:32:17'),
(100, 56, 'SATS-2026-000056', '{\"student_name\": \"Bongani Mdluli\", \"score\": \"23/25\", \"percentage\": 92.00, \"grade\": \"A\", \"category\": \"Quantitative Aptitude\"}', 'https://chart.googleapis.com/chart?chs=150x150&cht=qr&chl=https%3A%2F%2Flocalhost%2Fsats%2Fverify_certificate.php%3Fcert_id%3DSATS-2026-000056&choe=UTF-8', '2026-06-26 15:32:17'),
(101, 57, 'SATS-2026-000057', '{\"student_name\": \"Bongani Mdluli\", \"score\": \"17/25\", \"percentage\": 68.00, \"grade\": \"B\", \"category\": \"Logical Reasoning\"}', 'https://chart.googleapis.com/chart?chs=150x150&cht=qr&chl=https%3A%2F%2Flocalhost%2Fsats%2Fverify_certificate.php%3Fcert_id%3DSATS-2026-000057&choe=UTF-8', '2026-07-01 15:32:17'),
(129, 571, 'SATS-COM-2026-000003', '\"{\\\"certificate_id\\\":\\\"SATS-COM-2026-000003\\\",\\\"student_name\\\":\\\"Thandeka Dlamini\\\",\\\"student_id\\\":\\\"SNHS-2024-001\\\",\\\"school\\\":\\\"Swazi National High School\\\",\\\"issue_date\\\":\\\"2026-07-05\\\",\\\"overall_score\\\":63.2,\\\"grade\\\":\\\"C\\\",\\\"verification_url\\\":\\\"http:\\\\\\/\\\\\\/localhost\\\\\\/aptitude-system\\\\\\/verify_certificate.php?cert_id=SATS-COM-2026-000003\\\"}\"', 'https://chart.googleapis.com/chart?chs=150x150&cht=qr&chl=http%3A%2F%2Flocalhost%2Faptitude-system%2Fverify_certificate.php%3Fcert_id%3DSATS-COM-2026-000003&choe=UTF-8', '2026-07-05 12:01:43'),
(130, 33, 'SATS-COM-2026-000007', '\"{\\\"certificate_id\\\":\\\"SATS-COM-2026-000007\\\",\\\"student_name\\\":\\\"Zanele Gamedze\\\",\\\"student_id\\\":\\\"SNHS-2024-005\\\",\\\"school\\\":\\\"Swazi National High School\\\",\\\"issue_date\\\":\\\"2026-07-04\\\",\\\"overall_score\\\":64.4,\\\"grade\\\":\\\"C\\\",\\\"verification_url\\\":\\\"http:\\\\\\/\\\\\\/localhost\\\\\\/aptitude-system\\\\\\/verify_certificate.php?cert_id=SATS-COM-2026-000007\\\"}\"', 'https://chart.googleapis.com/chart?chs=150x150&cht=qr&chl=http%3A%2F%2Flocalhost%2Faptitude-system%2Fverify_certificate.php%3Fcert_id%3DSATS-COM-2026-000007&choe=UTF-8', '2026-07-04 16:01:54'),
(131, 4, 'SATS-COM-2026-000001', '\"{\\\"certificate_id\\\":\\\"SATS-COM-2026-000001\\\",\\\"student_name\\\":\\\"lungelo Dlamini\\\",\\\"student_id\\\":\\\"101010\\\",\\\"school\\\":\\\"Velebantfu High School\\\",\\\"issue_date\\\":\\\"2026-07-05\\\",\\\"overall_score\\\":20.9,\\\"grade\\\":\\\"F\\\",\\\"verification_url\\\":\\\"http:\\\\\\/\\\\\\/localhost\\\\\\/aptitude-system\\\\\\/verify_certificate.php?cert_id=SATS-COM-2026-000001\\\"}\"', 'https://chart.googleapis.com/chart?chs=150x150&cht=qr&chl=http%3A%2F%2Flocalhost%2Faptitude-system%2Fverify_certificate.php%3Fcert_id%3DSATS-COM-2026-000001&choe=UTF-8', '2026-07-05 11:52:24'),
(132, 196, 'SATS-COM-2026-000024', '\"{\\\"certificate_id\\\":\\\"SATS-COM-2026-000024\\\",\\\"student_name\\\":\\\"Nonhlanhla Simelane\\\",\\\"student_id\\\":\\\"SNHS-2024-022\\\",\\\"school\\\":\\\"Swazi National High School\\\",\\\"issue_date\\\":\\\"2026-07-05\\\",\\\"overall_score\\\":80,\\\"grade\\\":\\\"A\\\",\\\"verification_url\\\":\\\"http:\\\\\\/\\\\\\/localhost\\\\\\/aptitude-system\\\\\\/verify_certificate.php?cert_id=SATS-COM-2026-000024\\\"}\"', 'https://chart.googleapis.com/chart?chs=150x150&cht=qr&chl=http%3A%2F%2Flocalhost%2Faptitude-system%2Fverify_certificate.php%3Fcert_id%3DSATS-COM-2026-000024&choe=UTF-8', '2026-07-05 13:33:08'),
(133, 1163, 'SATS-IND-2026-001163', '\"{\\\"certificate_id\\\":\\\"SATS-IND-2026-001163\\\",\\\"student_name\\\":\\\"lungelo Dlamini\\\",\\\"student_id\\\":\\\"101010\\\",\\\"school\\\":\\\"Velebantfu High School\\\",\\\"issue_date\\\":\\\"2026-07-05\\\",\\\"overall_score\\\":16.1,\\\"grade\\\":\\\"F\\\",\\\"verification_url\\\":\\\"http:\\\\\\/\\\\\\/localhost\\\\\\/aptitude-system\\\\\\/verify_certificate.php?cert_id=SATS-IND-2026-001163\\\"}\"', 'https://chart.googleapis.com/chart?chs=150x150&cht=qr&chl=http%3A%2F%2Flocalhost%2Faptitude-system%2Fverify_certificate.php%3Fcert_id%3DSATS-IND-2026-001163&choe=UTF-8', '2026-07-05 13:54:27'),
(134, 1165, 'SATS-IND-2026-000000', '{\"certificate_id\":\"SATS-IND-2026-000000\",\"student_name\":\"Lungelo Dlamini\",\"student_id\":\"202203681\",\"school\":\"Jerusalem High School\",\"issue_date\":\"2026-07-05\",\"overall_score\":57.4,\"grade\":\"D\",\"verification_url\":\"http:\\/\\/localhost\\/aptitude-system\\/verify_certificate.php?cert_id=SATS-IND-2026-000000\"}', 'https://chart.googleapis.com/chart?chs=150x150&cht=qr&chl=http%3A%2F%2Flocalhost%2Faptitude-system%2Fverify_certificate.php%3Fcert_id%3DSATS-IND-2026-000000&choe=UTF-8', '2026-07-05 17:39:49'),
(135, 1165, 'SATS-IND-2026-001165', '\"{\\\"certificate_id\\\":\\\"SATS-IND-2026-001165\\\",\\\"student_name\\\":\\\"lungelo Dlamini\\\",\\\"student_id\\\":\\\"101010\\\",\\\"school\\\":\\\"Velebantfu High School\\\",\\\"issue_date\\\":\\\"2026-07-05\\\",\\\"overall_score\\\":16.1,\\\"grade\\\":\\\"F\\\",\\\"verification_url\\\":\\\"http:\\\\\\/\\\\\\/localhost\\\\\\/aptitude-system\\\\\\/verify_certificate.php?cert_id=SATS-IND-2026-001165\\\"}\"', 'https://chart.googleapis.com/chart?chs=150x150&cht=qr&chl=http%3A%2F%2Flocalhost%2Faptitude-system%2Fverify_certificate.php%3Fcert_id%3DSATS-IND-2026-001165&choe=UTF-8', '2026-07-05 13:58:20'),
(136, 3, 'SATS-IND-2026-000003', '\"{\\\"certificate_id\\\":\\\"SATS-IND-2026-000003\\\",\\\"student_name\\\":\\\"lungelo Dlamini\\\",\\\"student_id\\\":\\\"101010\\\",\\\"school\\\":\\\"Velebantfu High School\\\",\\\"issue_date\\\":\\\"2026-07-05\\\",\\\"overall_score\\\":16.1,\\\"grade\\\":\\\"F\\\",\\\"verification_url\\\":\\\"http:\\\\\\/\\\\\\/localhost\\\\\\/aptitude-system\\\\\\/verify_certificate.php?cert_id=SATS-IND-2026-000003\\\"}\"', 'https://chart.googleapis.com/chart?chs=150x150&cht=qr&chl=http%3A%2F%2Flocalhost%2Faptitude-system%2Fverify_certificate.php%3Fcert_id%3DSATS-IND-2026-000003&choe=UTF-8', '2026-07-05 13:55:15'),
(137, 1164, 'SATS-IND-2026-001164', '\"{\\\"certificate_id\\\":\\\"SATS-IND-2026-001164\\\",\\\"student_name\\\":\\\"lungelo Dlamini\\\",\\\"student_id\\\":\\\"101010\\\",\\\"school\\\":\\\"Velebantfu High School\\\",\\\"issue_date\\\":\\\"2026-07-05\\\",\\\"overall_score\\\":16.1,\\\"grade\\\":\\\"F\\\",\\\"verification_url\\\":\\\"http:\\\\\\/\\\\\\/localhost\\\\\\/aptitude-system\\\\\\/verify_certificate.php?cert_id=SATS-IND-2026-001164\\\"}\"', 'https://chart.googleapis.com/chart?chs=150x150&cht=qr&chl=http%3A%2F%2Flocalhost%2Faptitude-system%2Fverify_certificate.php%3Fcert_id%3DSATS-IND-2026-001164&choe=UTF-8', '2026-07-05 13:58:30'),
(138, 583, 'SATS-IND-2026-000583', '{\"certificate_id\":\"SATS-IND-2026-000583\",\"student_name\":\"Lungelo Dlamini\",\"student_id\":\"202203681\",\"school\":\"Jerusalem High School\",\"issue_date\":\"2026-07-05\",\"overall_score\":57.4,\"grade\":\"D\",\"verification_url\":\"http:\\/\\/localhost\\/aptitude-system\\/verify_certificate.php?cert_id=SATS-IND-2026-000583\"}', 'https://chart.googleapis.com/chart?chs=150x150&cht=qr&chl=http%3A%2F%2Flocalhost%2Faptitude-system%2Fverify_certificate.php%3Fcert_id%3DSATS-IND-2026-000583&choe=UTF-8', '2026-07-05 17:39:43'),
(139, 586, 'SATS-IND-2026-000586', '{\"certificate_id\":\"SATS-IND-2026-000586\",\"student_name\":\"Lungelo Dlamini\",\"student_id\":\"202203681\",\"school\":\"Jerusalem High School\",\"issue_date\":\"2026-07-05\",\"overall_score\":57.4,\"grade\":\"D\",\"verification_url\":\"http:\\/\\/localhost\\/aptitude-system\\/verify_certificate.php?cert_id=SATS-IND-2026-000586\"}', 'https://chart.googleapis.com/chart?chs=150x150&cht=qr&chl=http%3A%2F%2Flocalhost%2Faptitude-system%2Fverify_certificate.php%3Fcert_id%3DSATS-IND-2026-000586&choe=UTF-8', '2026-07-05 17:27:40'),
(140, 582, 'SATS-IND-2026-000582', '\"{\\\"certificate_id\\\":\\\"SATS-IND-2026-000582\\\",\\\"student_name\\\":\\\"Lungelo Dlamini\\\",\\\"student_id\\\":\\\"202203681\\\",\\\"school\\\":\\\"Jerusalem High School\\\",\\\"issue_date\\\":\\\"2026-07-05\\\",\\\"overall_score\\\":56.7,\\\"grade\\\":\\\"D\\\",\\\"verification_url\\\":\\\"http:\\\\\\/\\\\\\/localhost\\\\\\/aptitude-system\\\\\\/verify_certificate.php?cert_id=SATS-IND-2026-000582\\\"}\"', 'https://chart.googleapis.com/chart?chs=150x150&cht=qr&chl=http%3A%2F%2Flocalhost%2Faptitude-system%2Fverify_certificate.php%3Fcert_id%3DSATS-IND-2026-000582&choe=UTF-8', '2026-07-05 16:23:05'),
(141, 87, 'SATS-IND-2026-000087', '{\"certificate_id\":\"SATS-IND-2026-000087\",\"student_name\":\"Lungelo Dlamini\",\"student_id\":\"202203681\",\"school\":\"Jerusalem High School\",\"issue_date\":\"2026-07-06\",\"overall_score\":57.4,\"grade\":\"D\",\"verification_url\":\"http:\\/\\/localhost\\/aptitude-system\\/verify_certificate.php?cert_id=SATS-IND-2026-000087\"}', 'https://chart.googleapis.com/chart?chs=150x150&cht=qr&chl=http%3A%2F%2Flocalhost%2Faptitude-system%2Fverify_certificate.php%3Fcert_id%3DSATS-IND-2026-000087&choe=UTF-8', '2026-07-06 13:20:31'),
(142, 1166, 'SATS-IND-2026-001166', '{\"certificate_id\":\"SATS-IND-2026-001166\",\"student_name\":\"Lungelo Dlamini\",\"student_id\":\"202203681\",\"school\":\"Jerusalem High School\",\"issue_date\":\"2026-07-06\",\"overall_score\":57.4,\"grade\":\"D\",\"verification_url\":\"http:\\/\\/localhost\\/aptitude-system\\/verify_certificate.php?cert_id=SATS-IND-2026-001166\"}', 'https://chart.googleapis.com/chart?chs=150x150&cht=qr&chl=http%3A%2F%2Flocalhost%2Faptitude-system%2Fverify_certificate.php%3Fcert_id%3DSATS-IND-2026-001166&choe=UTF-8', '2026-07-06 12:38:22'),
(143, 1167, 'SATS-IND-2026-001167', '\"{\\\"certificate_id\\\":\\\"SATS-IND-2026-001167\\\",\\\"student_name\\\":\\\"Nompumelelo Sibandze\\\",\\\"student_id\\\":\\\"SNHS-2024-003\\\",\\\"school\\\":\\\"Swazi National High School\\\",\\\"issue_date\\\":\\\"2026-07-05\\\",\\\"overall_score\\\":64,\\\"grade\\\":\\\"C\\\",\\\"verification_url\\\":\\\"http:\\\\\\/\\\\\\/localhost\\\\\\/aptitude-system\\\\\\/verify_certificate.php?cert_id=SATS-IND-2026-001167\\\"}\"', 'https://chart.googleapis.com/chart?chs=150x150&cht=qr&chl=http%3A%2F%2Flocalhost%2Faptitude-system%2Fverify_certificate.php%3Fcert_id%3DSATS-IND-2026-001167&choe=UTF-8', '2026-07-05 16:48:05'),
(144, 6, 'SATS-IND-2026-000006', '{\"certificate_id\":\"SATS-IND-2026-000006\",\"student_name\":\"Lungelo Dlamini\",\"student_id\":\"202203681\",\"school\":\"Jerusalem High School\",\"issue_date\":\"2026-07-05\",\"overall_score\":57.4,\"grade\":\"D\",\"verification_url\":\"http:\\/\\/localhost\\/aptitude-system\\/verify_certificate.php?cert_id=SATS-IND-2026-000006\"}', 'https://chart.googleapis.com/chart?chs=150x150&cht=qr&chl=http%3A%2F%2Flocalhost%2Faptitude-system%2Fverify_certificate.php%3Fcert_id%3DSATS-IND-2026-000006&choe=UTF-8', '2026-07-05 17:19:30');

-- --------------------------------------------------------

--
-- Table structure for table `offline_queue`
--

CREATE TABLE `offline_queue` (
  `id` int(11) NOT NULL,
  `user_id` int(11) DEFAULT NULL,
  `action_type` varchar(50) DEFAULT NULL,
  `data` longtext CHARACTER SET utf8mb4 COLLATE utf8mb4_bin DEFAULT NULL CHECK (json_valid(`data`)),
  `synced` tinyint(1) DEFAULT 0,
  `created_at` timestamp NOT NULL DEFAULT current_timestamp()
) ENGINE=InnoDB DEFAULT CHARSET=utf8mb4 COLLATE=utf8mb4_general_ci;

-- --------------------------------------------------------

--
-- Table structure for table `questions`
--

CREATE TABLE `questions` (
  `id` int(11) NOT NULL,
  `category` varchar(100) NOT NULL,
  `topic` varchar(100) NOT NULL,
  `sub_domain` varchar(100) DEFAULT NULL,
  `question` text NOT NULL,
  `option_a` varchar(500) NOT NULL,
  `option_b` varchar(500) NOT NULL,
  `option_c` varchar(500) NOT NULL,
  `option_d` varchar(500) NOT NULL,
  `correct_answer` varchar(500) NOT NULL,
  `difficulty` decimal(5,2) DEFAULT 0.00,
  `discrimination` decimal(5,2) DEFAULT 1.00,
  `explanation` text DEFAULT NULL,
  `active` tinyint(1) DEFAULT 1,
  `created_at` timestamp NOT NULL DEFAULT current_timestamp()
) ENGINE=InnoDB DEFAULT CHARSET=utf8mb4 COLLATE=utf8mb4_general_ci;

--
-- Dumping data for table `questions`
--

INSERT INTO `questions` (`id`, `category`, `topic`, `sub_domain`, `question`, `option_a`, `option_b`, `option_c`, `option_d`, `correct_answer`, `difficulty`, `discrimination`, `explanation`, `active`, `created_at`) VALUES
(1, 'Quantitative Aptitude', 'Percentages', 'Percentage Calculations', 'If 20% of a number is 60, what is the number?', '200', '300', '400', '500', '300', -1.20, 1.00, '20% = 60, so 100% = 60 × 5 = 300', 1, '2026-03-25 11:50:15'),
(2, 'Quantitative Aptitude', 'Percentages', 'Percentage Change', 'A shirt originally costing $80 is on sale at 25% off. What is the sale price?', '$55', '$60', '$65', '$70', '$60', -0.80, 1.00, '25% of 80 = 20, so 80 - 20 = 60', 1, '2026-03-25 11:50:15'),
(3, 'Quantitative Aptitude', 'Percentages', 'Profit and Loss', 'A trader buys goods for $200 and sells them for $250. What is the profit percentage?', '20%', '25%', '30%', '35%', '25%', -0.50, 1.00, 'Profit = 50, Profit% = (50/200) × 100 = 25%', 1, '2026-03-25 11:50:15'),
(4, 'Quantitative Aptitude', 'Percentages', 'Compound Interest', 'What is the compound interest on $1000 at 10% per annum for 2 years?', '$200', '$210', '$220', '$230', '$210', 0.20, 1.00, 'A = 1000(1.1)² = 1210, CI = 210', 1, '2026-03-25 11:50:15'),
(5, 'Quantitative Aptitude', 'Algebra', 'Linear Equations', 'Solve for x: 2x + 5 = 15', '3', '4', '5', '6', '5', -1.00, 1.00, '2x = 10, x = 5', 1, '2026-03-25 11:50:15'),
(6, 'Quantitative Aptitude', 'Algebra', 'Quadratic Equations', 'What are the roots of x² - 5x + 6 = 0?', '2,3', '1,6', '-2,-3', '2,-3', '2,3', 0.50, 1.00, '(x-2)(x-3)=0, so x=2 or x=3', 1, '2026-03-25 11:50:15'),
(7, 'Quantitative Aptitude', 'Algebra', 'Simultaneous Equations', 'Solve: x + y = 10, x - y = 4', 'x=7,y=3', 'x=6,y=4', 'x=8,y=2', 'x=5,y=5', 'x=7,y=3', 0.80, 1.00, 'Adding equations: 2x=14, x=7, y=3', 1, '2026-03-25 11:50:15'),
(8, 'Quantitative Aptitude', 'Ratios', 'Ratio Problems', 'If a:b = 2:3 and b:c = 4:5, find a:c', '8:15', '2:5', '4:9', '8:12', '8:15', 1.00, 1.00, 'a:b = 2:3 = 8:12, b:c = 4:5 = 12:15, so a:c = 8:15', 1, '2026-03-25 11:50:15'),
(9, 'Quantitative Aptitude', 'Ratios', 'Proportion', 'If 5 workers can complete a job in 12 days, how many days will 10 workers take?', '4 days', '5 days', '6 days', '8 days', '6 days', -0.20, 1.00, 'Workers × Days = constant, 5×12=60, 10×d=60, d=6', 1, '2026-03-25 11:50:15'),
(10, 'Quantitative Aptitude', 'Averages', 'Mean', 'Find the average of 10, 20, 30, 40, 50', '25', '30', '35', '40', '30', -1.20, 1.00, 'Sum = 150, count = 5, average = 30', 1, '2026-03-25 11:50:15'),
(11, 'Quantitative Aptitude', 'Averages', 'Weighted Average', 'A student scores 80 in Math (weight 3) and 90 in Science (weight 2). Find weighted average.', '82', '84', '86', '88', '84', 0.00, 1.00, '(80×3 + 90×2) / 5 = (240+180)/5 = 420/5 = 84', 1, '2026-03-25 11:50:15'),
(12, 'Quantitative Aptitude', 'Simple Interest', 'Interest Calculation', 'Find simple interest on $500 at 5% for 3 years', '$50', '$75', '$100', '$125', '$75', -0.80, 1.00, 'SI = P×R×T/100 = 500×5×3/100 = 75', 1, '2026-03-25 11:50:15'),
(13, 'Quantitative Aptitude', 'Geometry', 'Area of Circle', 'Find the area of a circle with radius 7 cm (π=22/7)', '154 cm²', '144 cm²', '164 cm²', '174 cm²', '154 cm²', 0.20, 1.00, 'Area = πr² = 22/7 × 7 × 7 = 154', 1, '2026-03-25 11:50:15'),
(14, 'Quantitative Aptitude', 'Geometry', 'Pythagoras Theorem', 'In a right triangle, legs are 3 and 4. Find hypotenuse.', '5', '6', '7', '8', '5', -1.00, 1.00, 'Hypotenuse = √(3²+4²)=√25=5', 1, '2026-03-25 11:50:15'),
(15, 'Quantitative Aptitude', 'Data Interpretation', 'Bar Graph', 'A bar graph shows sales: Jan=100, Feb=150, Mar=200. What is average monthly sales?', '100', '125', '150', '175', '150', 0.50, 1.00, 'Average = (100+150+200)/3 = 450/3 = 150', 1, '2026-03-25 11:50:15'),
(16, 'Quantitative Aptitude', 'Data Interpretation', 'Percentage from Graph', 'If total sales = 500, and product A sales = 125, what percentage is product A?', '20%', '25%', '30%', '35%', '25%', 0.00, 1.00, '(125/500) × 100 = 25%', 1, '2026-03-25 11:50:15'),
(17, 'Quantitative Aptitude', 'Advanced Math', 'Probability', 'What is probability of getting heads on a coin toss?', '1/3', '1/2', '2/3', '1/4', '1/2', -1.00, 1.00, 'Two outcomes, one favorable', 1, '2026-03-25 11:50:15'),
(18, 'Quantitative Aptitude', 'Advanced Math', 'Permutations', 'How many ways to arrange letters of \"CAT\"?', '3', '4', '5', '6', '6', 0.50, 1.00, '3! = 6 arrangements', 1, '2026-03-25 11:50:15'),
(19, 'Quantitative Aptitude', 'Advanced Math', 'Combinations', 'How many ways to choose 2 from 4 items?', '4', '6', '8', '12', '6', 0.80, 1.00, 'C(4,2) = 6', 1, '2026-03-25 11:50:15'),
(20, 'Logical Reasoning', 'Number Series', 'Pattern Recognition', 'Find the next number: 2, 4, 8, 16, ?', '24', '28', '30', '32', '32', -1.00, 1.00, 'Each number is multiplied by 2', 1, '2026-03-25 11:50:15'),
(21, 'Logical Reasoning', 'Number Series', 'Arithmetic Sequence', 'Find the next number: 5, 10, 15, 20, ?', '22', '23', '24', '25', '25', -1.20, 1.00, 'Add 5 each time', 1, '2026-03-25 11:50:15'),
(22, 'Logical Reasoning', 'Number Series', 'Geometric Sequence', 'Find the next number: 81, 27, 9, 3, ?', '0', '1', '2', '3', '1', -0.50, 1.00, 'Divide by 3 each time', 1, '2026-03-25 11:50:15'),
(23, 'Logical Reasoning', 'Number Series', 'Fibonacci Pattern', 'Find the next number: 1, 1, 2, 3, 5, ?', '6', '7', '8', '9', '8', 0.20, 1.00, 'Add previous two numbers: 3+5=8', 1, '2026-03-25 11:50:15'),
(24, 'Logical Reasoning', 'Blood Relations', 'Family Tree', 'A is the father of B. C is the mother of B. What is C to A?', 'Sister', 'Wife', 'Daughter', 'Mother', 'Wife', -0.50, 1.00, 'Parents of B: A is father, C is mother, so C is wife of A', 1, '2026-03-25 11:50:15'),
(25, 'Logical Reasoning', 'Blood Relations', 'Cousin Relations', 'Your mother\'s brother is your...', 'Uncle', 'Aunt', 'Cousin', 'Grandfather', 'Uncle', -0.20, 1.00, 'Mother\'s brother is maternal uncle', 1, '2026-03-25 11:50:15'),
(26, 'Logical Reasoning', 'Blood Relations', 'Grandparent Relation', 'Your father\'s father is your...', 'Uncle', 'Grandfather', 'Cousin', 'Brother', 'Grandfather', -0.80, 1.00, 'Father\'s father is paternal grandfather', 1, '2026-03-25 11:50:15'),
(27, 'Logical Reasoning', 'Coding-Decoding', 'Letter Coding', 'If CAT is coded as DBU, how is DOG coded?', 'EPH', 'EPI', 'EPJ', 'EPK', 'EPH', 0.50, 1.00, 'Each letter moves +1 position', 1, '2026-03-25 11:50:15'),
(28, 'Logical Reasoning', 'Coding-Decoding', 'Number Coding', 'If 123 = 6, 234 = 9, then 345 = ?', '10', '11', '12', '13', '12', 0.80, 1.00, 'Sum of digits: 1+2+3=6, 2+3+4=9, 3+4+5=12', 1, '2026-03-25 11:50:15'),
(29, 'Logical Reasoning', 'Direction Sense', 'North-South', 'A person walks 10m North, then 10m East, then 10m South. Where is he from start?', '5m East', '10m East', '10m West', 'Start point', '10m East', 0.00, 1.00, 'Net displacement: 10m East', 1, '2026-03-25 11:50:15'),
(30, 'Logical Reasoning', 'Direction Sense', 'Turns', 'If you face North and turn 90° clockwise, which direction do you face?', 'North', 'East', 'South', 'West', 'East', -1.00, 1.00, 'Clockwise from North = East', 1, '2026-03-25 11:50:15'),
(31, 'Logical Reasoning', 'Analogy', 'Word Analogy', 'Doctor : Hospital :: Teacher : ?', 'School', 'Office', 'Bank', 'Market', 'School', -0.80, 1.00, 'Doctor works in hospital, teacher works in school', 1, '2026-03-25 11:50:15'),
(32, 'Logical Reasoning', 'Analogy', 'Number Analogy', '3:9 :: 4:?', '12', '14', '16', '18', '16', 0.20, 1.00, '3²=9, 4²=16', 1, '2026-03-25 11:50:15'),
(33, 'Logical Reasoning', 'Odd One Out', 'Classification', 'Which is the odd one out? Apple, Orange, Banana, Carrot', 'Apple', 'Orange', 'Banana', 'Carrot', 'Carrot', -0.50, 1.00, 'Carrot is a vegetable, others are fruits', 1, '2026-03-25 11:50:15'),
(34, 'Logical Reasoning', 'Odd One Out', 'Number Classification', 'Which is odd? 2, 4, 6, 9', '2', '4', '6', '9', '9', -0.80, 1.00, '9 is odd, others are even', 1, '2026-03-25 11:50:15'),
(35, 'Logical Reasoning', 'Analytical Reasoning', 'Syllogisms', 'All cats are mammals. Some mammals are dogs. Which is true?', 'Some cats are dogs', 'All dogs are cats', 'Some mammals are cats', 'No conclusion', 'Some mammals are cats', 1.00, 1.00, 'From statements: cats are subset of mammals', 1, '2026-03-25 11:50:15'),
(36, 'Logical Reasoning', 'Analytical Reasoning', 'Logical Deduction', 'If it rains, ground gets wet. Ground is wet. What can we conclude?', 'It rained', 'It may have rained', 'It didn\'t rain', 'Ground is dry', 'It may have rained', 0.80, 1.00, 'Wet ground could be from other causes', 1, '2026-03-25 11:50:15'),
(37, 'Logical Reasoning', 'Analytical Reasoning', 'Assumptions', 'Statement: \"Use XYZ brand for better results.\" Assumption?', 'XYZ is cheap', 'Other brands are bad', 'Results can improve', 'Everyone uses XYZ', 'Results can improve', 0.50, 1.00, 'The claim implies results can improve', 1, '2026-03-25 11:50:15'),
(38, 'Verbal Ability', 'Synonyms', 'Vocabulary', 'What is the synonym of \"Happy\"?', 'Sad', 'Angry', 'Joyful', 'Tired', 'Joyful', -1.00, 1.00, 'Happy means joyful', 1, '2026-03-25 11:50:15'),
(39, 'Verbal Ability', 'Synonyms', 'Advanced Vocabulary', 'What is the synonym of \"Benevolent\"?', 'Cruel', 'Kind', 'Selfish', 'Greedy', 'Kind', 0.20, 1.00, 'Benevolent means kind and generous', 1, '2026-03-25 11:50:15'),
(40, 'Verbal Ability', 'Synonyms', 'Formal Vocabulary', 'What is the synonym of \"Commence\"?', 'End', 'Start', 'Stop', 'Pause', 'Start', -0.20, 1.00, 'Commence means begin or start', 1, '2026-03-25 11:50:15'),
(41, 'Verbal Ability', 'Antonyms', 'Opposites', 'What is the antonym of \"Dark\"?', 'Night', 'Black', 'Light', 'Shadow', 'Light', -1.00, 1.00, 'Dark opposite is light', 1, '2026-03-25 11:50:15'),
(42, 'Verbal Ability', 'Antonyms', 'Complex Opposites', 'What is the antonym of \"Artificial\"?', 'Fake', 'Real', 'Synthetic', 'Man-made', 'Real', 0.50, 1.00, 'Artificial means not real, opposite is real', 1, '2026-03-25 11:50:15'),
(43, 'Verbal Ability', 'Antonyms', 'Advanced Antonyms', 'What is the antonym of \"Explicit\"?', 'Clear', 'Obvious', 'Vague', 'Direct', 'Vague', 0.80, 1.00, 'Explicit means clearly stated, opposite is vague', 1, '2026-03-25 11:50:15'),
(44, 'Verbal Ability', 'Spellings', 'Common Misspellings', 'Which is the correct spelling?', 'Recieve', 'Receive', 'Receeve', 'Receeve', 'Receive', -0.80, 1.00, 'Correct spelling: Receive (i before e except after c)', 1, '2026-03-25 11:50:15'),
(45, 'Verbal Ability', 'Spellings', 'Difficult Words', 'Which is the correct spelling?', 'Accommodate', 'Acommodate', 'Accommodate', 'Acomodate', 'Accommodate', 0.00, 1.00, 'Accommodate has double c and double m', 1, '2026-03-25 11:50:15'),
(46, 'Verbal Ability', 'Spellings', 'Advanced Words', 'Which is the correct spelling?', 'Neccessary', 'Necessary', 'Neccessery', 'Necessery', 'Necessary', 0.30, 1.00, 'Correct spelling: Necessary (one c, double s)', 1, '2026-03-25 11:50:15'),
(47, 'Verbal Ability', 'Sentence Completion', 'Grammar', 'She _____ to school every day.', 'go', 'goes', 'going', 'went', 'goes', -0.50, 1.00, 'Present tense, third person singular', 1, '2026-03-25 11:50:15'),
(48, 'Verbal Ability', 'Sentence Completion', 'Vocabulary in Context', 'The weather was _____; we had to cancel the picnic.', 'beautiful', 'sunny', 'terrible', 'pleasant', 'terrible', -0.20, 1.00, 'Canceling picnic implies bad weather', 1, '2026-03-25 11:50:15'),
(49, 'Verbal Ability', 'Sentence Completion', 'Advanced Context', 'His _____ remarks offended everyone in the room.', 'tactful', 'diplomatic', 'insulting', 'polite', 'insulting', 0.50, 1.00, 'Offending implies insulting remarks', 1, '2026-03-25 11:50:15'),
(50, 'Verbal Ability', 'Idioms', 'Common Idioms', 'What does \"break the ice\" mean?', 'Start a conversation', 'Break something', 'Freeze water', 'End a fight', 'Start a conversation', -0.50, 1.00, 'Break the ice means to start conversation', 1, '2026-03-25 11:50:15'),
(51, 'Verbal Ability', 'Idioms', 'Business Idioms', 'What does \"think outside the box\" mean?', 'Think creatively', 'Think inside', 'Think normally', 'Think slowly', 'Think creatively', 0.20, 1.00, 'Think outside the box means creative thinking', 1, '2026-03-25 11:50:15'),
(52, 'Verbal Ability', 'Parts of Speech', 'Nouns', 'Which word is a noun?', 'Run', 'Beautiful', 'Happiness', 'Quickly', 'Happiness', -0.80, 1.00, 'Happiness is a noun (abstract)', 1, '2026-03-25 11:50:15'),
(53, 'Verbal Ability', 'Parts of Speech', 'Verbs', 'Which word is a verb?', 'Beautiful', 'Running', 'Quickly', 'Happiness', 'Running', -0.50, 1.00, 'Running is a verb (action word)', 1, '2026-03-25 11:50:15'),
(54, 'Verbal Ability', 'Critical Reasoning', 'Strengthening Arguments', 'Which strengthens \"Exercise improves health\"?', 'Exercise causes injuries', 'Studies show fit people live longer', 'Exercise is expensive', 'People dislike exercise', 'Studies show fit people live longer', 0.50, 1.00, 'Evidence of longer life supports claim', 1, '2026-03-25 11:50:15'),
(55, 'Data Interpretation', 'Bar Graphs', NULL, 'A bar graph shows sales: Jan=100, Feb=150, Mar=200. What is total sales?', '350', '400', '450', '500', '450', -0.50, 1.00, NULL, 1, '2026-07-05 08:19:21'),
(56, 'Data Interpretation', 'Bar Graphs', NULL, 'In a bar graph, Product A = 40%, Product B = 35%, Product C = 25%. What is the difference between A and B?', '3%', '5%', '7%', '10%', '5%', -0.30, 1.00, NULL, 1, '2026-07-05 08:19:21'),
(57, 'Data Interpretation', 'Line Graphs', NULL, 'A line graph shows temperature: 8am=20°, 12pm=30°, 4pm=25°. What is the highest temperature?', '20°', '25°', '30°', '35°', '30°', -0.80, 1.00, NULL, 1, '2026-07-05 08:19:21'),
(58, 'Data Interpretation', 'Line Graphs', NULL, 'If a line graph shows profit increasing from $100 to $150, what is the percentage increase?', '30%', '40%', '50%', '60%', '50%', 0.20, 1.00, NULL, 1, '2026-07-05 08:19:21'),
(59, 'Data Interpretation', 'Pie Charts', NULL, 'A pie chart shows expenses: Rent=40%, Food=30%, Transport=20%, Others=10%. What percentage is spent on Rent and Food together?', '50%', '60%', '70%', '80%', '70%', -0.60, 1.00, NULL, 1, '2026-07-05 08:19:21'),
(60, 'Data Interpretation', 'Pie Charts', NULL, 'In a pie chart, a sector of 90° represents what percentage?', '15%', '20%', '25%', '30%', '25%', -0.40, 1.00, NULL, 1, '2026-07-05 08:19:21'),
(61, 'Data Interpretation', 'Tables', NULL, 'A table shows: Year 2020=500, 2021=600, 2022=750. What is the average?', '600', '616', '625', '650', '616', 0.10, 1.00, NULL, 1, '2026-07-05 08:19:21'),
(62, 'Data Interpretation', 'Tables', NULL, 'From a data table, sales increased from 200 to 300. Find the growth rate.', '40%', '50%', '60%', '70%', '50%', 0.00, 1.00, NULL, 1, '2026-07-05 08:19:21'),
(63, 'Data Interpretation', 'Charts', NULL, 'If 25% of 200 respondents chose option A, how many chose A?', '40', '50', '60', '70', '50', -0.90, 1.00, NULL, 1, '2026-07-05 08:19:21'),
(64, 'Data Interpretation', 'Graphs', NULL, 'A graph shows values: Q1=100, Q2=150, Q3=200, Q4=250. What is the trend?', 'Decreasing', 'Constant', 'Increasing', 'Fluctuating', 'Increasing', -0.70, 1.00, NULL, 1, '2026-07-05 08:19:21'),
(65, 'Analytical Reasoning', 'Syllogisms', NULL, 'All cats are mammals. Some mammals are dogs. Which is true?', 'Some cats are dogs', 'All dogs are cats', 'Some mammals are cats', 'No conclusion', 'Some mammals are cats', 1.00, 1.00, NULL, 1, '2026-07-05 08:19:21'),
(66, 'Analytical Reasoning', 'Syllogisms', NULL, 'All flowers are beautiful. Roses are flowers. Conclusion?', 'Roses are beautiful', 'All beautiful are roses', 'No conclusion', 'Some roses are not flowers', 'Roses are beautiful', -0.50, 1.00, NULL, 1, '2026-07-05 08:19:21'),
(67, 'Analytical Reasoning', 'Logical Deductions', NULL, 'If it rains, ground gets wet. Ground is wet. Conclusion?', 'It rained', 'It may have rained', 'It didn\'t rain', 'Ground is dry', 'It may have rained', 0.80, 1.00, NULL, 1, '2026-07-05 08:19:21'),
(68, 'Analytical Reasoning', 'Logical Deductions', NULL, 'All men are mortal. Socrates is a man. Therefore?', 'Socrates is mortal', 'Socrates is immortal', 'All mortals are men', 'No conclusion', 'Socrates is mortal', -0.80, 1.00, NULL, 1, '2026-07-05 08:19:21'),
(69, 'Analytical Reasoning', 'Assumptions', NULL, 'Statement: \"Use XYZ brand.\" Assumption?', 'XYZ is cheap', 'Other brands are bad', 'Results can improve', 'Everyone uses XYZ', 'Results can improve', 0.50, 1.00, NULL, 1, '2026-07-05 08:19:21'),
(70, 'Analytical Reasoning', 'Assumptions', NULL, 'Statement: \"Practice makes perfect.\" Assumption?', 'Practice is easy', 'Perfection is possible', 'Everyone practices', 'Perfect is impossible', 'Perfection is possible', -0.30, 1.00, NULL, 1, '2026-07-05 08:19:21'),
(71, 'Analytical Reasoning', 'Course of Action', NULL, 'Traffic congestion is increasing. Action?', 'Build more roads', 'Do nothing', 'Ban all vehicles', 'Increase speed limits', 'Build more roads', -0.20, 1.00, NULL, 1, '2026-07-05 08:19:21'),
(72, 'Analytical Reasoning', 'Course of Action', NULL, 'Students are failing exams. Action?', 'Ignore the problem', 'Improve teaching methods', 'Make exams harder', 'Cancel all exams', 'Improve teaching methods', -0.60, 1.00, NULL, 1, '2026-07-05 08:19:21'),
(73, 'Spatial Reasoning', 'Mirror Images', NULL, 'What is the mirror image of LETTER \"A\"?', 'A reversed', 'A upside down', 'Same A', 'Rotated A', 'A reversed', 0.50, 1.00, NULL, 1, '2026-07-05 08:19:21'),
(74, 'Spatial Reasoning', 'Mirror Images', NULL, 'Mirror image of \"B\" looks like?', 'B', 'Ɛ', '8', 'D', 'Ɛ', 0.80, 1.00, NULL, 1, '2026-07-05 08:19:21'),
(75, 'Spatial Reasoning', 'Rotation', NULL, 'A square rotated 90° becomes?', 'Square', 'Rectangle', 'Rhombus', 'Circle', 'Square', -0.50, 1.00, NULL, 1, '2026-07-05 08:19:21'),
(76, 'Spatial Reasoning', 'Rotation', NULL, 'Triangle rotated 180° becomes?', 'Same triangle', 'Inverted triangle', 'Square', 'Circle', 'Inverted triangle', 0.20, 1.00, NULL, 1, '2026-07-05 08:19:21'),
(77, 'Spatial Reasoning', 'Paper Folding', NULL, 'Paper folded in half has how many layers?', '1', '2', '3', '4', '2', -0.90, 1.00, NULL, 1, '2026-07-05 08:19:21'),
(78, 'Spatial Reasoning', 'Paper Folding', NULL, 'Paper folded twice has how many layers?', '2', '3', '4', '5', '4', -0.70, 1.00, NULL, 1, '2026-07-05 08:19:21'),
(79, 'Spatial Reasoning', 'Pattern Completion', NULL, 'Completing a 3x3 grid pattern requires?', 'Pattern recognition', 'Random guess', 'Same shape', 'Different color', 'Pattern recognition', -0.40, 1.00, NULL, 1, '2026-07-05 08:19:21'),
(80, 'Spatial Reasoning', 'Pattern Completion', NULL, 'In a sequence of shapes, the next shape follows a?', 'Random rule', 'Mathematical rule', 'Visual rule', 'No rule', 'Visual rule', -0.60, 1.00, NULL, 1, '2026-07-05 08:19:21'),
(81, 'Mechanical Reasoning', 'Gears', NULL, 'When two gears mesh, they rotate in?', 'Same direction', 'Opposite direction', 'Random direction', 'No movement', 'Opposite direction', 0.30, 1.00, NULL, 1, '2026-07-05 08:19:21'),
(82, 'Mechanical Reasoning', 'Gears', NULL, 'If a small gear drives a larger gear, the larger gear rotates?', 'Faster', 'Slower', 'Same speed', 'Stops', 'Slower', 0.00, 1.00, NULL, 1, '2026-07-05 08:19:21'),
(83, 'Mechanical Reasoning', 'Pulleys', NULL, 'A single fixed pulley changes?', 'Speed', 'Direction of force', 'Force magnitude', 'Both speed and force', 'Direction of force', 0.50, 1.00, NULL, 1, '2026-07-05 08:19:21'),
(84, 'Mechanical Reasoning', 'Pulleys', NULL, 'A movable pulley provides?', 'Speed advantage', 'Mechanical advantage', 'No advantage', 'Direction change', 'Mechanical advantage', 0.70, 1.00, NULL, 1, '2026-07-05 08:19:21'),
(85, 'Mechanical Reasoning', 'Levers', NULL, 'In a first-class lever, the fulcrum is?', 'At one end', 'In the middle', 'Between load and effort', 'At the load', 'Between load and effort', -0.20, 1.00, NULL, 1, '2026-07-05 08:19:21'),
(86, 'Mechanical Reasoning', 'Levers', NULL, 'A seesaw is an example of?', 'First-class lever', 'Second-class lever', 'Third-class lever', 'Wheel and axle', 'First-class lever', -0.50, 1.00, NULL, 1, '2026-07-05 08:19:21'),
(87, 'Mechanical Reasoning', 'Springs', NULL, 'A spring stretched more will have?', 'Less force', 'More force', 'Same force', 'No force', 'More force', -0.30, 1.00, NULL, 1, '2026-07-05 08:19:21'),
(88, 'Mechanical Reasoning', 'Springs', NULL, 'Hooke\'s Law states force is proportional to?', 'Mass', 'Extension', 'Volume', 'Density', 'Extension', 0.40, 1.00, NULL, 1, '2026-07-05 08:19:21'),
(89, 'Abstract Reasoning', 'Pattern Recognition', NULL, 'Find the pattern: 2, 4, 8, 16, ?', '24', '28', '30', '32', '32', -0.80, 1.00, NULL, 1, '2026-07-05 08:19:21'),
(90, 'Abstract Reasoning', 'Pattern Recognition', NULL, 'Complete: A, C, E, G, ?', 'H', 'I', 'J', 'K', 'I', -0.60, 1.00, NULL, 1, '2026-07-05 08:19:21'),
(91, 'Abstract Reasoning', 'Analogies', NULL, 'Square : Cube :: Circle : ?', 'Sphere', 'Cylinder', 'Cone', 'Pyramid', 'Sphere', 0.30, 1.00, NULL, 1, '2026-07-05 08:19:21'),
(92, 'Abstract Reasoning', 'Analogies', NULL, 'Pencil : Write :: Scissors : ?', 'Paper', 'Cut', 'Draw', 'Paint', 'Cut', -0.40, 1.00, NULL, 1, '2026-07-05 08:19:21'),
(93, 'Abstract Reasoning', 'Odd One Out', NULL, 'Which is different? Apple, Orange, Banana, Carrot', 'Apple', 'Orange', 'Banana', 'Carrot', 'Carrot', -0.70, 1.00, NULL, 1, '2026-07-05 08:19:21'),
(94, 'Abstract Reasoning', 'Odd One Out', NULL, 'Which number is odd? 2, 4, 6, 9', '2', '4', '6', '9', '9', -0.90, 1.00, NULL, 1, '2026-07-05 08:19:21'),
(95, 'Abstract Reasoning', 'Series Completion', NULL, 'Complete: 1, 1, 2, 3, 5, ?', '6', '7', '8', '9', '8', 0.20, 1.00, NULL, 1, '2026-07-05 08:19:21'),
(96, 'Abstract Reasoning', 'Series Completion', NULL, 'Complete: 10, 20, 30, 40, ?', '45', '50', '55', '60', '50', -0.90, 1.00, NULL, 1, '2026-07-05 08:19:21'),
(97, 'Life Skills', 'Communication', NULL, 'What is active listening?', 'Talking while someone speaks', 'Fully concentrating and responding to the speaker', 'Ignoring the speaker', 'Checking your phone', 'Fully concentrating and responding to the speaker', -0.50, 1.00, 'Active listening means paying full attention to the speaker', 1, '2026-07-05 08:23:08'),
(98, 'Life Skills', 'Communication', NULL, 'Which is a form of non-verbal communication?', 'Writing an email', 'Body language', 'Making a phone call', 'Sending a text', 'Body language', -0.80, 1.00, 'Body language includes gestures, posture, and facial expressions', 1, '2026-07-05 08:23:08'),
(99, 'Life Skills', 'Communication', NULL, 'What does \"I\" statement help with?', 'Blaming others', 'Expressing feelings without accusation', 'Ignoring problems', 'Creating conflict', 'Expressing feelings without accusation', -0.30, 1.00, 'I statements help express feelings without blaming others', 1, '2026-07-05 08:23:08'),
(100, 'Life Skills', 'Communication', NULL, 'Effective communication requires:', 'Only speaking', 'Only listening', 'Both speaking and listening', 'Writing everything', 'Both speaking and listening', -0.90, 1.00, 'Communication is a two-way process', 1, '2026-07-05 08:23:08'),
(101, 'Life Skills', 'Decision Making', NULL, 'What is the first step in decision making?', 'Take action', 'Evaluate options', 'Identify the problem', 'Review the decision', 'Identify the problem', -0.20, 1.00, 'You must first know what decision needs to be made', 1, '2026-07-05 08:23:08'),
(102, 'Life Skills', 'Decision Making', NULL, 'What is a consequence?', 'A reward only', 'A punishment only', 'The result of an action', 'A type of decision', 'The result of an action', -0.70, 1.00, 'Consequences are outcomes of choices', 1, '2026-07-05 08:23:08'),
(103, 'Life Skills', 'Decision Making', NULL, 'Pros and cons list helps with:', 'Avoiding decisions', 'Making informed decisions', 'Ignoring options', 'Rushing decisions', 'Making informed decisions', -0.50, 1.00, 'Listing pros and cons clarifies choices', 1, '2026-07-05 08:23:08'),
(104, 'Life Skills', 'Problem Solving', NULL, 'What is brainstorming?', 'A storm in the brain', 'Generating many ideas without judgment', 'Making quick decisions', 'Solving math problems', 'Generating many ideas without judgment', -0.40, 1.00, 'Brainstorming encourages creative thinking', 1, '2026-07-05 08:23:08'),
(105, 'Life Skills', 'Problem Solving', NULL, 'The first step in problem solving is:', 'Find a solution', 'Define the problem', 'Implement the solution', 'Evaluate the solution', 'Define the problem', -0.60, 1.00, 'You must understand the problem first', 1, '2026-07-05 08:23:08'),
(106, 'Life Skills', 'Problem Solving', NULL, 'What does \"think outside the box\" mean?', 'Literally outside a box', 'Think creatively', 'Think inside', 'Think slowly', 'Think creatively', -0.30, 1.00, 'It means finding innovative solutions', 1, '2026-07-05 08:23:08'),
(107, 'Life Skills', 'Time Management', NULL, 'What is a priority?', 'Something unimportant', 'Something that must be done first', 'Something to ignore', 'A type of calendar', 'Something that must be done first', -0.50, 1.00, 'Priorities are tasks that need immediate attention', 1, '2026-07-05 08:23:08'),
(108, 'Life Skills', 'Time Management', NULL, 'Procrastination means:', 'Doing tasks early', 'Delaying important tasks', 'Completing tasks on time', 'Organizing tasks', 'Delaying important tasks', -0.40, 1.00, 'Procrastination is putting things off', 1, '2026-07-05 08:23:08'),
(109, 'Life Skills', 'Time Management', NULL, 'A to-do list helps with:', 'Forgetting tasks', 'Organizing tasks', 'Creating confusion', 'Adding stress', 'Organizing tasks', -0.70, 1.00, 'To-do lists help track what needs to be done', 1, '2026-07-05 08:23:08'),
(110, 'Life Skills', 'Emotional Intelligence', NULL, 'What is empathy?', 'Feeling sorry for yourself', 'Understanding others\' feelings', 'Ignoring emotions', 'Only caring about yourself', 'Understanding others\' feelings', -0.20, 1.00, 'Empathy is understanding others\' emotions', 1, '2026-07-05 08:23:08'),
(111, 'Life Skills', 'Emotional Intelligence', NULL, 'Self-awareness means:', 'Knowing your own emotions', 'Ignoring feelings', 'Only caring about others', 'Hiding emotions', 'Knowing your own emotions', -0.50, 1.00, 'Self-awareness is recognizing your feelings', 1, '2026-07-05 08:23:08'),
(112, 'Life Skills', 'Emotional Intelligence', NULL, 'Managing stress is important for:', 'Mental health only', 'Physical health only', 'Overall well-being', 'None of the above', 'Overall well-being', -0.60, 1.00, 'Stress management affects both mental and physical health', 1, '2026-07-05 08:23:08'),
(113, 'Life Skills', 'Conflict Resolution', NULL, 'What is compromise?', 'Fighting until someone wins', 'Both sides give something to reach agreement', 'One side gives up completely', 'Ignoring the problem', 'Both sides give something to reach agreement', -0.30, 1.00, 'Compromise involves mutual concessions', 1, '2026-07-05 08:23:08'),
(114, 'Life Skills', 'Conflict Resolution', NULL, 'Mediation involves:', 'A neutral third party helping resolve conflict', 'Ignoring the conflict', 'Fighting it out', 'Taking sides', 'A neutral third party helping resolve conflict', -0.20, 1.00, 'Mediators help people find common ground', 1, '2026-07-05 08:23:08'),
(115, 'Life Skills', 'Conflict Resolution', NULL, 'The best way to handle conflict is:', 'Avoid it', 'Fight aggressively', 'Communicate and resolve calmly', 'Blaming others', 'Communicate and resolve calmly', -0.70, 1.00, 'Calm communication leads to better outcomes', 1, '2026-07-05 08:23:08'),
(116, 'Computer Literacy', 'Hardware', NULL, 'What does CPU stand for?', 'Central Processing Unit', 'Computer Personal Unit', 'Central Program Utility', 'Computer Processing Unit', 'Central Processing Unit', -0.50, 1.00, 'CPU is the brain of the computer', 1, '2026-07-05 08:23:37'),
(117, 'Computer Literacy', 'Hardware', NULL, 'Which is an input device?', 'Monitor', 'Printer', 'Keyboard', 'Speaker', 'Keyboard', -0.80, 1.00, 'Input devices send data to the computer', 1, '2026-07-05 08:23:37'),
(118, 'Computer Literacy', 'Hardware', NULL, 'Which is an output device?', 'Mouse', 'Keyboard', 'Monitor', 'Scanner', 'Monitor', -0.70, 1.00, 'Output devices display or present information', 1, '2026-07-05 08:23:37'),
(119, 'Computer Literacy', 'Hardware', NULL, 'What is RAM?', 'Readily Available Memory', 'Random Access Memory', 'Read Access Memory', 'Random Available Memory', 'Random Access Memory', -0.40, 1.00, 'RAM stores temporary data while computer runs', 1, '2026-07-05 08:23:37'),
(120, 'Computer Literacy', 'Hardware', NULL, 'What is a hard drive used for?', 'Temporary memory', 'Permanent storage', 'Processing data', 'Displaying images', 'Permanent storage', -0.30, 1.00, 'Hard drives store data permanently', 1, '2026-07-05 08:23:37'),
(121, 'Computer Literacy', 'Software', NULL, 'What is an operating system?', 'Application software', 'System software that manages hardware', 'A type of browser', 'A gaming platform', 'System software that manages hardware', -0.20, 1.00, 'Examples: Windows, macOS, Linux', 1, '2026-07-05 08:23:37'),
(122, 'Computer Literacy', 'Software', NULL, 'Which is an example of an operating system?', 'Microsoft Word', 'Google Chrome', 'Windows 10', 'Excel', 'Windows 10', -0.60, 1.00, 'Windows 10 is an operating system', 1, '2026-07-05 08:23:37'),
(123, 'Computer Literacy', 'Software', NULL, 'What is a web browser?', 'Software to access websites', 'A type of virus', 'Hardware component', 'An operating system', 'Software to access websites', -0.50, 1.00, 'Browsers like Chrome, Firefox access the internet', 1, '2026-07-05 08:23:37'),
(124, 'Computer Literacy', 'Software', NULL, 'Microsoft Word is used for:', 'Creating spreadsheets', 'Creating documents', 'Creating presentations', 'Browsing the internet', 'Creating documents', -0.70, 1.00, 'Word is a word processor', 1, '2026-07-05 08:23:37'),
(125, 'Computer Literacy', 'Software', NULL, 'Microsoft Excel is used for:', 'Creating documents', 'Creating presentations', 'Creating spreadsheets', 'Creating emails', 'Creating spreadsheets', -0.60, 1.00, 'Excel is a spreadsheet program', 1, '2026-07-05 08:23:37'),
(126, 'Computer Literacy', 'Internet', NULL, 'What does URL stand for?', 'Universal Resource Locator', 'Uniform Resource Locator', 'Universal Response Link', 'Uniform Response Link', 'Uniform Resource Locator', -0.30, 1.00, 'URL is a web address', 1, '2026-07-05 08:23:37'),
(127, 'Computer Literacy', 'Internet', NULL, 'What does WWW stand for?', 'World Wide Web', 'Web Wide World', 'World Web Wide', 'Wide World Web', 'World Wide Web', -0.80, 1.00, 'WWW is the information system on the internet', 1, '2026-07-05 08:23:37'),
(128, 'Computer Literacy', 'Internet', NULL, 'What is email?', 'A type of virus', 'Electronic mail', 'A web browser', 'An operating system', 'Electronic mail', -0.70, 1.00, 'Email allows sending digital messages', 1, '2026-07-05 08:23:37'),
(129, 'Computer Literacy', 'Security', NULL, 'What is a strong password?', 'Your name', '123456', 'Mix of letters, numbers, and symbols', 'password', 'Mix of letters, numbers, and symbols', -0.40, 1.00, 'Strong passwords are hard to guess', 1, '2026-07-05 08:23:37'),
(130, 'Computer Literacy', 'Security', NULL, 'What is a computer virus?', 'A helpful program', 'Malicious software', 'A hardware component', 'An operating system', 'Malicious software', -0.50, 1.00, 'Viruses can damage computers', 1, '2026-07-05 08:23:37'),
(131, 'Computer Literacy', 'Security', NULL, 'What should you do with suspicious emails?', 'Open attachments', 'Click links', 'Delete and report', 'Reply immediately', 'Delete and report', -0.30, 1.00, 'Don\'t engage with suspicious emails', 1, '2026-07-05 08:23:37'),
(132, 'Computer Literacy', 'Social Media', NULL, 'What is cyberbullying?', 'Friendly chat', 'Online bullying', 'Sharing photos', 'Playing games', 'Online bullying', -0.60, 1.00, 'Cyberbullying is harmful online behavior', 1, '2026-07-05 08:23:37'),
(133, 'Computer Literacy', 'Social Media', NULL, 'What is digital footprint?', 'A type of shoe', 'Your online activity history', 'A computer component', 'A social media app', 'Your online activity history', -0.20, 1.00, 'Your digital footprint is permanent', 1, '2026-07-05 08:23:37'),
(134, 'Computer Literacy', 'Social Media', NULL, 'What is good social media practice?', 'Share everything', 'Never use privacy settings', 'Be respectful and think before posting', 'Post angry comments', 'Be respectful and think before posting', -0.50, 1.00, 'Respectful behavior online is important', 1, '2026-07-05 08:23:37'),
(135, 'Science', 'Biology', NULL, 'What is the basic unit of life?', 'Atom', 'Molecule', 'Cell', 'Tissue', 'Cell', -0.70, 1.00, 'Cells are the building blocks of life', 1, '2026-07-05 08:24:00'),
(136, 'Science', 'Biology', NULL, 'What is photosynthesis?', 'Plants breathing', 'Plants making food using sunlight', 'Plants sleeping', 'Plants growing', 'Plants making food using sunlight', -0.50, 1.00, 'Photosynthesis creates food for plants', 1, '2026-07-05 08:24:00'),
(137, 'Science', 'Biology', NULL, 'What is the human body\'s largest organ?', 'Heart', 'Brain', 'Skin', 'Liver', 'Skin', -0.30, 1.00, 'Skin is the largest organ by surface area', 1, '2026-07-05 08:24:00'),
(138, 'Science', 'Biology', NULL, 'How many chromosomes do humans have?', '23', '46', '24', '48', '46', 0.20, 1.00, 'Humans have 23 pairs (46 total)', 1, '2026-07-05 08:24:00'),
(139, 'Science', 'Biology', NULL, 'What is DNA?', 'Genetic material', 'A type of protein', 'A sugar', 'A vitamin', 'Genetic material', -0.40, 1.00, 'DNA contains genetic information', 1, '2026-07-05 08:24:00'),
(140, 'Science', 'Biology', NULL, 'What is the powerhouse of the cell?', 'Nucleus', 'Mitochondria', 'Ribosome', 'Cell membrane', 'Mitochondria', -0.60, 1.00, 'Mitochondria produce energy', 1, '2026-07-05 08:24:00'),
(141, 'Science', 'Chemistry', NULL, 'What is the chemical symbol for water?', 'CO2', 'O2', 'H2O', 'NaCl', 'H2O', -0.80, 1.00, 'Water is H2O (hydrogen and oxygen)', 1, '2026-07-05 08:24:00'),
(142, 'Science', 'Chemistry', NULL, 'What is the pH of pure water?', '0', '7', '14', '10', '7', -0.50, 1.00, 'Pure water is neutral (pH 7)', 1, '2026-07-05 08:24:00'),
(143, 'Science', 'Chemistry', NULL, 'What is the periodic table?', 'A table of elements', 'A calendar', 'A math formula', 'A biology chart', 'A table of elements', -0.60, 1.00, 'The periodic table organizes chemical elements', 1, '2026-07-05 08:24:00'),
(144, 'Science', 'Chemistry', NULL, 'What is an acid?', 'Substance with pH below 7', 'Substance with pH above 7', 'Neutral substance', 'A type of metal', 'Substance with pH below 7', -0.30, 1.00, 'Acids have pH less than 7', 1, '2026-07-05 08:24:00'),
(145, 'Science', 'Chemistry', NULL, 'What is the chemical symbol for oxygen?', 'O', 'Ox', 'Om', 'Og', 'O', -0.90, 1.00, 'O is the symbol for oxygen', 1, '2026-07-05 08:24:00'),
(146, 'Science', 'Physics', NULL, 'What is Newton\'s first law about?', 'Force equals mass times acceleration', 'Action and reaction', 'Inertia', 'Gravity', 'Inertia', 0.00, 1.00, 'An object at rest stays at rest', 1, '2026-07-05 08:24:00'),
(147, 'Science', 'Physics', NULL, 'What is gravity?', 'Force that pulls objects together', 'Magnetic force', 'Electrical force', 'Nuclear force', 'Force that pulls objects together', -0.50, 1.00, 'Gravity pulls objects toward each other', 1, '2026-07-05 08:24:00'),
(148, 'Science', 'Physics', NULL, 'What unit measures force?', 'Joule', 'Watt', 'Newton', 'Pascal', 'Newton', -0.20, 1.00, 'Newton (N) is the unit of force', 1, '2026-07-05 08:24:00'),
(149, 'Science', 'Physics', NULL, 'What is the speed of light?', '300,000 km/s', '150,000 km/s', '1,000,000 km/s', '30,000 km/s', '300,000 km/s', 0.30, 1.00, 'Light travels at approximately 300,000 km/s', 1, '2026-07-05 08:24:00'),
(150, 'Science', 'Physics', NULL, 'What is energy measured in?', 'Newtons', 'Joules', 'Watts', 'Amps', 'Joules', -0.10, 1.00, 'Energy is measured in Joules (J)', 1, '2026-07-05 08:24:00'),
(151, 'Science', 'Earth Science', NULL, 'What are the three main types of rocks?', 'Igneous, sedimentary, metamorphic', 'Hard, soft, medium', 'Large, small, medium', 'Red, blue, green', 'Igneous, sedimentary, metamorphic', -0.40, 1.00, 'These are the rock cycle categories', 1, '2026-07-05 08:24:00'),
(152, 'Science', 'Earth Science', NULL, 'What causes earthquakes?', 'Wind', 'Tectonic plate movement', 'Rain', 'Volcanoes only', 'Tectonic plate movement', -0.30, 1.00, 'Plate movement creates seismic activity', 1, '2026-07-05 08:24:00'),
(153, 'Science', 'Earth Science', NULL, 'What is the Earth\'s core made of?', 'Water', 'Air', 'Iron and nickel', 'Rock', 'Iron and nickel', 0.10, 1.00, 'The core is primarily iron and nickel', 1, '2026-07-05 08:24:00'),
(154, 'Science', 'Astronomy', NULL, 'Which planet is closest to the Sun?', 'Venus', 'Earth', 'Mars', 'Mercury', 'Mercury', -0.60, 1.00, 'Mercury is the first planet', 1, '2026-07-05 08:24:00'),
(155, 'Science', 'Astronomy', NULL, 'What is a star?', 'A planet', 'A moon', 'A ball of gas producing light', 'A comet', 'A ball of gas producing light', -0.50, 1.00, 'Stars produce their own light', 1, '2026-07-05 08:24:00'),
(156, 'Science', 'Astronomy', NULL, 'How many planets in our solar system?', '7', '8', '9', '10', '8', -0.70, 1.00, 'Pluto is a dwarf planet', 1, '2026-07-05 08:24:00'),
(157, 'Science', 'Astronomy', NULL, 'What causes seasons on Earth?', 'Distance from sun', 'Earth\'s tilt', 'Earth\'s rotation', 'Moon gravity', 'Earth\'s tilt', -0.20, 1.00, 'The tilt causes different sunlight angles', 1, '2026-07-05 08:24:00'),
(158, 'Science', 'Environmental', NULL, 'What is the greenhouse effect?', 'Growing plants indoors', 'Trapping heat in the atmosphere', 'Cooling the Earth', 'Planting trees', 'Trapping heat in the atmosphere', -0.10, 1.00, 'Greenhouse gases trap heat', 1, '2026-07-05 08:24:00'),
(159, 'Science', 'Environmental', NULL, 'What is renewable energy?', 'Energy that runs out', 'Energy that can be replenished', 'Fossil fuels', 'Nuclear power', 'Energy that can be replenished', -0.40, 1.00, 'Solar and wind are renewable', 1, '2026-07-05 08:24:00'),
(160, 'Science', 'Environmental', NULL, 'What is recycling?', 'Burning waste', 'Throwing away trash', 'Converting waste into reusable material', 'Burying garbage', 'Converting waste into reusable material', -0.60, 1.00, 'Recycling helps the environment', 1, '2026-07-05 08:24:00');

-- --------------------------------------------------------

--
-- Table structure for table `responses`
--

CREATE TABLE `responses` (
  `id` int(11) NOT NULL,
  `test_id` int(11) NOT NULL,
  `question_id` int(11) NOT NULL,
  `user_answer` varchar(500) DEFAULT NULL,
  `is_correct` tinyint(1) DEFAULT 0,
  `response_time` int(11) DEFAULT NULL
) ENGINE=InnoDB DEFAULT CHARSET=utf8mb4 COLLATE=utf8mb4_general_ci;

--
-- Dumping data for table `responses`
--

INSERT INTO `responses` (`id`, `test_id`, `question_id`, `user_answer`, `is_correct`, `response_time`) VALUES
(1, 7, 14, '5', 0, 42),
(2, 7, 5, '5', 0, 6),
(3, 7, 13, '154 cm²', 0, 50),
(4, 7, 18, '4', 0, 12),
(5, 7, 6, '1,6', 0, 34),
(6, 7, 8, '8:15', 0, 46),
(7, 7, 16, '20%', 0, 6),
(8, 7, 16, '20%', 0, 6),
(9, 7, 16, '20%', 0, 7),
(10, 7, 16, '20%', 0, 7),
(11, 7, 10, '25', 0, 0),
(12, 7, 10, '25', 0, 0),
(13, 7, 3, '20%', 0, 0),
(14, 7, 3, '20%', 0, 0),
(15, 7, 12, '$50', 0, 0),
(16, 7, 12, '$50', 0, 0),
(17, 7, 11, '82', 0, 0),
(18, 7, 11, '82', 0, 0),
(19, 7, 11, '82', 0, 0),
(20, 7, 11, '82', 0, 0),
(21, 7, 15, '100', 0, 0),
(22, 7, 15, '100', 0, 0),
(23, 7, 15, '100', 0, 1),
(24, 7, 15, '100', 0, 1),
(25, 7, 15, '100', 0, 1),
(26, 7, 15, '100', 0, 1),
(27, 7, 15, '125', 0, 2),
(28, 7, 15, '125', 0, 2),
(29, 7, 15, '125', 0, 3),
(30, 7, 15, '125', 0, 3),
(31, 7, 15, '125', 0, 3),
(32, 7, 15, '150', 0, 4),
(33, 10, 123, 'Software to access websites', 0, 10),
(34, 10, 118, 'Mouse', 0, 1),
(35, 10, 118, 'Mouse', 0, 1),
(36, 10, 116, 'Central Processing Unit', 0, 0),
(37, 10, 116, 'Central Processing Unit', 0, 0),
(38, 10, 134, 'Share everything', 0, 0),
(39, 10, 134, 'Share everything', 0, 0),
(40, 10, 129, 'Your name', 0, 0),
(41, 10, 129, 'Your name', 0, 0),
(42, 10, 130, 'A helpful program', 0, 0),
(43, 10, 126, 'Universal Resource Locator', 0, 0),
(44, 10, 125, 'Creating documents', 0, 0),
(45, 10, 125, 'Creating documents', 0, 0),
(46, 10, 133, 'A type of shoe', 0, 0),
(47, 10, 133, 'A type of shoe', 0, 0),
(48, 10, 124, 'Creating spreadsheets', 0, 0),
(49, 10, 124, 'Creating spreadsheets', 0, 0),
(50, 10, 121, 'Application software', 0, 1),
(51, 10, 121, 'Application software', 0, 1),
(52, 11, 71, 'Build more roads', 0, 2),
(53, 11, 71, 'Build more roads', 0, 2),
(54, 11, 72, 'Ignore the problem', 0, 0),
(55, 11, 72, 'Ignore the problem', 0, 0),
(56, 11, 70, 'Practice is easy', 0, 0),
(57, 11, 70, 'Practice is easy', 0, 0),
(58, 11, 67, 'It rained', 0, 0),
(59, 11, 67, 'It rained', 0, 0),
(60, 598, 133, 'A type of shoe', 0, 1),
(61, 598, 133, 'A type of shoe', 0, 1),
(62, 598, 128, 'A type of virus', 0, 0),
(63, 598, 128, 'A type of virus', 0, 0),
(64, 598, 126, 'Universal Resource Locator', 0, 0),
(65, 598, 126, 'Universal Resource Locator', 0, 0),
(66, 598, 121, 'Application software', 0, 0),
(67, 598, 121, 'Application software', 0, 0),
(68, 598, 125, 'Creating documents', 0, 0),
(69, 598, 125, 'Creating documents', 0, 0),
(70, 598, 130, 'A helpful program', 0, 0),
(71, 598, 130, 'A helpful program', 0, 0),
(72, 598, 120, 'Temporary memory', 0, 0),
(73, 598, 120, 'Temporary memory', 0, 0),
(74, 598, 122, 'Microsoft Word', 0, 0),
(75, 598, 122, 'Microsoft Word', 0, 0),
(76, 598, 127, 'World Wide Web', 0, 0),
(77, 598, 127, 'World Wide Web', 0, 0),
(78, 598, 124, 'Creating spreadsheets', 0, 0),
(79, 598, 124, 'Creating spreadsheets', 0, 0),
(80, 598, 124, 'Creating spreadsheets', 0, 0),
(81, 598, 124, 'Creating spreadsheets', 0, 0),
(82, 598, 124, 'Creating spreadsheets', 0, 1),
(83, 598, 124, 'Creating spreadsheets', 0, 1),
(84, 598, 124, 'Creating spreadsheets', 0, 1),
(85, 598, 124, 'Creating spreadsheets', 0, 1),
(86, 598, 124, 'Creating spreadsheets', 0, 2),
(87, 598, 124, 'Creating spreadsheets', 0, 2),
(88, 600, 134, 'Post angry comments', 0, 2),
(89, 600, 134, 'Post angry comments', 0, 2),
(90, 600, 124, 'Browsing the internet', 0, 0),
(91, 600, 124, 'Browsing the internet', 0, 0),
(92, 600, 125, 'Creating emails', 0, 0),
(93, 600, 125, 'Creating emails', 0, 0),
(94, 600, 125, 'Creating emails', 0, 0),
(95, 600, 125, 'Creating emails', 0, 0),
(96, 600, 119, 'Random Available Memory', 0, 0),
(97, 600, 119, 'Random Available Memory', 0, 0),
(98, 600, 133, 'A social media app', 0, 0),
(99, 600, 133, 'A social media app', 0, 0),
(100, 600, 131, 'Reply immediately', 0, 0),
(101, 600, 131, 'Reply immediately', 0, 0),
(102, 600, 126, 'Uniform Response Link', 0, 0),
(103, 600, 126, 'Uniform Response Link', 0, 0),
(104, 601, 117, 'Monitor', 0, 1),
(105, 601, 117, 'Monitor', 0, 1),
(106, 601, 117, 'Monitor', 0, 1),
(107, 601, 117, 'Monitor', 0, 1),
(108, 601, 117, 'Monitor', 0, 2),
(109, 601, 117, 'Monitor', 0, 2),
(110, 601, 117, 'Monitor', 0, 2),
(111, 601, 117, 'Monitor', 0, 2),
(112, 601, 121, 'Application software', 0, 0),
(113, 601, 121, 'Application software', 0, 0),
(114, 601, 120, 'Temporary memory', 0, 0),
(115, 601, 120, 'Temporary memory', 0, 0),
(116, 601, 119, 'Readily Available Memory', 0, 0),
(117, 601, 119, 'Readily Available Memory', 0, 0),
(118, 601, 128, 'A type of virus', 0, 0),
(119, 601, 128, 'A type of virus', 0, 0),
(120, 601, 123, 'Software to access websites', 0, 0),
(121, 601, 123, 'Software to access websites', 0, 0),
(122, 601, 133, 'A type of shoe', 0, 0),
(123, 601, 133, 'A type of shoe', 0, 1),
(124, 601, 133, 'A type of shoe', 0, 1),
(125, 604, 45, 'Accommodate', 0, 12),
(126, 604, 87, 'Less force', 0, 9),
(127, 604, 39, 'Greedy', 0, 6),
(128, 604, 91, 'Cylinder', 0, 5),
(129, 604, 31, 'School', 0, 4),
(130, 604, 56, '5%', 0, 14),
(131, 604, 63, '50', 0, 13),
(132, 604, 58, '50%', 0, 29),
(133, 604, 66, 'Roses are beautiful', 0, 11),
(134, 604, 86, 'Third-class lever', 0, 25);

-- --------------------------------------------------------

--
-- Table structure for table `results`
--

CREATE TABLE `results` (
  `id` int(11) NOT NULL,
  `user_id` int(11) NOT NULL,
  `test_id` int(11) DEFAULT NULL,
  `category` varchar(100) DEFAULT NULL,
  `topic` varchar(200) DEFAULT NULL,
  `score` int(11) DEFAULT 0,
  `total` int(11) DEFAULT 0,
  `percentage` decimal(5,2) DEFAULT NULL,
  `scaled_score` decimal(5,2) DEFAULT NULL,
  `percentile_rank` int(11) DEFAULT NULL,
  `grade` char(1) DEFAULT NULL,
  `ability_estimate` decimal(5,2) DEFAULT NULL,
  `date` timestamp NOT NULL DEFAULT current_timestamp()
) ENGINE=InnoDB DEFAULT CHARSET=utf8mb4 COLLATE=utf8mb4_general_ci;

--
-- Dumping data for table `results`
--

INSERT INTO `results` (`id`, `user_id`, `test_id`, `category`, `topic`, `score`, `total`, `percentage`, `scaled_score`, `percentile_rank`, `grade`, `ability_estimate`, `date`) VALUES
(1, 1, 1, 'Logical Reasoning', 'Analogy', 3, 15, 20.00, 48.50, 35, '0', NULL, '2026-03-25 11:52:31'),
(2, 1, 2, 'Logical Reasoning', 'Coding-Decoding', 7, 15, 46.00, 49.83, 48, '0', NULL, '2026-03-25 11:53:22'),
(3, 1, 3, 'Quantitative Aptitude', 'Advanced Math', 2, 15, 13.00, 48.17, 32, '0', NULL, '2026-03-25 11:55:51'),
(4, 1, 4, 'Verbal Ability', 'Antonyms', 1, 15, 6.00, 47.83, 28, '0', NULL, '2026-03-25 11:57:04'),
(5, 2, 5, 'Logical Reasoning', 'Number Series', 12, 15, 80.00, 51.50, 65, '0', NULL, '2026-03-25 12:08:34'),
(6, 2, 6, 'Quantitative Aptitude', 'Data Interpretation', 5, 15, 33.00, 49.17, 42, '0', NULL, '2026-03-25 17:17:36'),
(7, 3, 1, 'Quantitative Aptitude', 'Numbers', 18, 25, 72.00, 52.00, 75, 'B', 0.45, '2026-07-02 13:22:22'),
(8, 4, 2, 'Logical Reasoning', 'Patterns', 20, 25, 80.00, 55.00, 85, 'A', 0.75, '2026-07-03 13:22:22'),
(9, 33, 3, 'Verbal Ability', 'Vocabulary', 15, 25, 60.00, 45.00, 55, 'C', -0.15, '2026-07-01 13:22:22'),
(10, 63, 4, 'Quantitative Aptitude', 'Algebra', 12, 20, 60.00, 45.00, 55, 'C', -0.10, '2026-07-03 13:22:22'),
(11, 3, 1, 'Quantitative Aptitude', 'Mixed', 18, 25, 72.00, 52.00, 72, 'B', 0.58, '2026-06-29 13:32:11'),
(12, 3, 2, 'Logical Reasoning', 'Mixed', 20, 25, 80.00, 55.00, 85, 'A', 0.84, '2026-06-30 13:32:11'),
(13, 3, 3, 'Verbal Ability', 'Mixed', 15, 25, 60.00, 45.00, 55, 'C', -0.15, '2026-07-01 13:32:11'),
(14, 3, 4, 'Data Interpretation', 'Mixed', 17, 25, 68.00, 48.50, 65, 'B', 0.32, '2026-07-02 13:32:11'),
(15, 3, 5, 'Analytical Reasoning', 'Mixed', 14, 25, 56.00, 42.50, 48, 'D', -0.25, '2026-07-03 13:32:11'),
(16, 4, 1, 'Quantitative Aptitude', 'Mixed', 22, 25, 88.00, 58.00, 90, 'A', 1.05, '2026-06-28 13:32:11'),
(17, 4, 2, 'Logical Reasoning', 'Mixed', 21, 25, 84.00, 56.50, 88, 'A', 0.92, '2026-06-29 13:32:11'),
(18, 4, 3, 'Verbal Ability', 'Mixed', 18, 25, 72.00, 52.00, 72, 'B', 0.55, '2026-06-30 13:32:11'),
(19, 4, 4, 'Data Interpretation', 'Mixed', 19, 25, 76.00, 53.50, 78, 'B', 0.65, '2026-07-01 13:32:11'),
(20, 4, 5, 'Analytical Reasoning', 'Mixed', 16, 25, 64.00, 47.00, 62, 'C', 0.15, '2026-07-02 13:32:11'),
(21, 5, 1, 'Quantitative Aptitude', 'Mixed', 14, 25, 56.00, 42.50, 48, 'D', -0.28, '2026-06-27 13:32:11'),
(22, 5, 2, 'Logical Reasoning', 'Mixed', 16, 25, 64.00, 47.00, 62, 'C', 0.12, '2026-06-28 13:32:11'),
(23, 5, 3, 'Verbal Ability', 'Mixed', 22, 25, 88.00, 58.00, 90, 'A', 1.08, '2026-06-29 13:32:11'),
(24, 5, 4, 'Data Interpretation', 'Mixed', 15, 25, 60.00, 45.00, 55, 'C', -0.08, '2026-06-30 13:32:11'),
(25, 5, 5, 'Analytical Reasoning', 'Mixed', 18, 25, 72.00, 52.00, 72, 'B', 0.58, '2026-07-01 13:32:11'),
(26, 6, 1, 'Quantitative Aptitude', 'Mixed', 16, 25, 64.00, 47.00, 62, 'C', 0.18, '2026-06-26 13:32:11'),
(27, 6, 2, 'Logical Reasoning', 'Mixed', 23, 25, 92.00, 60.00, 95, 'A', 1.32, '2026-06-27 13:32:11'),
(28, 6, 3, 'Verbal Ability', 'Mixed', 14, 25, 56.00, 42.50, 48, 'D', -0.25, '2026-06-28 13:32:11'),
(29, 6, 4, 'Data Interpretation', 'Mixed', 17, 25, 68.00, 48.50, 65, 'B', 0.32, '2026-06-29 13:32:11'),
(30, 6, 5, 'Analytical Reasoning', 'Mixed', 20, 25, 80.00, 55.00, 85, 'A', 0.85, '2026-06-30 13:32:11'),
(31, 7, 1, 'Quantitative Aptitude', 'Mixed', 20, 25, 80.00, 55.00, 85, 'A', 0.82, '2026-06-25 13:32:11'),
(32, 7, 2, 'Logical Reasoning', 'Mixed', 18, 25, 72.00, 52.00, 72, 'B', 0.52, '2026-06-26 13:32:11'),
(33, 7, 3, 'Verbal Ability', 'Mixed', 21, 25, 84.00, 56.50, 88, 'A', 0.95, '2026-06-27 13:32:11'),
(34, 7, 4, 'Data Interpretation', 'Mixed', 16, 25, 64.00, 47.00, 62, 'C', 0.15, '2026-06-28 13:32:11'),
(35, 7, 5, 'Analytical Reasoning', 'Mixed', 19, 25, 76.00, 53.50, 78, 'B', 0.68, '2026-06-29 13:32:11'),
(36, 8, 1, 'Quantitative Aptitude', 'Mixed', 13, 25, 52.00, 40.50, 42, 'D', -0.38, '2026-06-24 13:32:11'),
(37, 8, 2, 'Logical Reasoning', 'Mixed', 15, 25, 60.00, 45.00, 55, 'C', -0.05, '2026-06-25 13:32:11'),
(38, 8, 3, 'Verbal Ability', 'Mixed', 17, 25, 68.00, 48.50, 65, 'B', 0.32, '2026-06-26 13:32:11'),
(39, 8, 4, 'Data Interpretation', 'Mixed', 20, 25, 80.00, 55.00, 85, 'A', 0.82, '2026-06-27 13:32:11'),
(40, 8, 5, 'Analytical Reasoning', 'Mixed', 14, 25, 56.00, 42.50, 48, 'D', -0.25, '2026-06-28 13:32:11'),
(41, 9, 1, 'Quantitative Aptitude', 'Mixed', 21, 25, 84.00, 56.50, 88, 'A', 0.92, '2026-06-23 13:32:11'),
(42, 9, 2, 'Logical Reasoning', 'Mixed', 19, 25, 76.00, 53.50, 78, 'B', 0.65, '2026-06-24 13:32:11'),
(43, 9, 3, 'Verbal Ability', 'Mixed', 20, 25, 80.00, 55.00, 85, 'A', 0.82, '2026-06-25 13:32:11'),
(44, 9, 4, 'Data Interpretation', 'Mixed', 18, 25, 72.00, 52.00, 72, 'B', 0.55, '2026-06-26 13:32:11'),
(45, 9, 5, 'Analytical Reasoning', 'Mixed', 21, 25, 84.00, 56.50, 88, 'A', 0.92, '2026-06-27 13:32:11'),
(46, 10, 1, 'Quantitative Aptitude', 'Mixed', 12, 25, 48.00, 38.50, 35, 'F', -0.55, '2026-06-22 13:32:11'),
(47, 10, 2, 'Logical Reasoning', 'Mixed', 14, 25, 56.00, 42.50, 48, 'D', -0.22, '2026-06-23 13:32:11'),
(48, 10, 3, 'Verbal Ability', 'Mixed', 16, 25, 64.00, 47.00, 62, 'C', 0.15, '2026-06-24 13:32:11'),
(49, 10, 4, 'Data Interpretation', 'Mixed', 13, 25, 52.00, 40.50, 42, 'D', -0.35, '2026-06-25 13:32:11'),
(50, 10, 5, 'Analytical Reasoning', 'Mixed', 15, 25, 60.00, 45.00, 55, 'C', -0.05, '2026-06-26 13:32:11'),
(51, 11, 1, 'Quantitative Aptitude', 'Mixed', 19, 25, 76.00, 53.50, 78, 'B', 0.65, '2026-06-21 13:32:11'),
(52, 11, 2, 'Logical Reasoning', 'Mixed', 22, 25, 88.00, 58.00, 90, 'A', 1.05, '2026-06-22 13:32:11'),
(53, 11, 3, 'Verbal Ability', 'Mixed', 13, 25, 52.00, 40.50, 42, 'D', -0.38, '2026-06-23 13:32:11'),
(54, 11, 4, 'Data Interpretation', 'Mixed', 21, 25, 84.00, 56.50, 88, 'A', 0.92, '2026-06-24 13:32:11'),
(55, 11, 5, 'Analytical Reasoning', 'Mixed', 17, 25, 68.00, 48.50, 65, 'B', 0.32, '2026-06-25 13:32:11'),
(56, 12, 1, 'Quantitative Aptitude', 'Mixed', 23, 25, 92.00, 60.00, 95, 'A', 1.35, '2026-06-20 13:32:11'),
(57, 12, 2, 'Logical Reasoning', 'Mixed', 17, 25, 68.00, 48.50, 65, 'B', 0.32, '2026-06-21 13:32:11'),
(58, 12, 3, 'Verbal Ability', 'Mixed', 19, 25, 76.00, 53.50, 78, 'B', 0.62, '2026-06-22 13:32:11'),
(59, 12, 4, 'Data Interpretation', 'Mixed', 22, 25, 88.00, 58.00, 90, 'A', 1.05, '2026-06-23 13:32:11'),
(60, 12, 5, 'Analytical Reasoning', 'Mixed', 18, 25, 72.00, 52.00, 72, 'B', 0.55, '2026-06-24 13:32:11'),
(61, 13, 1, 'Quantitative Aptitude', 'Mixed', 15, 25, 60.00, 45.00, 55, 'C', -0.05, '2026-06-19 13:32:11'),
(62, 13, 2, 'Logical Reasoning', 'Mixed', 20, 25, 80.00, 55.00, 85, 'A', 0.82, '2026-06-20 13:32:11'),
(63, 13, 3, 'Verbal Ability', 'Mixed', 23, 25, 92.00, 60.00, 95, 'A', 1.35, '2026-06-21 13:32:11'),
(64, 13, 4, 'Data Interpretation', 'Mixed', 14, 25, 56.00, 42.50, 48, 'D', -0.22, '2026-06-22 13:32:11'),
(65, 13, 5, 'Analytical Reasoning', 'Mixed', 16, 25, 64.00, 47.00, 62, 'C', 0.15, '2026-06-23 13:32:11'),
(66, 14, 1, 'Quantitative Aptitude', 'Mixed', 17, 25, 68.00, 48.50, 65, 'B', 0.32, '2026-06-18 13:32:11'),
(67, 14, 2, 'Logical Reasoning', 'Mixed', 13, 25, 52.00, 40.50, 42, 'D', -0.38, '2026-06-19 13:32:11'),
(68, 14, 3, 'Verbal Ability', 'Mixed', 18, 25, 72.00, 52.00, 72, 'B', 0.55, '2026-06-20 13:32:11'),
(69, 14, 4, 'Data Interpretation', 'Mixed', 20, 25, 80.00, 55.00, 85, 'A', 0.82, '2026-06-21 13:32:11'),
(70, 14, 5, 'Analytical Reasoning', 'Mixed', 22, 25, 88.00, 58.00, 90, 'A', 1.05, '2026-06-22 13:32:11'),
(71, 15, 1, 'Quantitative Aptitude', 'Mixed', 24, 25, 96.00, 62.00, 98, 'A', 1.65, '2026-06-17 13:32:11'),
(72, 15, 2, 'Logical Reasoning', 'Mixed', 21, 25, 84.00, 56.50, 88, 'A', 0.95, '2026-06-18 13:32:11'),
(73, 15, 3, 'Verbal Ability', 'Mixed', 16, 25, 64.00, 47.00, 62, 'C', 0.15, '2026-06-19 13:32:11'),
(74, 15, 4, 'Data Interpretation', 'Mixed', 19, 25, 76.00, 53.50, 78, 'B', 0.65, '2026-06-20 13:32:11'),
(75, 15, 5, 'Analytical Reasoning', 'Mixed', 23, 25, 92.00, 60.00, 95, 'A', 1.35, '2026-06-21 13:32:11'),
(76, 16, 1, 'Quantitative Aptitude', 'Mixed', 11, 25, 44.00, 36.50, 30, 'F', -0.65, '2026-06-16 13:32:12'),
(77, 16, 2, 'Logical Reasoning', 'Mixed', 12, 25, 48.00, 38.50, 35, 'F', -0.52, '2026-06-17 13:32:12'),
(78, 16, 3, 'Verbal Ability', 'Mixed', 14, 25, 56.00, 42.50, 48, 'D', -0.22, '2026-06-18 13:32:12'),
(79, 16, 4, 'Data Interpretation', 'Mixed', 16, 25, 64.00, 47.00, 62, 'C', 0.15, '2026-06-19 13:32:12'),
(80, 16, 5, 'Analytical Reasoning', 'Mixed', 11, 25, 44.00, 36.50, 30, 'F', -0.65, '2026-06-20 13:32:12'),
(81, 17, 1, 'Quantitative Aptitude', 'Mixed', 16, 25, 64.00, 47.00, 62, 'C', 0.18, '2026-06-15 13:32:12'),
(82, 17, 2, 'Logical Reasoning', 'Mixed', 24, 25, 96.00, 62.00, 98, 'A', 1.68, '2026-06-16 13:32:12'),
(83, 17, 3, 'Verbal Ability', 'Mixed', 15, 25, 60.00, 45.00, 55, 'C', -0.05, '2026-06-17 13:32:12'),
(84, 17, 4, 'Data Interpretation', 'Mixed', 18, 25, 72.00, 52.00, 72, 'B', 0.55, '2026-06-18 13:32:12'),
(85, 17, 5, 'Analytical Reasoning', 'Mixed', 20, 25, 80.00, 55.00, 85, 'A', 0.82, '2026-06-19 13:32:12'),
(86, 2, 1, 'Quantitative Aptitude', 'Mixed', 10, 25, 40.00, 31.67, 13, 'F', -0.53, '2026-06-15 13:32:12'),
(87, 2, 2, 'Logical Reasoning', 'Mixed', 22, 25, 88.00, 64.67, 92, 'A', 1.59, '2026-06-26 13:32:12'),
(88, 2, 3, 'Verbal Ability', 'Mixed', 21, 25, 84.00, 58.98, 87, 'A', 0.79, '2026-06-16 13:32:12'),
(89, 2, 4, 'Data Interpretation', 'Mixed', 8, 25, 32.00, 31.59, 9, 'F', -0.66, '2026-06-22 13:32:12'),
(90, 2, 5, 'Analytical Reasoning', 'Mixed', 10, 25, 40.00, 30.57, 16, 'F', -0.55, '2026-06-22 13:32:12'),
(91, 3, 1, 'Quantitative Aptitude', 'Mixed', 15, 25, 60.00, 44.24, 50, 'C', 0.11, '2026-06-19 13:32:12'),
(92, 3, 2, 'Logical Reasoning', 'Mixed', 20, 25, 80.00, 57.83, 91, 'A', 1.91, '2026-07-01 13:32:12'),
(93, 3, 3, 'Verbal Ability', 'Mixed', 20, 25, 80.00, 56.67, 86, 'A', 1.24, '2026-06-27 13:32:12'),
(94, 3, 4, 'Data Interpretation', 'Mixed', 15, 25, 60.00, 47.08, 56, 'C', -0.02, '2026-06-18 13:32:12'),
(95, 3, 5, 'Analytical Reasoning', 'Mixed', 11, 25, 44.00, 30.84, 11, 'F', -0.62, '2026-06-17 13:32:12'),
(96, 4, 1, 'Quantitative Aptitude', 'Mixed', 20, 25, 80.00, 58.41, 80, 'A', 1.33, '2026-06-30 13:32:12'),
(97, 4, 2, 'Logical Reasoning', 'Mixed', 21, 25, 84.00, 60.77, 80, 'A', 1.43, '2026-06-26 13:32:12'),
(98, 4, 3, 'Verbal Ability', 'Mixed', 22, 25, 88.00, 60.41, 98, 'A', 0.86, '2026-06-27 13:32:12'),
(99, 4, 4, 'Data Interpretation', 'Mixed', 19, 25, 76.00, 48.18, 63, 'B', 0.52, '2026-06-16 13:32:12'),
(100, 4, 5, 'Analytical Reasoning', 'Mixed', 21, 25, 84.00, 58.00, 95, 'A', 1.35, '2026-07-02 13:32:12'),
(101, 5, 1, 'Quantitative Aptitude', 'Mixed', 9, 25, 36.00, 33.02, 5, 'F', -0.92, '2026-06-19 13:32:12'),
(102, 5, 2, 'Logical Reasoning', 'Mixed', 17, 25, 68.00, 44.36, 41, 'C', 0.05, '2026-06-27 13:32:12'),
(103, 5, 3, 'Verbal Ability', 'Mixed', 14, 25, 56.00, 39.76, 24, 'D', -0.21, '2026-06-27 13:32:12'),
(104, 5, 4, 'Data Interpretation', 'Mixed', 22, 25, 88.00, 62.51, 85, 'A', 1.23, '2026-06-28 13:32:12'),
(105, 5, 5, 'Analytical Reasoning', 'Mixed', 14, 25, 56.00, 41.32, 34, 'D', -0.43, '2026-06-29 13:32:12'),
(106, 6, 1, 'Quantitative Aptitude', 'Mixed', 21, 25, 84.00, 59.00, 83, 'A', 1.40, '2026-06-17 13:32:12'),
(107, 6, 2, 'Logical Reasoning', 'Mixed', 16, 25, 64.00, 46.73, 54, 'C', -0.18, '2026-06-25 13:32:12'),
(108, 6, 3, 'Verbal Ability', 'Mixed', 21, 25, 84.00, 58.49, 95, 'A', 1.97, '2026-06-14 13:32:12'),
(109, 6, 4, 'Data Interpretation', 'Mixed', 14, 25, 56.00, 40.59, 24, 'D', -0.44, '2026-06-18 13:32:12'),
(110, 6, 5, 'Analytical Reasoning', 'Mixed', 10, 25, 40.00, 30.91, 7, 'F', -0.74, '2026-06-25 13:32:12'),
(111, 7, 1, 'Quantitative Aptitude', 'Mixed', 18, 25, 72.00, 49.49, 77, 'B', 0.22, '2026-06-14 13:32:12'),
(112, 7, 2, 'Logical Reasoning', 'Mixed', 8, 25, 32.00, 35.11, 5, 'F', -0.80, '2026-06-20 13:32:12'),
(113, 7, 3, 'Verbal Ability', 'Mixed', 10, 25, 40.00, 30.62, 11, 'F', -0.65, '2026-06-18 13:32:12'),
(114, 7, 4, 'Data Interpretation', 'Mixed', 18, 25, 72.00, 50.92, 69, 'B', 0.63, '2026-06-30 13:32:12'),
(115, 7, 5, 'Analytical Reasoning', 'Mixed', 13, 25, 52.00, 39.00, 30, 'D', -0.41, '2026-06-28 13:32:12'),
(116, 8, 1, 'Quantitative Aptitude', 'Mixed', 17, 25, 68.00, 47.17, 45, 'C', -0.06, '2026-06-18 13:32:12'),
(117, 8, 2, 'Logical Reasoning', 'Mixed', 9, 25, 36.00, 31.82, 7, 'F', -0.94, '2026-06-15 13:32:12'),
(118, 8, 3, 'Verbal Ability', 'Mixed', 11, 25, 44.00, 30.53, 5, 'F', -0.93, '2026-06-14 13:32:12'),
(119, 8, 4, 'Data Interpretation', 'Mixed', 17, 25, 68.00, 44.85, 50, 'C', -0.09, '2026-06-25 13:32:12'),
(120, 8, 5, 'Analytical Reasoning', 'Mixed', 13, 25, 52.00, 41.99, 35, 'D', -0.38, '2026-07-02 13:32:12'),
(121, 9, 1, 'Quantitative Aptitude', 'Mixed', 8, 25, 32.00, 34.44, 11, 'F', -0.62, '2026-07-03 13:32:12'),
(122, 9, 2, 'Logical Reasoning', 'Mixed', 18, 25, 72.00, 53.75, 78, 'B', 0.38, '2026-06-23 13:32:12'),
(123, 9, 3, 'Verbal Ability', 'Mixed', 18, 25, 72.00, 51.86, 72, 'B', 0.55, '2026-06-23 13:32:12'),
(124, 9, 4, 'Data Interpretation', 'Mixed', 20, 25, 80.00, 64.93, 83, 'A', 0.90, '2026-06-16 13:32:12'),
(125, 9, 5, 'Analytical Reasoning', 'Mixed', 22, 25, 88.00, 61.04, 88, 'A', 1.79, '2026-06-27 13:32:12'),
(126, 10, 1, 'Quantitative Aptitude', 'Mixed', 14, 25, 56.00, 38.39, 30, 'D', -0.46, '2026-06-21 13:32:12'),
(127, 10, 2, 'Logical Reasoning', 'Mixed', 15, 25, 60.00, 44.21, 42, 'C', 0.03, '2026-06-23 13:32:12'),
(128, 10, 3, 'Verbal Ability', 'Mixed', 11, 25, 44.00, 30.29, 14, 'F', -0.73, '2026-06-14 13:32:12'),
(129, 10, 4, 'Data Interpretation', 'Mixed', 22, 25, 88.00, 63.60, 82, 'A', 1.58, '2026-07-02 13:32:12'),
(130, 10, 5, 'Analytical Reasoning', 'Mixed', 23, 25, 92.00, 56.47, 97, 'A', 1.41, '2026-07-01 13:32:12'),
(131, 11, 1, 'Quantitative Aptitude', 'Mixed', 21, 25, 84.00, 55.74, 91, 'A', 1.89, '2026-06-20 13:32:12'),
(132, 11, 2, 'Logical Reasoning', 'Mixed', 19, 25, 76.00, 51.04, 71, 'B', 0.46, '2026-06-18 13:32:12'),
(133, 11, 3, 'Verbal Ability', 'Mixed', 8, 25, 32.00, 32.65, 11, 'F', -0.54, '2026-06-15 13:32:12'),
(134, 11, 4, 'Data Interpretation', 'Mixed', 11, 25, 44.00, 31.99, 11, 'F', -0.80, '2026-06-29 13:32:12'),
(135, 11, 5, 'Analytical Reasoning', 'Mixed', 21, 25, 84.00, 55.70, 94, 'A', 1.28, '2026-06-19 13:32:12'),
(136, 12, 1, 'Quantitative Aptitude', 'Mixed', 11, 25, 44.00, 33.10, 6, 'F', -0.59, '2026-07-01 13:32:12'),
(137, 12, 2, 'Logical Reasoning', 'Mixed', 10, 25, 40.00, 35.93, 11, 'F', -0.75, '2026-06-28 13:32:12'),
(138, 12, 3, 'Verbal Ability', 'Mixed', 23, 25, 92.00, 62.65, 87, 'A', 0.72, '2026-06-21 13:32:12'),
(139, 12, 4, 'Data Interpretation', 'Mixed', 8, 25, 32.00, 34.61, 10, 'F', -0.92, '2026-06-24 13:32:12'),
(140, 12, 5, 'Analytical Reasoning', 'Mixed', 13, 25, 52.00, 39.02, 30, 'D', -0.41, '2026-06-26 13:32:12'),
(141, 13, 1, 'Quantitative Aptitude', 'Mixed', 9, 25, 36.00, 35.32, 6, 'F', -0.78, '2026-06-16 13:32:12'),
(142, 13, 2, 'Logical Reasoning', 'Mixed', 8, 25, 32.00, 32.93, 18, 'F', -0.74, '2026-07-02 13:32:12'),
(143, 13, 3, 'Verbal Ability', 'Mixed', 17, 25, 68.00, 43.96, 42, 'C', 0.13, '2026-06-18 13:32:12'),
(144, 13, 4, 'Data Interpretation', 'Mixed', 14, 25, 56.00, 39.43, 30, 'D', -0.27, '2026-07-02 13:32:12'),
(145, 13, 5, 'Analytical Reasoning', 'Mixed', 20, 25, 80.00, 63.51, 86, 'A', 1.46, '2026-07-01 13:32:12'),
(146, 14, 1, 'Quantitative Aptitude', 'Mixed', 17, 25, 68.00, 47.79, 43, 'C', 0.02, '2026-07-01 13:32:12'),
(147, 14, 2, 'Logical Reasoning', 'Mixed', 9, 25, 36.00, 32.45, 9, 'F', -0.54, '2026-07-01 13:32:12'),
(148, 14, 3, 'Verbal Ability', 'Mixed', 22, 25, 88.00, 62.86, 91, 'A', 0.65, '2026-06-18 13:32:12'),
(149, 14, 4, 'Data Interpretation', 'Mixed', 23, 25, 92.00, 56.99, 94, 'A', 1.10, '2026-06-27 13:32:12'),
(150, 14, 5, 'Analytical Reasoning', 'Mixed', 13, 25, 52.00, 41.31, 33, 'D', -0.33, '2026-07-03 13:32:12'),
(151, 15, 1, 'Quantitative Aptitude', 'Mixed', 21, 25, 84.00, 56.00, 82, 'A', 0.67, '2026-06-24 13:32:12'),
(152, 15, 2, 'Logical Reasoning', 'Mixed', 21, 25, 84.00, 63.02, 87, 'A', 1.81, '2026-06-22 13:32:12'),
(153, 15, 3, 'Verbal Ability', 'Mixed', 19, 25, 76.00, 49.84, 72, 'B', 0.64, '2026-06-25 13:32:12'),
(154, 15, 4, 'Data Interpretation', 'Mixed', 11, 25, 44.00, 31.32, 16, 'F', -0.61, '2026-06-28 13:32:12'),
(155, 15, 5, 'Analytical Reasoning', 'Mixed', 8, 25, 32.00, 34.22, 11, 'F', -0.82, '2026-06-14 13:32:12'),
(156, 16, 1, 'Quantitative Aptitude', 'Mixed', 19, 25, 76.00, 50.97, 71, 'B', 0.45, '2026-06-18 13:32:12'),
(157, 16, 2, 'Logical Reasoning', 'Mixed', 10, 25, 40.00, 35.25, 14, 'F', -0.87, '2026-06-24 13:32:12'),
(158, 16, 3, 'Verbal Ability', 'Mixed', 16, 25, 64.00, 46.16, 52, 'C', -0.09, '2026-06-27 13:32:12'),
(159, 16, 4, 'Data Interpretation', 'Mixed', 16, 25, 64.00, 47.29, 46, 'C', 0.08, '2026-07-03 13:32:12'),
(160, 16, 5, 'Analytical Reasoning', 'Mixed', 9, 25, 36.00, 35.36, 7, 'F', -0.78, '2026-07-02 13:32:12'),
(161, 17, 1, 'Quantitative Aptitude', 'Mixed', 22, 25, 88.00, 60.16, 96, 'A', 0.85, '2026-06-17 13:32:12'),
(162, 17, 2, 'Logical Reasoning', 'Mixed', 15, 25, 60.00, 45.53, 56, 'C', -0.19, '2026-06-20 13:32:12'),
(163, 17, 3, 'Verbal Ability', 'Mixed', 20, 25, 80.00, 62.47, 85, 'A', 1.72, '2026-06-29 13:32:12'),
(164, 17, 4, 'Data Interpretation', 'Mixed', 10, 25, 40.00, 32.51, 13, 'F', -0.91, '2026-06-23 13:32:12'),
(165, 17, 5, 'Analytical Reasoning', 'Mixed', 22, 25, 88.00, 57.97, 88, 'A', 0.51, '2026-06-24 13:32:12'),
(166, 18, 1, 'Quantitative Aptitude', 'Mixed', 21, 25, 84.00, 56.81, 80, 'A', 1.93, '2026-06-20 13:32:12'),
(167, 18, 2, 'Logical Reasoning', 'Mixed', 11, 25, 44.00, 31.64, 16, 'F', -0.90, '2026-06-14 13:32:12'),
(168, 18, 3, 'Verbal Ability', 'Mixed', 19, 25, 76.00, 49.33, 71, 'B', 0.43, '2026-06-25 13:32:12'),
(169, 18, 4, 'Data Interpretation', 'Mixed', 13, 25, 52.00, 38.35, 29, 'D', -0.35, '2026-06-29 13:32:12'),
(170, 18, 5, 'Analytical Reasoning', 'Mixed', 19, 25, 76.00, 54.27, 61, 'B', 0.60, '2026-06-19 13:32:12'),
(171, 19, 1, 'Quantitative Aptitude', 'Mixed', 15, 25, 60.00, 43.18, 51, 'C', -0.15, '2026-06-24 13:32:12'),
(172, 19, 2, 'Logical Reasoning', 'Mixed', 17, 25, 68.00, 44.50, 55, 'C', -0.03, '2026-06-19 13:32:12'),
(173, 19, 3, 'Verbal Ability', 'Mixed', 13, 25, 52.00, 41.18, 24, 'D', -0.39, '2026-06-23 13:32:12'),
(174, 19, 4, 'Data Interpretation', 'Mixed', 8, 25, 32.00, 31.76, 5, 'F', -0.77, '2026-06-25 13:32:12'),
(175, 19, 5, 'Analytical Reasoning', 'Mixed', 22, 25, 88.00, 56.20, 82, 'A', 0.72, '2026-06-26 13:32:12'),
(176, 20, 1, 'Quantitative Aptitude', 'Mixed', 16, 25, 64.00, 43.69, 46, 'C', -0.06, '2026-06-18 13:32:12'),
(177, 20, 2, 'Logical Reasoning', 'Mixed', 22, 25, 88.00, 58.43, 81, 'A', 0.82, '2026-06-27 13:32:12'),
(178, 20, 3, 'Verbal Ability', 'Mixed', 15, 25, 60.00, 44.40, 57, 'C', -0.05, '2026-06-27 13:32:12'),
(179, 20, 4, 'Data Interpretation', 'Mixed', 21, 25, 84.00, 59.87, 83, 'A', 1.13, '2026-06-26 13:32:12'),
(180, 20, 5, 'Analytical Reasoning', 'Mixed', 13, 25, 52.00, 39.20, 29, 'D', -0.28, '2026-06-17 13:32:12'),
(181, 21, 1, 'Quantitative Aptitude', 'Mixed', 17, 25, 68.00, 46.19, 40, 'C', 0.00, '2026-07-03 13:32:12'),
(182, 21, 2, 'Logical Reasoning', 'Mixed', 10, 25, 40.00, 34.61, 18, 'F', -0.68, '2026-06-30 13:32:12'),
(183, 21, 3, 'Verbal Ability', 'Mixed', 9, 25, 36.00, 34.64, 17, 'F', -0.99, '2026-06-17 13:32:12'),
(184, 21, 4, 'Data Interpretation', 'Mixed', 19, 25, 76.00, 51.19, 76, 'B', 0.27, '2026-07-03 13:32:12'),
(185, 21, 5, 'Analytical Reasoning', 'Mixed', 16, 25, 64.00, 45.99, 46, 'C', 0.07, '2026-06-21 13:32:12'),
(186, 22, 1, 'Quantitative Aptitude', 'Mixed', 9, 25, 36.00, 31.24, 18, 'F', -0.65, '2026-06-15 13:32:12'),
(187, 22, 2, 'Logical Reasoning', 'Mixed', 21, 25, 84.00, 57.25, 88, 'A', 1.34, '2026-06-23 13:32:12'),
(188, 22, 3, 'Verbal Ability', 'Mixed', 12, 25, 48.00, 32.43, 12, 'F', -0.57, '2026-06-30 13:32:12'),
(189, 22, 4, 'Data Interpretation', 'Mixed', 13, 25, 52.00, 38.46, 23, 'D', -0.41, '2026-06-21 13:32:12'),
(190, 22, 5, 'Analytical Reasoning', 'Mixed', 17, 25, 68.00, 46.05, 42, 'C', -0.16, '2026-06-23 13:32:12'),
(191, 23, 1, 'Quantitative Aptitude', 'Mixed', 12, 25, 48.00, 30.96, 11, 'F', -0.60, '2026-06-21 13:32:12'),
(192, 23, 2, 'Logical Reasoning', 'Mixed', 20, 25, 80.00, 57.80, 80, 'A', 0.70, '2026-06-30 13:32:12'),
(193, 23, 3, 'Verbal Ability', 'Mixed', 22, 25, 88.00, 61.64, 80, 'A', 0.64, '2026-06-29 13:32:12'),
(194, 23, 4, 'Data Interpretation', 'Mixed', 23, 25, 92.00, 63.20, 93, 'A', 0.71, '2026-06-14 13:32:12'),
(195, 23, 5, 'Analytical Reasoning', 'Mixed', 20, 25, 80.00, 58.00, 94, 'A', 1.87, '2026-06-17 13:32:12'),
(196, 24, 1, 'Quantitative Aptitude', 'Mixed', 23, 25, 92.00, 63.40, 82, 'A', 1.03, '2026-06-30 13:32:12'),
(197, 24, 2, 'Logical Reasoning', 'Mixed', 13, 25, 52.00, 38.83, 28, 'D', -0.41, '2026-06-17 13:32:12'),
(198, 24, 3, 'Verbal Ability', 'Mixed', 19, 25, 76.00, 49.90, 62, 'B', 0.24, '2026-06-16 13:32:12'),
(199, 24, 4, 'Data Interpretation', 'Mixed', 23, 25, 92.00, 56.32, 80, 'A', 0.81, '2026-06-18 13:32:12'),
(200, 24, 5, 'Analytical Reasoning', 'Mixed', 22, 25, 88.00, 58.84, 97, 'A', 0.51, '2026-06-26 13:32:12'),
(201, 25, 1, 'Quantitative Aptitude', 'Mixed', 9, 25, 36.00, 34.36, 11, 'F', -0.80, '2026-06-15 13:32:12'),
(202, 25, 2, 'Logical Reasoning', 'Mixed', 13, 25, 52.00, 36.43, 25, 'D', -0.49, '2026-07-01 13:32:12'),
(203, 25, 3, 'Verbal Ability', 'Mixed', 19, 25, 76.00, 51.18, 65, 'B', 0.36, '2026-07-02 13:32:12'),
(204, 25, 4, 'Data Interpretation', 'Mixed', 16, 25, 64.00, 47.71, 56, 'C', -0.08, '2026-06-22 13:32:12'),
(205, 25, 5, 'Analytical Reasoning', 'Mixed', 9, 25, 36.00, 32.11, 18, 'F', -0.53, '2026-06-21 13:32:12'),
(206, 26, 1, 'Quantitative Aptitude', 'Mixed', 11, 25, 44.00, 35.45, 13, 'F', -0.84, '2026-06-29 13:32:12'),
(207, 26, 2, 'Logical Reasoning', 'Mixed', 12, 25, 48.00, 32.29, 10, 'F', -0.57, '2026-06-22 13:32:12'),
(208, 26, 3, 'Verbal Ability', 'Mixed', 21, 25, 84.00, 59.04, 97, 'A', 1.05, '2026-06-27 13:32:12'),
(209, 26, 4, 'Data Interpretation', 'Mixed', 23, 25, 92.00, 56.31, 84, 'A', 1.71, '2026-06-17 13:32:12'),
(210, 26, 5, 'Analytical Reasoning', 'Mixed', 12, 25, 48.00, 32.20, 15, 'F', -0.98, '2026-06-26 13:32:12'),
(211, 27, 1, 'Quantitative Aptitude', 'Mixed', 19, 25, 76.00, 53.51, 62, 'B', 0.50, '2026-06-27 13:32:12'),
(212, 27, 2, 'Logical Reasoning', 'Mixed', 11, 25, 44.00, 34.79, 15, 'F', -0.96, '2026-06-28 13:32:12'),
(213, 27, 3, 'Verbal Ability', 'Mixed', 9, 25, 36.00, 32.52, 17, 'F', -0.63, '2026-07-03 13:32:12'),
(214, 27, 4, 'Data Interpretation', 'Mixed', 16, 25, 64.00, 43.93, 56, 'C', 0.03, '2026-06-26 13:32:12'),
(215, 27, 5, 'Analytical Reasoning', 'Mixed', 12, 25, 48.00, 34.69, 18, 'F', -0.83, '2026-06-30 13:32:12'),
(216, 28, 1, 'Quantitative Aptitude', 'Mixed', 11, 25, 44.00, 34.11, 5, 'F', -0.77, '2026-06-29 13:32:12'),
(217, 28, 2, 'Logical Reasoning', 'Mixed', 22, 25, 88.00, 56.64, 90, 'A', 1.64, '2026-06-29 13:32:12'),
(218, 28, 3, 'Verbal Ability', 'Mixed', 16, 25, 64.00, 43.25, 43, 'C', 0.18, '2026-06-30 13:32:12'),
(219, 28, 4, 'Data Interpretation', 'Mixed', 14, 25, 56.00, 38.36, 27, 'D', -0.34, '2026-06-19 13:32:12'),
(220, 28, 5, 'Analytical Reasoning', 'Mixed', 16, 25, 64.00, 43.38, 47, 'C', 0.03, '2026-06-27 13:32:12'),
(221, 29, 1, 'Quantitative Aptitude', 'Mixed', 13, 25, 52.00, 38.32, 37, 'D', -0.30, '2026-06-23 13:32:12'),
(222, 29, 2, 'Logical Reasoning', 'Mixed', 20, 25, 80.00, 56.11, 93, 'A', 0.92, '2026-06-29 13:32:12'),
(223, 29, 3, 'Verbal Ability', 'Mixed', 8, 25, 32.00, 34.34, 13, 'F', -0.83, '2026-06-20 13:32:12'),
(224, 29, 4, 'Data Interpretation', 'Mixed', 19, 25, 76.00, 53.74, 65, 'B', 0.50, '2026-06-14 13:32:12'),
(225, 29, 5, 'Analytical Reasoning', 'Mixed', 23, 25, 92.00, 64.98, 80, 'A', 1.98, '2026-06-30 13:32:12'),
(226, 30, 1, 'Quantitative Aptitude', 'Mixed', 20, 25, 80.00, 58.15, 91, 'A', 0.99, '2026-07-02 13:32:12'),
(227, 30, 2, 'Logical Reasoning', 'Mixed', 15, 25, 60.00, 45.64, 47, 'C', -0.12, '2026-06-28 13:32:12'),
(228, 30, 3, 'Verbal Ability', 'Mixed', 9, 25, 36.00, 30.02, 5, 'F', -0.67, '2026-06-29 13:32:12'),
(229, 30, 4, 'Data Interpretation', 'Mixed', 8, 25, 32.00, 30.82, 10, 'F', -0.78, '2026-06-27 13:32:12'),
(230, 30, 5, 'Analytical Reasoning', 'Mixed', 16, 25, 64.00, 46.20, 50, 'C', 0.06, '2026-06-20 13:32:12'),
(231, 31, 1, 'Quantitative Aptitude', 'Mixed', 19, 25, 76.00, 52.63, 71, 'B', 0.48, '2026-07-02 13:32:12'),
(232, 31, 2, 'Logical Reasoning', 'Mixed', 17, 25, 68.00, 45.11, 52, 'C', 0.06, '2026-06-21 13:32:12'),
(233, 31, 3, 'Verbal Ability', 'Mixed', 12, 25, 48.00, 30.72, 12, 'F', -0.81, '2026-06-14 13:32:12'),
(234, 31, 4, 'Data Interpretation', 'Mixed', 16, 25, 64.00, 46.02, 47, 'C', 0.06, '2026-07-02 13:32:12'),
(235, 31, 5, 'Analytical Reasoning', 'Mixed', 8, 25, 32.00, 30.01, 19, 'F', -0.99, '2026-06-20 13:32:12'),
(236, 32, 1, 'Quantitative Aptitude', 'Mixed', 17, 25, 68.00, 47.18, 50, 'C', 0.17, '2026-07-03 13:32:12'),
(237, 32, 2, 'Logical Reasoning', 'Mixed', 18, 25, 72.00, 51.31, 62, 'B', 0.24, '2026-06-29 13:32:12'),
(238, 32, 3, 'Verbal Ability', 'Mixed', 18, 25, 72.00, 54.05, 72, 'B', 0.48, '2026-06-18 13:32:12'),
(239, 32, 4, 'Data Interpretation', 'Mixed', 20, 25, 80.00, 63.30, 84, 'A', 1.45, '2026-06-19 13:32:12'),
(240, 32, 5, 'Analytical Reasoning', 'Mixed', 22, 25, 88.00, 62.43, 96, 'A', 0.92, '2026-07-01 13:32:12'),
(241, 33, 1, 'Quantitative Aptitude', 'Mixed', 22, 25, 88.00, 61.98, 91, 'A', 0.94, '2026-06-14 13:32:12'),
(242, 33, 2, 'Logical Reasoning', 'Mixed', 23, 25, 92.00, 59.73, 81, 'A', 0.64, '2026-06-14 13:32:12'),
(243, 33, 3, 'Verbal Ability', 'Mixed', 19, 25, 76.00, 54.12, 70, 'B', 0.50, '2026-06-30 13:32:12'),
(244, 33, 4, 'Data Interpretation', 'Mixed', 10, 25, 40.00, 33.46, 9, 'F', -0.90, '2026-06-19 13:32:12'),
(245, 33, 5, 'Analytical Reasoning', 'Mixed', 20, 25, 80.00, 62.68, 80, 'A', 1.41, '2026-06-18 13:32:12'),
(246, 34, 1, 'Quantitative Aptitude', 'Mixed', 20, 25, 80.00, 56.12, 88, 'A', 1.56, '2026-06-15 13:32:12'),
(247, 34, 2, 'Logical Reasoning', 'Mixed', 11, 25, 44.00, 33.73, 10, 'F', -0.88, '2026-07-02 13:32:12'),
(248, 34, 3, 'Verbal Ability', 'Mixed', 11, 25, 44.00, 31.90, 8, 'F', -0.61, '2026-06-29 13:32:12'),
(249, 34, 4, 'Data Interpretation', 'Mixed', 14, 25, 56.00, 39.19, 31, 'D', -0.40, '2026-06-24 13:32:12'),
(250, 34, 5, 'Analytical Reasoning', 'Mixed', 16, 25, 64.00, 47.04, 45, 'C', -0.08, '2026-07-03 13:32:12'),
(251, 35, 1, 'Quantitative Aptitude', 'Mixed', 12, 25, 48.00, 34.11, 12, 'F', -0.84, '2026-06-25 13:32:12'),
(252, 35, 2, 'Logical Reasoning', 'Mixed', 16, 25, 64.00, 42.51, 54, 'C', 0.02, '2026-06-21 13:32:12'),
(253, 35, 3, 'Verbal Ability', 'Mixed', 21, 25, 84.00, 58.25, 89, 'A', 1.07, '2026-06-25 13:32:12'),
(254, 35, 4, 'Data Interpretation', 'Mixed', 20, 25, 80.00, 64.15, 85, 'A', 1.15, '2026-06-21 13:32:12'),
(255, 35, 5, 'Analytical Reasoning', 'Mixed', 13, 25, 52.00, 39.02, 28, 'D', -0.29, '2026-06-19 13:32:12'),
(256, 36, 1, 'Quantitative Aptitude', 'Mixed', 13, 25, 52.00, 39.55, 27, 'D', -0.34, '2026-07-02 13:32:12'),
(257, 36, 2, 'Logical Reasoning', 'Mixed', 13, 25, 52.00, 36.92, 28, 'D', -0.37, '2026-06-17 13:32:12'),
(258, 36, 3, 'Verbal Ability', 'Mixed', 19, 25, 76.00, 52.47, 73, 'B', 0.28, '2026-06-21 13:32:12'),
(259, 36, 4, 'Data Interpretation', 'Mixed', 8, 25, 32.00, 33.72, 5, 'F', -0.82, '2026-06-28 13:32:12'),
(260, 36, 5, 'Analytical Reasoning', 'Mixed', 13, 25, 52.00, 39.70, 25, 'D', -0.22, '2026-06-24 13:32:12'),
(261, 37, 1, 'Quantitative Aptitude', 'Mixed', 16, 25, 64.00, 42.31, 44, 'C', -0.06, '2026-07-03 13:32:12'),
(262, 37, 2, 'Logical Reasoning', 'Mixed', 15, 25, 60.00, 42.97, 55, 'C', -0.07, '2026-06-21 13:32:12'),
(263, 37, 3, 'Verbal Ability', 'Mixed', 20, 25, 80.00, 55.11, 89, 'A', 1.79, '2026-06-26 13:32:12'),
(264, 37, 4, 'Data Interpretation', 'Mixed', 13, 25, 52.00, 38.50, 38, 'D', -0.29, '2026-06-19 13:32:13'),
(265, 37, 5, 'Analytical Reasoning', 'Mixed', 19, 25, 76.00, 54.34, 65, 'B', 0.41, '2026-06-21 13:32:13'),
(266, 38, 1, 'Quantitative Aptitude', 'Mixed', 12, 25, 48.00, 33.87, 16, 'F', -0.76, '2026-06-16 13:32:13'),
(267, 38, 2, 'Logical Reasoning', 'Mixed', 9, 25, 36.00, 30.80, 19, 'F', -0.56, '2026-06-22 13:32:13'),
(268, 38, 3, 'Verbal Ability', 'Mixed', 23, 25, 92.00, 60.97, 92, 'A', 0.66, '2026-06-23 13:32:13'),
(269, 38, 4, 'Data Interpretation', 'Mixed', 19, 25, 76.00, 51.74, 76, 'B', 0.67, '2026-06-19 13:32:13'),
(270, 38, 5, 'Analytical Reasoning', 'Mixed', 9, 25, 36.00, 30.39, 12, 'F', -0.86, '2026-06-26 13:32:13'),
(271, 39, 1, 'Quantitative Aptitude', 'Mixed', 12, 25, 48.00, 31.14, 10, 'F', -0.91, '2026-06-27 13:32:13'),
(272, 39, 2, 'Logical Reasoning', 'Mixed', 17, 25, 68.00, 45.29, 43, 'C', 0.14, '2026-06-29 13:32:13'),
(273, 39, 3, 'Verbal Ability', 'Mixed', 16, 25, 64.00, 44.80, 45, 'C', -0.20, '2026-07-01 13:32:13'),
(274, 39, 4, 'Data Interpretation', 'Mixed', 19, 25, 76.00, 50.43, 75, 'B', 0.36, '2026-06-15 13:32:13'),
(275, 39, 5, 'Analytical Reasoning', 'Mixed', 11, 25, 44.00, 32.71, 19, 'F', -0.78, '2026-06-25 13:32:13'),
(276, 40, 1, 'Quantitative Aptitude', 'Mixed', 11, 25, 44.00, 34.57, 7, 'F', -0.56, '2026-06-25 13:32:13'),
(277, 40, 2, 'Logical Reasoning', 'Mixed', 17, 25, 68.00, 44.03, 43, 'C', 0.13, '2026-06-14 13:32:13'),
(278, 40, 3, 'Verbal Ability', 'Mixed', 10, 25, 40.00, 34.49, 13, 'F', -0.97, '2026-06-22 13:32:13'),
(279, 40, 4, 'Data Interpretation', 'Mixed', 10, 25, 40.00, 30.95, 10, 'F', -0.93, '2026-06-24 13:32:13'),
(280, 40, 5, 'Analytical Reasoning', 'Mixed', 11, 25, 44.00, 32.53, 9, 'F', -0.70, '2026-06-30 13:32:13'),
(281, 41, 1, 'Quantitative Aptitude', 'Mixed', 22, 25, 88.00, 62.28, 86, 'A', 0.64, '2026-06-20 13:32:13'),
(282, 41, 2, 'Logical Reasoning', 'Mixed', 10, 25, 40.00, 34.83, 11, 'F', -0.57, '2026-06-17 13:32:13'),
(283, 41, 3, 'Verbal Ability', 'Mixed', 19, 25, 76.00, 51.28, 78, 'B', 0.26, '2026-06-23 13:32:13'),
(284, 41, 4, 'Data Interpretation', 'Mixed', 18, 25, 72.00, 53.58, 73, 'B', 0.58, '2026-07-01 13:32:13'),
(285, 41, 5, 'Analytical Reasoning', 'Mixed', 17, 25, 68.00, 45.85, 54, 'C', -0.01, '2026-06-14 13:32:13'),
(286, 42, 1, 'Quantitative Aptitude', 'Mixed', 16, 25, 64.00, 46.32, 52, 'C', 0.06, '2026-07-02 13:32:13'),
(287, 42, 2, 'Logical Reasoning', 'Mixed', 15, 25, 60.00, 46.41, 51, 'C', -0.19, '2026-06-15 13:32:13'),
(288, 42, 3, 'Verbal Ability', 'Mixed', 18, 25, 72.00, 49.87, 66, 'B', 0.53, '2026-06-14 13:32:13'),
(289, 42, 4, 'Data Interpretation', 'Mixed', 20, 25, 80.00, 55.70, 81, 'A', 0.64, '2026-07-01 13:32:13'),
(290, 42, 5, 'Analytical Reasoning', 'Mixed', 13, 25, 52.00, 40.54, 33, 'D', -0.39, '2026-06-26 13:32:13'),
(291, 43, 1, 'Quantitative Aptitude', 'Mixed', 19, 25, 76.00, 51.92, 62, 'B', 0.48, '2026-06-15 13:32:13'),
(292, 43, 2, 'Logical Reasoning', 'Mixed', 12, 25, 48.00, 34.66, 14, 'F', -0.63, '2026-06-14 13:32:13'),
(293, 43, 3, 'Verbal Ability', 'Mixed', 21, 25, 84.00, 59.04, 95, 'A', 1.10, '2026-06-15 13:32:13'),
(294, 43, 4, 'Data Interpretation', 'Mixed', 10, 25, 40.00, 35.63, 11, 'F', -0.95, '2026-06-29 13:32:13'),
(295, 43, 5, 'Analytical Reasoning', 'Mixed', 21, 25, 84.00, 58.69, 82, 'A', 1.37, '2026-06-25 13:32:13'),
(296, 44, 1, 'Quantitative Aptitude', 'Mixed', 21, 25, 84.00, 64.56, 81, 'A', 1.84, '2026-06-21 13:32:13'),
(297, 44, 2, 'Logical Reasoning', 'Mixed', 20, 25, 80.00, 62.54, 93, 'A', 0.52, '2026-06-25 13:32:13'),
(298, 44, 3, 'Verbal Ability', 'Mixed', 21, 25, 84.00, 64.19, 98, 'A', 1.81, '2026-07-01 13:32:13'),
(299, 44, 4, 'Data Interpretation', 'Mixed', 18, 25, 72.00, 54.70, 75, 'B', 0.70, '2026-07-01 13:32:13'),
(300, 44, 5, 'Analytical Reasoning', 'Mixed', 12, 25, 48.00, 33.72, 16, 'F', -0.95, '2026-07-03 13:32:13'),
(301, 45, 1, 'Quantitative Aptitude', 'Mixed', 20, 25, 80.00, 57.04, 84, 'A', 1.88, '2026-06-20 13:32:13'),
(302, 45, 2, 'Logical Reasoning', 'Mixed', 17, 25, 68.00, 45.88, 51, 'C', 0.15, '2026-07-02 13:32:13'),
(303, 45, 3, 'Verbal Ability', 'Mixed', 17, 25, 68.00, 43.04, 48, 'C', 0.12, '2026-06-17 13:32:13'),
(304, 45, 4, 'Data Interpretation', 'Mixed', 17, 25, 68.00, 46.04, 44, 'C', 0.08, '2026-06-30 13:32:13'),
(305, 45, 5, 'Analytical Reasoning', 'Mixed', 11, 25, 44.00, 30.46, 16, 'F', -0.73, '2026-06-25 13:32:13'),
(306, 46, 1, 'Quantitative Aptitude', 'Mixed', 8, 25, 32.00, 33.33, 14, 'F', -0.64, '2026-06-24 13:32:13'),
(307, 46, 2, 'Logical Reasoning', 'Mixed', 14, 25, 56.00, 38.93, 23, 'D', -0.27, '2026-06-25 13:32:13'),
(308, 46, 3, 'Verbal Ability', 'Mixed', 19, 25, 76.00, 51.50, 62, 'B', 0.26, '2026-06-28 13:32:13'),
(309, 46, 4, 'Data Interpretation', 'Mixed', 23, 25, 92.00, 60.78, 84, 'A', 1.83, '2026-06-24 13:32:13'),
(310, 46, 5, 'Analytical Reasoning', 'Mixed', 17, 25, 68.00, 43.38, 46, 'C', 0.04, '2026-06-14 13:32:13'),
(311, 47, 1, 'Quantitative Aptitude', 'Mixed', 22, 25, 88.00, 62.56, 86, 'A', 1.22, '2026-06-25 13:32:13'),
(312, 47, 2, 'Logical Reasoning', 'Mixed', 10, 25, 40.00, 32.09, 15, 'F', -0.83, '2026-06-24 13:32:13'),
(313, 47, 3, 'Verbal Ability', 'Mixed', 13, 25, 52.00, 41.68, 23, 'D', -0.44, '2026-06-14 13:32:13'),
(314, 47, 4, 'Data Interpretation', 'Mixed', 14, 25, 56.00, 39.78, 31, 'D', -0.45, '2026-07-01 13:32:13'),
(315, 47, 5, 'Analytical Reasoning', 'Mixed', 20, 25, 80.00, 57.47, 93, 'A', 1.27, '2026-06-18 13:32:13'),
(316, 48, 1, 'Quantitative Aptitude', 'Mixed', 19, 25, 76.00, 54.78, 63, 'B', 0.31, '2026-07-01 13:32:13'),
(317, 48, 2, 'Logical Reasoning', 'Mixed', 23, 25, 92.00, 63.98, 94, 'A', 1.36, '2026-06-30 13:32:13'),
(318, 48, 3, 'Verbal Ability', 'Mixed', 17, 25, 68.00, 47.09, 51, 'C', 0.02, '2026-06-23 13:32:13'),
(319, 48, 4, 'Data Interpretation', 'Mixed', 19, 25, 76.00, 48.70, 66, 'B', 0.22, '2026-06-24 13:32:13'),
(320, 48, 5, 'Analytical Reasoning', 'Mixed', 11, 25, 44.00, 32.32, 12, 'F', -0.59, '2026-06-30 13:32:13'),
(321, 49, 1, 'Quantitative Aptitude', 'Mixed', 16, 25, 64.00, 46.69, 53, 'C', -0.17, '2026-07-01 13:32:13'),
(322, 49, 2, 'Logical Reasoning', 'Mixed', 16, 25, 64.00, 43.49, 41, 'C', -0.05, '2026-06-19 13:32:13'),
(323, 49, 3, 'Verbal Ability', 'Mixed', 14, 25, 56.00, 38.24, 21, 'D', -0.22, '2026-06-30 13:32:13'),
(324, 49, 4, 'Data Interpretation', 'Mixed', 20, 25, 80.00, 58.80, 96, 'A', 1.02, '2026-07-01 13:32:13'),
(325, 49, 5, 'Analytical Reasoning', 'Mixed', 9, 25, 36.00, 35.76, 14, 'F', -0.98, '2026-06-25 13:32:13'),
(326, 50, 1, 'Quantitative Aptitude', 'Mixed', 11, 25, 44.00, 33.83, 13, 'F', -0.56, '2026-06-15 13:32:13'),
(327, 50, 2, 'Logical Reasoning', 'Mixed', 23, 25, 92.00, 56.90, 97, 'A', 0.52, '2026-06-15 13:32:13'),
(328, 50, 3, 'Verbal Ability', 'Mixed', 23, 25, 92.00, 58.31, 89, 'A', 0.57, '2026-06-23 13:32:13'),
(329, 50, 4, 'Data Interpretation', 'Mixed', 11, 25, 44.00, 32.52, 18, 'F', -0.79, '2026-07-02 13:32:13'),
(330, 50, 5, 'Analytical Reasoning', 'Mixed', 21, 25, 84.00, 62.44, 89, 'A', 0.61, '2026-06-28 13:32:13'),
(331, 51, 1, 'Quantitative Aptitude', 'Mixed', 21, 25, 84.00, 55.08, 88, 'A', 1.28, '2026-06-27 13:32:13'),
(332, 51, 2, 'Logical Reasoning', 'Mixed', 11, 25, 44.00, 33.05, 12, 'F', -0.99, '2026-06-16 13:32:13'),
(333, 51, 3, 'Verbal Ability', 'Mixed', 8, 25, 32.00, 35.83, 14, 'F', -0.80, '2026-06-27 13:32:13'),
(334, 51, 4, 'Data Interpretation', 'Mixed', 18, 25, 72.00, 54.18, 65, 'B', 0.39, '2026-06-19 13:32:13'),
(335, 51, 5, 'Analytical Reasoning', 'Mixed', 21, 25, 84.00, 64.05, 84, 'A', 0.65, '2026-06-25 13:32:13'),
(336, 52, 1, 'Quantitative Aptitude', 'Mixed', 14, 25, 56.00, 36.37, 33, 'D', -0.24, '2026-06-27 13:32:13'),
(337, 52, 2, 'Logical Reasoning', 'Mixed', 17, 25, 68.00, 44.99, 58, 'C', 0.14, '2026-06-27 13:32:13'),
(338, 52, 3, 'Verbal Ability', 'Mixed', 20, 25, 80.00, 62.21, 89, 'A', 0.55, '2026-06-26 13:32:13'),
(339, 52, 4, 'Data Interpretation', 'Mixed', 15, 25, 60.00, 47.33, 45, 'C', -0.18, '2026-06-17 13:32:13'),
(340, 52, 5, 'Analytical Reasoning', 'Mixed', 12, 25, 48.00, 34.89, 8, 'F', -0.53, '2026-06-16 13:32:13'),
(341, 53, 1, 'Quantitative Aptitude', 'Mixed', 17, 25, 68.00, 42.84, 50, 'C', -0.04, '2026-06-29 13:32:13'),
(342, 53, 2, 'Logical Reasoning', 'Mixed', 15, 25, 60.00, 45.42, 48, 'C', 0.12, '2026-06-25 13:32:13'),
(343, 53, 3, 'Verbal Ability', 'Mixed', 20, 25, 80.00, 56.15, 89, 'A', 1.54, '2026-07-01 13:32:13'),
(344, 53, 4, 'Data Interpretation', 'Mixed', 8, 25, 32.00, 32.84, 13, 'F', -0.54, '2026-06-22 13:32:13'),
(345, 53, 5, 'Analytical Reasoning', 'Mixed', 9, 25, 36.00, 30.11, 7, 'F', -0.68, '2026-06-20 13:32:13'),
(346, 54, 1, 'Quantitative Aptitude', 'Mixed', 23, 25, 92.00, 57.78, 96, 'A', 1.77, '2026-06-24 13:32:13'),
(347, 54, 2, 'Logical Reasoning', 'Mixed', 20, 25, 80.00, 64.70, 88, 'A', 1.19, '2026-06-24 13:32:13'),
(348, 54, 3, 'Verbal Ability', 'Mixed', 21, 25, 84.00, 62.90, 86, 'A', 1.80, '2026-06-25 13:32:13'),
(349, 54, 4, 'Data Interpretation', 'Mixed', 23, 25, 92.00, 57.03, 82, 'A', 1.43, '2026-07-01 13:32:13'),
(350, 54, 5, 'Analytical Reasoning', 'Mixed', 12, 25, 48.00, 33.96, 14, 'F', -0.55, '2026-06-30 13:32:13'),
(351, 55, 1, 'Quantitative Aptitude', 'Mixed', 22, 25, 88.00, 56.18, 80, 'A', 0.78, '2026-06-17 13:32:13'),
(352, 55, 2, 'Logical Reasoning', 'Mixed', 23, 25, 92.00, 59.60, 96, 'A', 1.23, '2026-06-17 13:32:13'),
(353, 55, 3, 'Verbal Ability', 'Mixed', 18, 25, 72.00, 50.08, 76, 'B', 0.63, '2026-06-23 13:32:13'),
(354, 55, 4, 'Data Interpretation', 'Mixed', 9, 25, 36.00, 33.24, 11, 'F', -0.62, '2026-06-23 13:32:13'),
(355, 55, 5, 'Analytical Reasoning', 'Mixed', 14, 25, 56.00, 40.17, 26, 'D', -0.39, '2026-06-21 13:32:13'),
(356, 56, 1, 'Quantitative Aptitude', 'Mixed', 9, 25, 36.00, 32.36, 10, 'F', -0.74, '2026-06-18 13:32:13'),
(357, 56, 2, 'Logical Reasoning', 'Mixed', 19, 25, 76.00, 48.38, 70, 'B', 0.32, '2026-06-22 13:32:13'),
(358, 56, 3, 'Verbal Ability', 'Mixed', 12, 25, 48.00, 34.86, 17, 'F', -0.63, '2026-06-20 13:32:13'),
(359, 56, 4, 'Data Interpretation', 'Mixed', 22, 25, 88.00, 59.54, 80, 'A', 1.13, '2026-06-21 13:32:13'),
(360, 56, 5, 'Analytical Reasoning', 'Mixed', 11, 25, 44.00, 31.95, 5, 'F', -0.90, '2026-07-01 13:32:13'),
(361, 57, 1, 'Quantitative Aptitude', 'Mixed', 17, 25, 68.00, 42.10, 47, 'C', 0.02, '2026-07-03 13:32:13'),
(362, 57, 2, 'Logical Reasoning', 'Mixed', 21, 25, 84.00, 64.05, 85, 'A', 0.61, '2026-06-18 13:32:13'),
(363, 57, 3, 'Verbal Ability', 'Mixed', 9, 25, 36.00, 34.19, 13, 'F', -0.51, '2026-06-21 13:32:13'),
(364, 57, 4, 'Data Interpretation', 'Mixed', 14, 25, 56.00, 36.81, 35, 'D', -0.42, '2026-06-18 13:32:13'),
(365, 57, 5, 'Analytical Reasoning', 'Mixed', 14, 25, 56.00, 39.99, 32, 'D', -0.33, '2026-06-29 13:32:13'),
(366, 58, 1, 'Quantitative Aptitude', 'Mixed', 10, 25, 40.00, 33.37, 7, 'F', -0.89, '2026-07-02 13:32:13'),
(367, 58, 2, 'Logical Reasoning', 'Mixed', 8, 25, 32.00, 30.60, 19, 'F', -0.58, '2026-06-20 13:32:13'),
(368, 58, 3, 'Verbal Ability', 'Mixed', 13, 25, 52.00, 37.38, 24, 'D', -0.31, '2026-06-24 13:32:13'),
(369, 58, 4, 'Data Interpretation', 'Mixed', 17, 25, 68.00, 43.22, 44, 'C', 0.04, '2026-06-23 13:32:13'),
(370, 58, 5, 'Analytical Reasoning', 'Mixed', 23, 25, 92.00, 61.57, 86, 'A', 0.98, '2026-06-21 13:32:13'),
(371, 59, 1, 'Quantitative Aptitude', 'Mixed', 9, 25, 36.00, 31.15, 17, 'F', -0.65, '2026-06-20 13:32:13'),
(372, 59, 2, 'Logical Reasoning', 'Mixed', 22, 25, 88.00, 55.15, 81, 'A', 1.00, '2026-06-26 13:32:13'),
(373, 59, 3, 'Verbal Ability', 'Mixed', 18, 25, 72.00, 52.86, 61, 'B', 0.27, '2026-06-28 13:32:13'),
(374, 59, 4, 'Data Interpretation', 'Mixed', 10, 25, 40.00, 32.61, 8, 'F', -0.51, '2026-06-18 13:32:13'),
(375, 59, 5, 'Analytical Reasoning', 'Mixed', 13, 25, 52.00, 37.37, 27, 'D', -0.43, '2026-06-25 13:32:13'),
(376, 60, 1, 'Quantitative Aptitude', 'Mixed', 20, 25, 80.00, 58.50, 89, 'A', 1.62, '2026-06-24 13:32:13'),
(377, 60, 2, 'Logical Reasoning', 'Mixed', 22, 25, 88.00, 62.76, 90, 'A', 0.65, '2026-06-23 13:32:13'),
(378, 60, 3, 'Verbal Ability', 'Mixed', 22, 25, 88.00, 57.67, 86, 'A', 0.50, '2026-06-17 13:32:13'),
(379, 60, 4, 'Data Interpretation', 'Mixed', 10, 25, 40.00, 33.90, 14, 'F', -0.89, '2026-07-01 13:32:13'),
(380, 60, 5, 'Analytical Reasoning', 'Mixed', 21, 25, 84.00, 55.33, 87, 'A', 1.90, '2026-06-18 13:32:13'),
(381, 61, 1, 'Quantitative Aptitude', 'Mixed', 18, 25, 72.00, 54.59, 74, 'B', 0.69, '2026-07-02 13:32:13'),
(382, 61, 2, 'Logical Reasoning', 'Mixed', 8, 25, 32.00, 32.22, 7, 'F', -0.56, '2026-06-16 13:32:13'),
(383, 61, 3, 'Verbal Ability', 'Mixed', 19, 25, 76.00, 52.78, 70, 'B', 0.68, '2026-06-21 13:32:13'),
(384, 61, 4, 'Data Interpretation', 'Mixed', 15, 25, 60.00, 42.25, 54, 'C', -0.01, '2026-06-22 13:32:13'),
(385, 61, 5, 'Analytical Reasoning', 'Mixed', 19, 25, 76.00, 50.67, 62, 'B', 0.66, '2026-06-22 13:32:13'),
(386, 62, 1, 'Quantitative Aptitude', 'Mixed', 16, 25, 64.00, 43.70, 42, 'C', 0.10, '2026-06-17 13:32:13'),
(387, 62, 2, 'Logical Reasoning', 'Mixed', 20, 25, 80.00, 63.93, 81, 'A', 1.19, '2026-06-18 13:32:13'),
(388, 62, 3, 'Verbal Ability', 'Mixed', 19, 25, 76.00, 51.87, 66, 'B', 0.27, '2026-06-30 13:32:13'),
(389, 62, 4, 'Data Interpretation', 'Mixed', 18, 25, 72.00, 50.69, 65, 'B', 0.64, '2026-06-27 13:32:13'),
(390, 62, 5, 'Analytical Reasoning', 'Mixed', 18, 25, 72.00, 48.61, 63, 'B', 0.41, '2026-06-21 13:32:13'),
(391, 63, 1, 'Quantitative Aptitude', 'Mixed', 18, 25, 72.00, 49.59, 74, 'B', 0.43, '2026-06-29 13:32:13'),
(392, 63, 2, 'Logical Reasoning', 'Mixed', 20, 25, 80.00, 64.95, 82, 'A', 0.91, '2026-06-18 13:32:13'),
(393, 63, 3, 'Verbal Ability', 'Mixed', 14, 25, 56.00, 40.52, 26, 'D', -0.26, '2026-06-24 13:32:13'),
(394, 63, 4, 'Data Interpretation', 'Mixed', 13, 25, 52.00, 38.28, 21, 'D', -0.42, '2026-07-01 13:32:13'),
(395, 63, 5, 'Analytical Reasoning', 'Mixed', 15, 25, 60.00, 46.96, 58, 'C', -0.18, '2026-06-27 13:32:13'),
(396, 64, 1, 'Quantitative Aptitude', 'Mixed', 18, 25, 72.00, 52.80, 68, 'B', 0.36, '2026-06-30 13:32:13'),
(397, 64, 2, 'Logical Reasoning', 'Mixed', 17, 25, 68.00, 45.59, 50, 'C', -0.01, '2026-06-17 13:32:13'),
(398, 64, 3, 'Verbal Ability', 'Mixed', 18, 25, 72.00, 51.36, 66, 'B', 0.54, '2026-06-27 13:32:13'),
(399, 64, 4, 'Data Interpretation', 'Mixed', 17, 25, 68.00, 44.04, 51, 'C', -0.19, '2026-06-14 13:32:13'),
(400, 64, 5, 'Analytical Reasoning', 'Mixed', 9, 25, 36.00, 35.79, 17, 'F', -0.67, '2026-06-29 13:32:13'),
(401, 65, 1, 'Quantitative Aptitude', 'Mixed', 17, 25, 68.00, 46.77, 40, 'C', -0.08, '2026-06-17 13:32:13'),
(402, 65, 2, 'Logical Reasoning', 'Mixed', 22, 25, 88.00, 55.64, 95, 'A', 0.74, '2026-06-14 13:32:13'),
(403, 65, 3, 'Verbal Ability', 'Mixed', 13, 25, 52.00, 36.56, 38, 'D', -0.25, '2026-06-20 13:32:13'),
(404, 65, 4, 'Data Interpretation', 'Mixed', 12, 25, 48.00, 34.93, 12, 'F', -0.73, '2026-06-15 13:32:13'),
(405, 65, 5, 'Analytical Reasoning', 'Mixed', 9, 25, 36.00, 31.86, 11, 'F', -0.64, '2026-07-01 13:32:13'),
(406, 66, 1, 'Quantitative Aptitude', 'Mixed', 15, 25, 60.00, 42.20, 49, 'C', 0.15, '2026-06-24 13:32:13'),
(407, 66, 2, 'Logical Reasoning', 'Mixed', 21, 25, 84.00, 57.39, 98, 'A', 1.62, '2026-07-03 13:32:13'),
(408, 66, 3, 'Verbal Ability', 'Mixed', 12, 25, 48.00, 33.99, 11, 'F', -0.85, '2026-06-30 13:32:13'),
(409, 66, 4, 'Data Interpretation', 'Mixed', 17, 25, 68.00, 47.11, 52, 'C', 0.02, '2026-06-21 13:32:13'),
(410, 66, 5, 'Analytical Reasoning', 'Mixed', 10, 25, 40.00, 30.51, 15, 'F', -0.55, '2026-06-27 13:32:13'),
(411, 67, 1, 'Quantitative Aptitude', 'Mixed', 14, 25, 56.00, 41.39, 28, 'D', -0.50, '2026-06-21 13:32:13'),
(412, 67, 2, 'Logical Reasoning', 'Mixed', 18, 25, 72.00, 49.89, 60, 'B', 0.42, '2026-06-28 13:32:13'),
(413, 67, 3, 'Verbal Ability', 'Mixed', 11, 25, 44.00, 33.59, 13, 'F', -0.77, '2026-07-01 13:32:13'),
(414, 67, 4, 'Data Interpretation', 'Mixed', 22, 25, 88.00, 59.66, 85, 'A', 0.53, '2026-06-15 13:32:13'),
(415, 67, 5, 'Analytical Reasoning', 'Mixed', 21, 25, 84.00, 57.78, 86, 'A', 1.03, '2026-06-16 13:32:13'),
(416, 68, 1, 'Quantitative Aptitude', 'Mixed', 13, 25, 52.00, 39.55, 30, 'D', -0.46, '2026-07-02 13:32:13'),
(417, 68, 2, 'Logical Reasoning', 'Mixed', 18, 25, 72.00, 52.89, 61, 'B', 0.27, '2026-06-30 13:32:13'),
(418, 68, 3, 'Verbal Ability', 'Mixed', 20, 25, 80.00, 55.79, 90, 'A', 0.91, '2026-06-22 13:32:13'),
(419, 68, 4, 'Data Interpretation', 'Mixed', 12, 25, 48.00, 31.48, 10, 'F', -0.69, '2026-06-30 13:32:13'),
(420, 68, 5, 'Analytical Reasoning', 'Mixed', 17, 25, 68.00, 44.05, 55, 'C', 0.06, '2026-06-15 13:32:13'),
(421, 69, 1, 'Quantitative Aptitude', 'Mixed', 13, 25, 52.00, 36.01, 31, 'D', -0.26, '2026-07-01 13:32:13'),
(422, 69, 2, 'Logical Reasoning', 'Mixed', 20, 25, 80.00, 57.30, 91, 'A', 1.27, '2026-06-27 13:32:13'),
(423, 69, 3, 'Verbal Ability', 'Mixed', 20, 25, 80.00, 64.57, 84, 'A', 1.77, '2026-06-26 13:32:13'),
(424, 69, 4, 'Data Interpretation', 'Mixed', 10, 25, 40.00, 34.36, 15, 'F', -0.68, '2026-06-25 13:32:13'),
(425, 69, 5, 'Analytical Reasoning', 'Mixed', 21, 25, 84.00, 64.49, 88, 'A', 0.66, '2026-06-28 13:32:13'),
(426, 70, 1, 'Quantitative Aptitude', 'Mixed', 8, 25, 32.00, 35.38, 9, 'F', -0.80, '2026-06-20 13:32:13'),
(427, 70, 2, 'Logical Reasoning', 'Mixed', 18, 25, 72.00, 48.95, 78, 'B', 0.31, '2026-06-22 13:32:13'),
(428, 70, 3, 'Verbal Ability', 'Mixed', 22, 25, 88.00, 60.00, 97, 'A', 1.78, '2026-06-29 13:32:13'),
(429, 70, 4, 'Data Interpretation', 'Mixed', 11, 25, 44.00, 30.17, 12, 'F', -0.73, '2026-06-25 13:32:13'),
(430, 70, 5, 'Analytical Reasoning', 'Mixed', 16, 25, 64.00, 44.68, 40, 'C', -0.04, '2026-06-18 13:32:13'),
(431, 71, 1, 'Quantitative Aptitude', 'Mixed', 21, 25, 84.00, 60.40, 85, 'A', 1.71, '2026-06-18 13:32:13'),
(432, 71, 2, 'Logical Reasoning', 'Mixed', 9, 25, 36.00, 32.48, 14, 'F', -0.93, '2026-06-15 13:32:13'),
(433, 71, 3, 'Verbal Ability', 'Mixed', 19, 25, 76.00, 52.82, 63, 'B', 0.58, '2026-06-18 13:32:13'),
(434, 71, 4, 'Data Interpretation', 'Mixed', 12, 25, 48.00, 32.89, 8, 'F', -0.97, '2026-06-18 13:32:13'),
(435, 71, 5, 'Analytical Reasoning', 'Mixed', 11, 25, 44.00, 30.64, 8, 'F', -0.62, '2026-06-14 13:32:13'),
(436, 72, 1, 'Quantitative Aptitude', 'Mixed', 10, 25, 40.00, 33.98, 17, 'F', -0.59, '2026-06-30 13:32:13'),
(437, 72, 2, 'Logical Reasoning', 'Mixed', 14, 25, 56.00, 37.88, 20, 'D', -0.35, '2026-06-29 13:32:13'),
(438, 72, 3, 'Verbal Ability', 'Mixed', 9, 25, 36.00, 31.08, 17, 'F', -0.66, '2026-06-19 13:32:13'),
(439, 72, 4, 'Data Interpretation', 'Mixed', 23, 25, 92.00, 63.55, 80, 'A', 1.63, '2026-06-24 13:32:13'),
(440, 72, 5, 'Analytical Reasoning', 'Mixed', 14, 25, 56.00, 36.79, 25, 'D', -0.36, '2026-07-02 13:32:13'),
(441, 73, 1, 'Quantitative Aptitude', 'Mixed', 17, 25, 68.00, 44.05, 56, 'C', 0.05, '2026-06-28 13:32:13'),
(442, 73, 2, 'Logical Reasoning', 'Mixed', 19, 25, 76.00, 53.27, 68, 'B', 0.59, '2026-06-15 13:32:13'),
(443, 73, 3, 'Verbal Ability', 'Mixed', 13, 25, 52.00, 41.38, 29, 'D', -0.20, '2026-06-18 13:32:13'),
(444, 73, 4, 'Data Interpretation', 'Mixed', 14, 25, 56.00, 38.29, 34, 'D', -0.28, '2026-06-23 13:32:13'),
(445, 73, 5, 'Analytical Reasoning', 'Mixed', 16, 25, 64.00, 47.47, 57, 'C', 0.15, '2026-06-18 13:32:13'),
(446, 74, 1, 'Quantitative Aptitude', 'Mixed', 12, 25, 48.00, 34.63, 6, 'F', -0.55, '2026-06-27 13:32:13'),
(447, 74, 2, 'Logical Reasoning', 'Mixed', 11, 25, 44.00, 35.58, 9, 'F', -0.94, '2026-06-19 13:32:13'),
(448, 74, 3, 'Verbal Ability', 'Mixed', 20, 25, 80.00, 60.65, 88, 'A', 1.70, '2026-06-24 13:32:13'),
(449, 74, 4, 'Data Interpretation', 'Mixed', 9, 25, 36.00, 33.76, 8, 'F', -0.51, '2026-06-30 13:32:13'),
(450, 74, 5, 'Analytical Reasoning', 'Mixed', 12, 25, 48.00, 30.65, 8, 'F', -0.61, '2026-06-20 13:32:13'),
(451, 75, 1, 'Quantitative Aptitude', 'Mixed', 21, 25, 84.00, 55.51, 97, 'A', 0.67, '2026-06-25 13:32:13'),
(452, 75, 2, 'Logical Reasoning', 'Mixed', 15, 25, 60.00, 45.60, 58, 'C', -0.20, '2026-06-30 13:32:13'),
(453, 75, 3, 'Verbal Ability', 'Mixed', 22, 25, 88.00, 62.29, 86, 'A', 0.66, '2026-06-24 13:32:13'),
(454, 75, 4, 'Data Interpretation', 'Mixed', 13, 25, 52.00, 38.03, 36, 'D', -0.42, '2026-06-25 13:32:13'),
(455, 75, 5, 'Analytical Reasoning', 'Mixed', 17, 25, 68.00, 46.72, 48, 'C', 0.00, '2026-06-17 13:32:13'),
(456, 76, 1, 'Quantitative Aptitude', 'Mixed', 20, 25, 80.00, 62.34, 88, 'A', 1.11, '2026-07-03 13:32:13'),
(457, 76, 2, 'Logical Reasoning', 'Mixed', 19, 25, 76.00, 48.89, 66, 'B', 0.42, '2026-06-29 13:32:13'),
(458, 76, 3, 'Verbal Ability', 'Mixed', 9, 25, 36.00, 35.80, 9, 'F', -0.57, '2026-06-24 13:32:13'),
(459, 76, 4, 'Data Interpretation', 'Mixed', 17, 25, 68.00, 47.80, 43, 'C', 0.02, '2026-06-15 13:32:13'),
(460, 76, 5, 'Analytical Reasoning', 'Mixed', 9, 25, 36.00, 35.28, 17, 'F', -0.57, '2026-06-21 13:32:13'),
(461, 77, 1, 'Quantitative Aptitude', 'Mixed', 15, 25, 60.00, 45.74, 45, 'C', 0.05, '2026-06-24 13:32:13'),
(462, 77, 2, 'Logical Reasoning', 'Mixed', 15, 25, 60.00, 44.30, 41, 'C', 0.18, '2026-07-01 13:32:13'),
(463, 77, 3, 'Verbal Ability', 'Mixed', 16, 25, 64.00, 42.71, 43, 'C', -0.15, '2026-06-20 13:32:13'),
(464, 77, 4, 'Data Interpretation', 'Mixed', 21, 25, 84.00, 55.07, 93, 'A', 0.65, '2026-06-22 13:32:13'),
(465, 77, 5, 'Analytical Reasoning', 'Mixed', 20, 25, 80.00, 62.78, 83, 'A', 0.86, '2026-06-23 13:32:13'),
(466, 78, 1, 'Quantitative Aptitude', 'Mixed', 10, 25, 40.00, 35.67, 17, 'F', -0.85, '2026-06-28 13:32:13'),
(467, 78, 2, 'Logical Reasoning', 'Mixed', 8, 25, 32.00, 33.46, 13, 'F', -0.94, '2026-06-14 13:32:13'),
(468, 78, 3, 'Verbal Ability', 'Mixed', 10, 25, 40.00, 31.77, 14, 'F', -0.52, '2026-07-01 13:32:13'),
(469, 78, 4, 'Data Interpretation', 'Mixed', 21, 25, 84.00, 55.64, 84, 'A', 1.55, '2026-06-16 13:32:13'),
(470, 78, 5, 'Analytical Reasoning', 'Mixed', 20, 25, 80.00, 56.70, 97, 'A', 0.97, '2026-07-02 13:32:13'),
(471, 79, 1, 'Quantitative Aptitude', 'Mixed', 17, 25, 68.00, 45.99, 45, 'C', 0.07, '2026-06-24 13:32:13'),
(472, 79, 2, 'Logical Reasoning', 'Mixed', 16, 25, 64.00, 44.61, 50, 'C', -0.12, '2026-06-24 13:32:13'),
(473, 79, 3, 'Verbal Ability', 'Mixed', 18, 25, 72.00, 54.48, 72, 'B', 0.70, '2026-06-24 13:32:13'),
(474, 79, 4, 'Data Interpretation', 'Mixed', 14, 25, 56.00, 38.15, 25, 'D', -0.35, '2026-06-26 13:32:13'),
(475, 79, 5, 'Analytical Reasoning', 'Mixed', 9, 25, 36.00, 35.25, 15, 'F', -0.89, '2026-06-16 13:32:13'),
(476, 80, 1, 'Quantitative Aptitude', 'Mixed', 13, 25, 52.00, 39.24, 26, 'D', -0.46, '2026-07-03 13:32:13'),
(477, 80, 2, 'Logical Reasoning', 'Mixed', 8, 25, 32.00, 31.15, 7, 'F', -0.86, '2026-07-01 13:32:13'),
(478, 80, 3, 'Verbal Ability', 'Mixed', 10, 25, 40.00, 35.28, 19, 'F', -0.76, '2026-06-29 13:32:13'),
(479, 80, 4, 'Data Interpretation', 'Mixed', 12, 25, 48.00, 35.93, 14, 'F', -0.61, '2026-07-03 13:32:13'),
(480, 80, 5, 'Analytical Reasoning', 'Mixed', 14, 25, 56.00, 37.26, 27, 'D', -0.24, '2026-06-26 13:32:13'),
(481, 81, 1, 'Quantitative Aptitude', 'Mixed', 19, 25, 76.00, 49.60, 73, 'B', 0.44, '2026-06-18 13:32:13'),
(482, 81, 2, 'Logical Reasoning', 'Mixed', 21, 25, 84.00, 64.68, 82, 'A', 1.86, '2026-06-19 13:32:13');
INSERT INTO `results` (`id`, `user_id`, `test_id`, `category`, `topic`, `score`, `total`, `percentage`, `scaled_score`, `percentile_rank`, `grade`, `ability_estimate`, `date`) VALUES
(483, 81, 3, 'Verbal Ability', 'Mixed', 11, 25, 44.00, 34.28, 19, 'F', -0.57, '2026-06-19 13:32:13'),
(484, 81, 4, 'Data Interpretation', 'Mixed', 20, 25, 80.00, 56.75, 94, 'A', 1.56, '2026-06-29 13:32:13'),
(485, 81, 5, 'Analytical Reasoning', 'Mixed', 23, 25, 92.00, 57.04, 98, 'A', 0.51, '2026-06-26 13:32:13'),
(486, 82, 1, 'Quantitative Aptitude', 'Mixed', 20, 25, 80.00, 56.36, 98, 'A', 1.85, '2026-06-25 13:32:13'),
(487, 82, 2, 'Logical Reasoning', 'Mixed', 12, 25, 48.00, 34.39, 9, 'F', -0.94, '2026-06-27 13:32:13'),
(488, 82, 3, 'Verbal Ability', 'Mixed', 18, 25, 72.00, 51.97, 77, 'B', 0.35, '2026-06-14 13:32:13'),
(489, 82, 4, 'Data Interpretation', 'Mixed', 8, 25, 32.00, 30.65, 17, 'F', -0.88, '2026-06-17 13:32:13'),
(490, 82, 5, 'Analytical Reasoning', 'Mixed', 17, 25, 68.00, 46.44, 43, 'C', 0.00, '2026-06-18 13:32:13'),
(491, 83, 1, 'Quantitative Aptitude', 'Mixed', 11, 25, 44.00, 35.94, 17, 'F', -0.64, '2026-07-03 13:32:13'),
(492, 83, 2, 'Logical Reasoning', 'Mixed', 20, 25, 80.00, 57.20, 80, 'A', 1.55, '2026-06-27 13:32:13'),
(493, 83, 3, 'Verbal Ability', 'Mixed', 19, 25, 76.00, 53.13, 77, 'B', 0.49, '2026-06-25 13:32:13'),
(494, 83, 4, 'Data Interpretation', 'Mixed', 13, 25, 52.00, 36.20, 37, 'D', -0.38, '2026-06-21 13:32:13'),
(495, 83, 5, 'Analytical Reasoning', 'Mixed', 11, 25, 44.00, 35.27, 11, 'F', -0.84, '2026-06-21 13:32:13'),
(496, 84, 1, 'Quantitative Aptitude', 'Mixed', 20, 25, 80.00, 58.56, 80, 'A', 1.89, '2026-06-15 13:32:13'),
(497, 84, 2, 'Logical Reasoning', 'Mixed', 19, 25, 76.00, 50.08, 68, 'B', 0.54, '2026-06-27 13:32:13'),
(498, 84, 3, 'Verbal Ability', 'Mixed', 12, 25, 48.00, 34.79, 10, 'F', -0.73, '2026-06-25 13:32:13'),
(499, 84, 4, 'Data Interpretation', 'Mixed', 9, 25, 36.00, 31.21, 16, 'F', -0.96, '2026-07-01 13:32:13'),
(500, 84, 5, 'Analytical Reasoning', 'Mixed', 14, 25, 56.00, 38.90, 36, 'D', -0.34, '2026-06-18 13:32:13'),
(501, 85, 1, 'Quantitative Aptitude', 'Mixed', 14, 25, 56.00, 39.90, 30, 'D', -0.33, '2026-06-16 13:32:13'),
(502, 85, 2, 'Logical Reasoning', 'Mixed', 20, 25, 80.00, 57.46, 97, 'A', 0.65, '2026-06-16 13:32:13'),
(503, 85, 3, 'Verbal Ability', 'Mixed', 17, 25, 68.00, 43.34, 56, 'C', -0.04, '2026-06-18 13:32:13'),
(504, 85, 4, 'Data Interpretation', 'Mixed', 12, 25, 48.00, 32.62, 5, 'F', -0.97, '2026-06-19 13:32:13'),
(505, 85, 5, 'Analytical Reasoning', 'Mixed', 16, 25, 64.00, 47.66, 43, 'C', 0.00, '2026-06-29 13:32:13'),
(506, 86, 1, 'Quantitative Aptitude', 'Mixed', 14, 25, 56.00, 38.76, 26, 'D', -0.40, '2026-06-28 13:32:13'),
(507, 86, 2, 'Logical Reasoning', 'Mixed', 13, 25, 52.00, 37.59, 34, 'D', -0.25, '2026-07-02 13:32:13'),
(508, 86, 3, 'Verbal Ability', 'Mixed', 10, 25, 40.00, 34.36, 10, 'F', -0.78, '2026-06-23 13:32:13'),
(509, 86, 4, 'Data Interpretation', 'Mixed', 17, 25, 68.00, 42.78, 49, 'C', -0.05, '2026-06-30 13:32:13'),
(510, 86, 5, 'Analytical Reasoning', 'Mixed', 13, 25, 52.00, 40.48, 25, 'D', -0.45, '2026-06-30 13:32:13'),
(511, 87, 1, 'Quantitative Aptitude', 'Mixed', 9, 25, 36.00, 35.06, 16, 'F', -0.59, '2026-06-27 13:32:13'),
(512, 87, 2, 'Logical Reasoning', 'Mixed', 14, 25, 56.00, 39.29, 37, 'D', -0.22, '2026-06-17 13:32:13'),
(513, 87, 3, 'Verbal Ability', 'Mixed', 16, 25, 64.00, 43.74, 56, 'C', -0.13, '2026-06-22 13:32:13'),
(514, 87, 4, 'Data Interpretation', 'Mixed', 12, 25, 48.00, 35.11, 15, 'F', -0.74, '2026-06-16 13:32:13'),
(515, 87, 5, 'Analytical Reasoning', 'Mixed', 13, 25, 52.00, 36.87, 32, 'D', -0.49, '2026-06-19 13:32:13'),
(516, 88, 1, 'Quantitative Aptitude', 'Mixed', 21, 25, 84.00, 57.08, 83, 'A', 1.92, '2026-06-25 13:32:13'),
(517, 88, 2, 'Logical Reasoning', 'Mixed', 14, 25, 56.00, 41.65, 23, 'D', -0.25, '2026-06-30 13:32:13'),
(518, 88, 3, 'Verbal Ability', 'Mixed', 13, 25, 52.00, 40.88, 30, 'D', -0.45, '2026-06-27 13:32:13'),
(519, 88, 4, 'Data Interpretation', 'Mixed', 22, 25, 88.00, 62.15, 83, 'A', 1.20, '2026-06-19 13:32:13'),
(520, 88, 5, 'Analytical Reasoning', 'Mixed', 23, 25, 92.00, 59.39, 90, 'A', 1.83, '2026-06-26 13:32:13'),
(521, 89, 1, 'Quantitative Aptitude', 'Mixed', 10, 25, 40.00, 34.34, 5, 'F', -0.57, '2026-07-02 13:32:13'),
(522, 89, 2, 'Logical Reasoning', 'Mixed', 10, 25, 40.00, 34.70, 19, 'F', -0.67, '2026-06-26 13:32:13'),
(523, 89, 3, 'Verbal Ability', 'Mixed', 9, 25, 36.00, 35.24, 15, 'F', -0.89, '2026-06-15 13:32:13'),
(524, 89, 4, 'Data Interpretation', 'Mixed', 16, 25, 64.00, 46.38, 41, 'C', 0.15, '2026-07-02 13:32:13'),
(525, 89, 5, 'Analytical Reasoning', 'Mixed', 12, 25, 48.00, 33.47, 14, 'F', -0.96, '2026-06-22 13:32:13'),
(526, 90, 1, 'Quantitative Aptitude', 'Mixed', 22, 25, 88.00, 58.59, 86, 'A', 1.73, '2026-06-21 13:32:13'),
(527, 90, 2, 'Logical Reasoning', 'Mixed', 8, 25, 32.00, 32.90, 12, 'F', -0.84, '2026-06-15 13:32:13'),
(528, 90, 3, 'Verbal Ability', 'Mixed', 11, 25, 44.00, 34.10, 14, 'F', -0.87, '2026-07-01 13:32:13'),
(529, 90, 4, 'Data Interpretation', 'Mixed', 18, 25, 72.00, 50.36, 68, 'B', 0.24, '2026-06-29 13:32:13'),
(530, 90, 5, 'Analytical Reasoning', 'Mixed', 20, 25, 80.00, 60.94, 88, 'A', 0.77, '2026-06-26 13:32:13'),
(531, 91, 1, 'Quantitative Aptitude', 'Mixed', 16, 25, 64.00, 45.26, 55, 'C', 0.05, '2026-06-26 13:32:13'),
(532, 91, 2, 'Logical Reasoning', 'Mixed', 15, 25, 60.00, 43.58, 44, 'C', -0.06, '2026-06-23 13:32:13'),
(533, 91, 3, 'Verbal Ability', 'Mixed', 20, 25, 80.00, 61.96, 84, 'A', 1.12, '2026-07-02 13:32:13'),
(534, 91, 4, 'Data Interpretation', 'Mixed', 20, 25, 80.00, 61.74, 90, 'A', 1.40, '2026-06-18 13:32:13'),
(535, 91, 5, 'Analytical Reasoning', 'Mixed', 12, 25, 48.00, 34.26, 18, 'F', -0.55, '2026-06-29 13:32:13'),
(536, 92, 1, 'Quantitative Aptitude', 'Mixed', 17, 25, 68.00, 45.52, 41, 'C', -0.09, '2026-06-19 13:32:13'),
(537, 92, 2, 'Logical Reasoning', 'Mixed', 12, 25, 48.00, 31.93, 18, 'F', -0.89, '2026-06-20 13:32:13'),
(538, 92, 3, 'Verbal Ability', 'Mixed', 16, 25, 64.00, 44.51, 45, 'C', 0.04, '2026-06-27 13:32:13'),
(539, 92, 4, 'Data Interpretation', 'Mixed', 18, 25, 72.00, 54.69, 71, 'B', 0.40, '2026-07-01 13:32:13'),
(540, 92, 5, 'Analytical Reasoning', 'Mixed', 19, 25, 76.00, 51.92, 74, 'B', 0.38, '2026-07-03 13:32:13'),
(541, 93, 1, 'Quantitative Aptitude', 'Mixed', 23, 25, 92.00, 62.66, 91, 'A', 1.60, '2026-06-17 13:32:14'),
(542, 93, 2, 'Logical Reasoning', 'Mixed', 10, 25, 40.00, 32.44, 18, 'F', -0.81, '2026-06-27 13:32:14'),
(543, 93, 3, 'Verbal Ability', 'Mixed', 20, 25, 80.00, 64.49, 90, 'A', 0.60, '2026-06-16 13:32:14'),
(544, 93, 4, 'Data Interpretation', 'Mixed', 21, 25, 84.00, 63.15, 93, 'A', 1.19, '2026-07-03 13:32:15'),
(545, 93, 5, 'Analytical Reasoning', 'Mixed', 8, 25, 32.00, 30.03, 19, 'F', -1.00, '2026-06-14 13:32:15'),
(546, 94, 1, 'Quantitative Aptitude', 'Mixed', 22, 25, 88.00, 55.56, 91, 'A', 1.32, '2026-06-14 13:32:15'),
(547, 94, 2, 'Logical Reasoning', 'Mixed', 8, 25, 32.00, 30.10, 11, 'F', -0.89, '2026-07-03 13:32:15'),
(548, 94, 3, 'Verbal Ability', 'Mixed', 20, 25, 80.00, 57.68, 90, 'A', 1.89, '2026-06-14 13:32:15'),
(549, 94, 4, 'Data Interpretation', 'Mixed', 12, 25, 48.00, 33.42, 10, 'F', -0.75, '2026-06-30 13:32:15'),
(550, 94, 5, 'Analytical Reasoning', 'Mixed', 20, 25, 80.00, 60.10, 88, 'A', 1.06, '2026-06-21 13:32:15'),
(551, 95, 1, 'Quantitative Aptitude', 'Mixed', 20, 25, 80.00, 55.38, 98, 'A', 0.62, '2026-06-20 13:32:15'),
(552, 95, 2, 'Logical Reasoning', 'Mixed', 15, 25, 60.00, 44.65, 41, 'C', -0.05, '2026-07-02 13:32:15'),
(553, 95, 3, 'Verbal Ability', 'Mixed', 11, 25, 44.00, 35.95, 17, 'F', -0.64, '2026-07-02 13:32:15'),
(554, 95, 4, 'Data Interpretation', 'Mixed', 23, 25, 92.00, 63.64, 92, 'A', 1.32, '2026-06-17 13:32:15'),
(555, 95, 5, 'Analytical Reasoning', 'Mixed', 8, 25, 32.00, 33.59, 16, 'F', -0.63, '2026-07-03 13:32:15'),
(556, 96, 1, 'Quantitative Aptitude', 'Mixed', 20, 25, 80.00, 61.97, 81, 'A', 1.70, '2026-06-26 13:32:15'),
(557, 96, 2, 'Logical Reasoning', 'Mixed', 16, 25, 64.00, 42.56, 56, 'C', 0.01, '2026-07-02 13:32:15'),
(558, 96, 3, 'Verbal Ability', 'Mixed', 20, 25, 80.00, 62.05, 93, 'A', 1.40, '2026-06-23 13:32:15'),
(559, 96, 4, 'Data Interpretation', 'Mixed', 13, 25, 52.00, 37.80, 32, 'D', -0.42, '2026-06-24 13:32:15'),
(560, 96, 5, 'Analytical Reasoning', 'Mixed', 13, 25, 52.00, 41.61, 22, 'D', -0.45, '2026-06-15 13:32:15'),
(561, 97, 1, 'Quantitative Aptitude', 'Mixed', 10, 25, 40.00, 32.33, 5, 'F', -0.52, '2026-07-01 13:32:15'),
(562, 97, 2, 'Logical Reasoning', 'Mixed', 14, 25, 56.00, 41.21, 29, 'D', -0.32, '2026-07-03 13:32:15'),
(563, 97, 3, 'Verbal Ability', 'Mixed', 16, 25, 64.00, 47.28, 58, 'C', -0.01, '2026-06-30 13:32:15'),
(564, 97, 4, 'Data Interpretation', 'Mixed', 8, 25, 32.00, 33.19, 6, 'F', -0.74, '2026-07-03 13:32:15'),
(565, 97, 5, 'Analytical Reasoning', 'Mixed', 18, 25, 72.00, 54.08, 63, 'B', 0.39, '2026-06-26 13:32:15'),
(566, 98, 1, 'Quantitative Aptitude', 'Mixed', 11, 25, 44.00, 35.79, 6, 'F', -0.55, '2026-06-22 13:32:15'),
(567, 98, 2, 'Logical Reasoning', 'Mixed', 17, 25, 68.00, 47.84, 54, 'C', -0.05, '2026-06-15 13:32:15'),
(568, 98, 3, 'Verbal Ability', 'Mixed', 11, 25, 44.00, 31.58, 7, 'F', -0.81, '2026-07-03 13:32:15'),
(569, 98, 4, 'Data Interpretation', 'Mixed', 18, 25, 72.00, 49.46, 66, 'B', 0.32, '2026-06-14 13:32:15'),
(570, 98, 5, 'Analytical Reasoning', 'Mixed', 21, 25, 84.00, 63.90, 91, 'A', 0.91, '2026-06-24 13:32:15'),
(571, 3, 7, 'Quantitative Aptitude', '', 5, 19, 26.00, 48.82, 38, '0', NULL, '2026-07-04 13:43:19'),
(572, 1, 10, 'Computer Literacy', '', 2, 19, 10.00, 48.03, 30, '0', NULL, '2026-07-05 08:44:58'),
(573, 1, 11, 'Analytical Reasoning', '', 1, 8, 12.00, 48.13, 31, '0', NULL, '2026-07-05 09:16:30'),
(574, 1, 2, 'Abstract Reasoning', 'General', 6, 25, 24.00, 33.94, 19, 'F', -0.95, '2026-07-02 09:41:56'),
(575, 1, 4, 'Data Interpretation', 'General', 9, 25, 36.00, 31.78, 13, 'F', -0.85, '2026-06-22 09:41:56'),
(577, 1, 12, 'Life Skills', 'Mixed', NULL, 25, NULL, 32.74, 14, 'F', -0.56, '2026-06-09 09:50:56'),
(578, 1, 13, 'Mechanical Reasoning', 'Mixed', NULL, 25, NULL, 34.75, 7, 'F', -0.87, '2026-06-20 09:50:56'),
(579, 1, 14, 'Science', 'Mixed', NULL, 25, NULL, 32.16, 18, 'F', -0.51, '2026-06-24 09:50:56'),
(580, 1, 15, 'Spatial Reasoning', 'Mixed', NULL, 25, NULL, 33.85, 16, 'F', -0.93, '2026-06-06 09:50:56'),
(581, 2, 16, 'Abstract Reasoning', 'Mixed', NULL, 25, NULL, 35.80, 16, 'F', -0.82, '2026-06-06 09:50:56'),
(582, 2, 17, 'Computer Literacy', 'Mixed', NULL, 25, NULL, 33.15, 7, 'F', -0.76, '2026-06-24 09:50:56'),
(583, 2, 18, 'Life Skills', 'Mixed', NULL, 25, NULL, 35.11, 15, 'F', -0.91, '2026-07-03 09:50:56'),
(584, 2, 19, 'Mechanical Reasoning', 'Mixed', NULL, 25, NULL, 31.84, 8, 'F', -0.95, '2026-06-24 09:50:56'),
(585, 2, 20, 'Science', 'Mixed', NULL, 25, NULL, 30.95, 14, 'F', -0.98, '2026-06-13 09:50:56'),
(586, 2, 21, 'Spatial Reasoning', 'Mixed', NULL, 25, NULL, 31.43, 7, 'F', -0.66, '2026-07-03 09:50:56'),
(587, 3, 22, 'Abstract Reasoning', 'Mixed', NULL, 25, NULL, 30.47, 17, 'F', -0.57, '2026-06-07 09:50:56'),
(588, 3, 23, 'Computer Literacy', 'Mixed', NULL, 25, NULL, 34.18, 8, 'F', -0.96, '2026-07-04 09:50:56'),
(589, 3, 24, 'Life Skills', 'Mixed', NULL, 25, NULL, 34.58, 16, 'F', -0.82, '2026-06-20 09:50:56'),
(590, 3, 25, 'Mechanical Reasoning', 'Mixed', NULL, 25, NULL, 33.61, 10, 'F', -0.89, '2026-06-06 09:50:56'),
(591, 3, 26, 'Science', 'Mixed', NULL, 25, NULL, 34.44, 13, 'F', -0.64, '2026-06-21 09:50:56'),
(592, 3, 27, 'Spatial Reasoning', 'Mixed', NULL, 25, NULL, 30.67, 11, 'F', -0.65, '2026-06-06 09:50:56'),
(593, 4, 28, 'Abstract Reasoning', 'Mixed', NULL, 25, NULL, 31.33, 17, 'F', -0.79, '2026-06-17 09:50:56'),
(594, 4, 29, 'Computer Literacy', 'Mixed', NULL, 25, NULL, 34.67, 5, 'F', -0.85, '2026-06-14 09:50:56'),
(595, 4, 30, 'Life Skills', 'Mixed', NULL, 25, NULL, 35.72, 13, 'F', -0.80, '2026-06-06 09:50:56'),
(596, 4, 31, 'Mechanical Reasoning', 'Mixed', NULL, 25, NULL, 34.29, 8, 'F', -0.94, '2026-06-07 09:50:56'),
(597, 4, 32, 'Science', 'Mixed', NULL, 25, NULL, 35.16, 13, 'F', -0.54, '2026-06-30 09:50:56'),
(598, 4, 33, 'Spatial Reasoning', 'Mixed', NULL, 25, NULL, 30.62, 7, 'F', -0.94, '2026-06-16 09:50:56'),
(599, 5, 34, 'Abstract Reasoning', 'Mixed', NULL, 25, NULL, 33.54, 12, 'F', -0.76, '2026-06-12 09:50:56'),
(600, 5, 35, 'Computer Literacy', 'Mixed', NULL, 25, NULL, 30.29, 11, 'F', -0.87, '2026-07-01 09:50:56'),
(601, 5, 36, 'Life Skills', 'Mixed', NULL, 25, NULL, 35.60, 18, 'F', -0.87, '2026-06-16 09:50:56'),
(602, 5, 37, 'Mechanical Reasoning', 'Mixed', NULL, 25, NULL, 30.91, 13, 'F', -0.80, '2026-06-22 09:50:56'),
(603, 5, 38, 'Science', 'Mixed', NULL, 25, NULL, 33.72, 19, 'F', -0.81, '2026-06-05 09:50:56'),
(604, 5, 39, 'Spatial Reasoning', 'Mixed', NULL, 25, NULL, 31.48, 6, 'F', -0.98, '2026-06-11 09:50:56'),
(605, 6, 40, 'Abstract Reasoning', 'Mixed', NULL, 25, NULL, 33.40, 6, 'F', -0.71, '2026-06-12 09:50:56'),
(606, 6, 41, 'Computer Literacy', 'Mixed', NULL, 25, NULL, 30.82, 8, 'F', -0.76, '2026-06-09 09:50:56'),
(607, 6, 42, 'Life Skills', 'Mixed', NULL, 25, NULL, 34.74, 13, 'F', -0.77, '2026-06-22 09:50:56'),
(608, 6, 43, 'Mechanical Reasoning', 'Mixed', NULL, 25, NULL, 35.57, 9, 'F', -0.78, '2026-06-10 09:50:56'),
(609, 6, 44, 'Science', 'Mixed', NULL, 25, NULL, 31.69, 19, 'F', -0.93, '2026-06-06 09:50:56'),
(610, 6, 45, 'Spatial Reasoning', 'Mixed', NULL, 25, NULL, 32.51, 13, 'F', -0.57, '2026-06-21 09:50:56'),
(611, 7, 46, 'Abstract Reasoning', 'Mixed', NULL, 25, NULL, 33.77, 10, 'F', -0.70, '2026-06-06 09:50:56'),
(612, 7, 47, 'Computer Literacy', 'Mixed', NULL, 25, NULL, 33.52, 17, 'F', -0.65, '2026-06-19 09:50:56'),
(613, 7, 48, 'Life Skills', 'Mixed', NULL, 25, NULL, 33.25, 14, 'F', -0.99, '2026-06-15 09:50:56'),
(614, 7, 49, 'Mechanical Reasoning', 'Mixed', NULL, 25, NULL, 32.71, 11, 'F', -0.86, '2026-06-12 09:50:57'),
(615, 7, 50, 'Science', 'Mixed', NULL, 25, NULL, 31.66, 17, 'F', -0.75, '2026-06-21 09:50:57'),
(616, 7, 51, 'Spatial Reasoning', 'Mixed', NULL, 25, NULL, 31.89, 10, 'F', -0.63, '2026-06-10 09:50:57'),
(617, 8, 52, 'Abstract Reasoning', 'Mixed', NULL, 25, NULL, 33.79, 6, 'F', -0.99, '2026-06-15 09:50:57'),
(618, 8, 53, 'Computer Literacy', 'Mixed', NULL, 25, NULL, 35.65, 16, 'F', -0.51, '2026-06-07 09:50:57'),
(619, 8, 54, 'Life Skills', 'Mixed', NULL, 25, NULL, 30.15, 5, 'F', -0.82, '2026-06-29 09:50:57'),
(620, 8, 55, 'Mechanical Reasoning', 'Mixed', NULL, 25, NULL, 33.05, 6, 'F', -0.59, '2026-06-08 09:50:57'),
(621, 8, 56, 'Science', 'Mixed', NULL, 25, NULL, 31.47, 15, 'F', -0.91, '2026-06-13 09:50:57'),
(622, 8, 57, 'Spatial Reasoning', 'Mixed', NULL, 25, NULL, 30.54, 7, 'F', -0.78, '2026-06-22 09:50:57'),
(623, 9, 58, 'Abstract Reasoning', 'Mixed', NULL, 25, NULL, 30.38, 10, 'F', -0.67, '2026-06-20 09:50:57'),
(624, 9, 59, 'Computer Literacy', 'Mixed', NULL, 25, NULL, 33.45, 14, 'F', -0.80, '2026-06-17 09:50:57'),
(625, 9, 60, 'Life Skills', 'Mixed', NULL, 25, NULL, 30.86, 16, 'F', -0.51, '2026-06-24 09:50:57'),
(626, 9, 61, 'Mechanical Reasoning', 'Mixed', NULL, 25, NULL, 33.51, 9, 'F', -0.73, '2026-06-09 09:50:57'),
(627, 9, 62, 'Science', 'Mixed', NULL, 25, NULL, 30.07, 6, 'F', -0.84, '2026-06-19 09:50:57'),
(628, 9, 63, 'Spatial Reasoning', 'Mixed', NULL, 25, NULL, 34.85, 8, 'F', -0.86, '2026-06-14 09:50:57'),
(629, 10, 64, 'Abstract Reasoning', 'Mixed', NULL, 25, NULL, 33.20, 12, 'F', -0.64, '2026-07-03 09:50:57'),
(630, 10, 65, 'Computer Literacy', 'Mixed', NULL, 25, NULL, 31.97, 13, 'F', -0.65, '2026-06-13 09:50:57'),
(631, 10, 66, 'Life Skills', 'Mixed', NULL, 25, NULL, 33.06, 16, 'F', -0.54, '2026-06-25 09:50:57'),
(632, 10, 67, 'Mechanical Reasoning', 'Mixed', NULL, 25, NULL, 30.71, 19, 'F', -0.90, '2026-06-18 09:50:57'),
(633, 10, 68, 'Science', 'Mixed', NULL, 25, NULL, 33.50, 10, 'F', -0.57, '2026-07-03 09:50:57'),
(634, 10, 69, 'Spatial Reasoning', 'Mixed', NULL, 25, NULL, 32.32, 14, 'F', -0.95, '2026-07-03 09:50:57'),
(635, 11, 70, 'Abstract Reasoning', 'Mixed', NULL, 25, NULL, 31.69, 13, 'F', -0.86, '2026-06-05 09:50:57'),
(636, 11, 71, 'Computer Literacy', 'Mixed', NULL, 25, NULL, 31.49, 12, 'F', -0.88, '2026-06-10 09:50:57'),
(637, 11, 72, 'Life Skills', 'Mixed', NULL, 25, NULL, 31.98, 19, 'F', -0.72, '2026-06-08 09:50:57'),
(638, 11, 73, 'Mechanical Reasoning', 'Mixed', NULL, 25, NULL, 30.11, 12, 'F', -0.73, '2026-06-26 09:50:57'),
(639, 11, 74, 'Science', 'Mixed', NULL, 25, NULL, 31.74, 10, 'F', -0.98, '2026-06-07 09:50:57'),
(640, 11, 75, 'Spatial Reasoning', 'Mixed', NULL, 25, NULL, 30.47, 15, 'F', -0.71, '2026-07-01 09:50:57'),
(641, 12, 76, 'Abstract Reasoning', 'Mixed', NULL, 25, NULL, 32.43, 10, 'F', -0.73, '2026-06-14 09:50:57'),
(642, 12, 77, 'Computer Literacy', 'Mixed', NULL, 25, NULL, 32.50, 7, 'F', -0.85, '2026-06-12 09:50:57'),
(643, 12, 78, 'Life Skills', 'Mixed', NULL, 25, NULL, 32.25, 12, 'F', -0.94, '2026-06-21 09:50:57'),
(644, 12, 79, 'Mechanical Reasoning', 'Mixed', NULL, 25, NULL, 35.65, 16, 'F', -0.67, '2026-06-06 09:50:57'),
(645, 12, 80, 'Science', 'Mixed', NULL, 25, NULL, 32.64, 17, 'F', -0.77, '2026-06-09 09:50:57'),
(646, 12, 81, 'Spatial Reasoning', 'Mixed', NULL, 25, NULL, 32.84, 18, 'F', -0.59, '2026-06-28 09:50:57'),
(647, 13, 82, 'Abstract Reasoning', 'Mixed', NULL, 25, NULL, 35.40, 13, 'F', -0.84, '2026-07-01 09:50:57'),
(648, 13, 83, 'Computer Literacy', 'Mixed', NULL, 25, NULL, 32.47, 7, 'F', -0.52, '2026-06-16 09:50:57'),
(649, 13, 84, 'Life Skills', 'Mixed', NULL, 25, NULL, 30.83, 18, 'F', -0.70, '2026-07-04 09:50:57'),
(650, 13, 85, 'Mechanical Reasoning', 'Mixed', NULL, 25, NULL, 32.06, 8, 'F', -0.76, '2026-06-27 09:50:57'),
(651, 13, 86, 'Science', 'Mixed', NULL, 25, NULL, 32.91, 6, 'F', -0.78, '2026-07-03 09:50:57'),
(652, 13, 87, 'Spatial Reasoning', 'Mixed', NULL, 25, NULL, 31.78, 17, 'F', -0.56, '2026-06-25 09:50:57'),
(653, 14, 88, 'Abstract Reasoning', 'Mixed', NULL, 25, NULL, 31.97, 12, 'F', -0.97, '2026-06-22 09:50:57'),
(654, 14, 89, 'Computer Literacy', 'Mixed', NULL, 25, NULL, 34.75, 7, 'F', -0.70, '2026-06-24 09:50:57'),
(655, 14, 90, 'Life Skills', 'Mixed', NULL, 25, NULL, 34.06, 10, 'F', -0.83, '2026-06-15 09:50:57'),
(656, 14, 91, 'Mechanical Reasoning', 'Mixed', NULL, 25, NULL, 30.38, 15, 'F', -0.90, '2026-06-21 09:50:57'),
(657, 14, 92, 'Science', 'Mixed', NULL, 25, NULL, 31.11, 13, 'F', -0.94, '2026-06-23 09:50:57'),
(658, 14, 93, 'Spatial Reasoning', 'Mixed', NULL, 25, NULL, 31.95, 10, 'F', -0.96, '2026-06-09 09:50:57'),
(659, 15, 94, 'Abstract Reasoning', 'Mixed', NULL, 25, NULL, 33.12, 19, 'F', -0.89, '2026-07-01 09:50:57'),
(660, 15, 95, 'Computer Literacy', 'Mixed', NULL, 25, NULL, 31.83, 10, 'F', -0.64, '2026-06-09 09:50:57'),
(661, 15, 96, 'Life Skills', 'Mixed', NULL, 25, NULL, 31.91, 6, 'F', -0.91, '2026-06-21 09:50:57'),
(662, 15, 97, 'Mechanical Reasoning', 'Mixed', NULL, 25, NULL, 32.80, 11, 'F', -0.52, '2026-06-07 09:50:57'),
(663, 15, 98, 'Science', 'Mixed', NULL, 25, NULL, 32.86, 14, 'F', -0.87, '2026-06-14 09:50:57'),
(664, 15, 99, 'Spatial Reasoning', 'Mixed', NULL, 25, NULL, 34.67, 7, 'F', -0.72, '2026-06-16 09:50:57'),
(665, 16, 100, 'Abstract Reasoning', 'Mixed', NULL, 25, NULL, 32.55, 16, 'F', -0.78, '2026-06-15 09:50:57'),
(666, 16, 101, 'Computer Literacy', 'Mixed', NULL, 25, NULL, 34.45, 18, 'F', -0.53, '2026-06-30 09:50:57'),
(667, 16, 102, 'Life Skills', 'Mixed', NULL, 25, NULL, 35.91, 15, 'F', -0.96, '2026-06-21 09:50:57'),
(668, 16, 103, 'Mechanical Reasoning', 'Mixed', NULL, 25, NULL, 33.71, 12, 'F', -0.90, '2026-06-13 09:50:57'),
(669, 16, 104, 'Science', 'Mixed', NULL, 25, NULL, 31.80, 8, 'F', -0.95, '2026-06-30 09:50:57'),
(670, 16, 105, 'Spatial Reasoning', 'Mixed', NULL, 25, NULL, 30.10, 17, 'F', -0.96, '2026-07-03 09:50:57'),
(671, 17, 106, 'Abstract Reasoning', 'Mixed', NULL, 25, NULL, 33.37, 14, 'F', -0.63, '2026-06-25 09:50:57'),
(672, 17, 107, 'Computer Literacy', 'Mixed', NULL, 25, NULL, 30.59, 5, 'F', -0.59, '2026-06-06 09:50:57'),
(673, 17, 108, 'Life Skills', 'Mixed', NULL, 25, NULL, 31.01, 5, 'F', -0.70, '2026-06-15 09:50:57'),
(674, 17, 109, 'Mechanical Reasoning', 'Mixed', NULL, 25, NULL, 34.78, 13, 'F', -0.93, '2026-06-25 09:50:57'),
(675, 17, 110, 'Science', 'Mixed', NULL, 25, NULL, 34.86, 7, 'F', -0.52, '2026-06-18 09:50:57'),
(676, 17, 111, 'Spatial Reasoning', 'Mixed', NULL, 25, NULL, 31.61, 16, 'F', -0.91, '2026-07-02 09:50:57'),
(677, 18, 112, 'Abstract Reasoning', 'Mixed', NULL, 25, NULL, 32.42, 14, 'F', -0.93, '2026-06-11 09:50:57'),
(678, 18, 113, 'Computer Literacy', 'Mixed', NULL, 25, NULL, 33.04, 19, 'F', -0.91, '2026-06-21 09:50:57'),
(679, 18, 114, 'Life Skills', 'Mixed', NULL, 25, NULL, 30.73, 15, 'F', -0.85, '2026-06-28 09:50:57'),
(680, 18, 115, 'Mechanical Reasoning', 'Mixed', NULL, 25, NULL, 35.29, 15, 'F', -0.55, '2026-06-08 09:50:57'),
(681, 18, 116, 'Science', 'Mixed', NULL, 25, NULL, 34.73, 6, 'F', -0.86, '2026-07-03 09:50:57'),
(682, 18, 117, 'Spatial Reasoning', 'Mixed', NULL, 25, NULL, 33.86, 10, 'F', -0.52, '2026-06-08 09:50:57'),
(683, 19, 118, 'Abstract Reasoning', 'Mixed', NULL, 25, NULL, 35.76, 17, 'F', -0.84, '2026-06-25 09:50:57'),
(684, 19, 119, 'Computer Literacy', 'Mixed', NULL, 25, NULL, 32.13, 13, 'F', -0.97, '2026-06-08 09:50:57'),
(685, 19, 120, 'Life Skills', 'Mixed', NULL, 25, NULL, 35.12, 7, 'F', -0.65, '2026-07-01 09:50:57'),
(686, 19, 121, 'Mechanical Reasoning', 'Mixed', NULL, 25, NULL, 34.19, 17, 'F', -0.89, '2026-07-01 09:50:57'),
(687, 19, 122, 'Science', 'Mixed', NULL, 25, NULL, 31.27, 15, 'F', -0.94, '2026-06-09 09:50:57'),
(688, 19, 123, 'Spatial Reasoning', 'Mixed', NULL, 25, NULL, 31.33, 14, 'F', -0.92, '2026-06-17 09:50:57'),
(689, 20, 124, 'Abstract Reasoning', 'Mixed', NULL, 25, NULL, 35.13, 12, 'F', -0.54, '2026-07-01 09:50:57'),
(690, 20, 125, 'Computer Literacy', 'Mixed', NULL, 25, NULL, 31.26, 10, 'F', -0.55, '2026-07-02 09:50:57'),
(691, 20, 126, 'Life Skills', 'Mixed', NULL, 25, NULL, 33.76, 5, 'F', -0.81, '2026-06-28 09:50:57'),
(692, 20, 127, 'Mechanical Reasoning', 'Mixed', NULL, 25, NULL, 31.39, 8, 'F', -0.52, '2026-06-17 09:50:57'),
(693, 20, 128, 'Science', 'Mixed', NULL, 25, NULL, 35.01, 17, 'F', -0.94, '2026-06-14 09:50:57'),
(694, 20, 129, 'Spatial Reasoning', 'Mixed', NULL, 25, NULL, 32.83, 14, 'F', -0.55, '2026-06-10 09:50:57'),
(695, 21, 130, 'Abstract Reasoning', 'Mixed', NULL, 25, NULL, 30.43, 5, 'F', -0.95, '2026-07-01 09:50:57'),
(696, 21, 131, 'Computer Literacy', 'Mixed', NULL, 25, NULL, 33.13, 12, 'F', -0.81, '2026-06-08 09:50:57'),
(697, 21, 132, 'Life Skills', 'Mixed', NULL, 25, NULL, 30.64, 15, 'F', -0.52, '2026-07-02 09:50:57'),
(698, 21, 133, 'Mechanical Reasoning', 'Mixed', NULL, 25, NULL, 32.53, 6, 'F', -0.84, '2026-06-24 09:50:57'),
(699, 21, 134, 'Science', 'Mixed', NULL, 25, NULL, 34.19, 11, 'F', -0.83, '2026-06-28 09:50:57'),
(700, 21, 135, 'Spatial Reasoning', 'Mixed', NULL, 25, NULL, 33.51, 5, 'F', -0.68, '2026-06-27 09:50:57'),
(701, 22, 136, 'Abstract Reasoning', 'Mixed', NULL, 25, NULL, 34.78, 5, 'F', -0.84, '2026-06-13 09:50:57'),
(702, 22, 137, 'Computer Literacy', 'Mixed', NULL, 25, NULL, 34.25, 16, 'F', -0.71, '2026-06-08 09:50:57'),
(703, 22, 138, 'Life Skills', 'Mixed', NULL, 25, NULL, 31.42, 9, 'F', -0.51, '2026-06-15 09:50:57'),
(704, 22, 139, 'Mechanical Reasoning', 'Mixed', NULL, 25, NULL, 35.62, 13, 'F', -0.82, '2026-07-02 09:50:57'),
(705, 22, 140, 'Science', 'Mixed', NULL, 25, NULL, 31.57, 7, 'F', -0.65, '2026-06-30 09:50:57'),
(706, 22, 141, 'Spatial Reasoning', 'Mixed', NULL, 25, NULL, 34.43, 19, 'F', -0.88, '2026-06-17 09:50:57'),
(707, 23, 142, 'Abstract Reasoning', 'Mixed', NULL, 25, NULL, 30.96, 18, 'F', -0.51, '2026-06-07 09:50:57'),
(708, 23, 143, 'Computer Literacy', 'Mixed', NULL, 25, NULL, 35.62, 18, 'F', -0.53, '2026-06-18 09:50:57'),
(709, 23, 144, 'Life Skills', 'Mixed', NULL, 25, NULL, 31.28, 12, 'F', -0.91, '2026-06-05 09:50:57'),
(710, 23, 145, 'Mechanical Reasoning', 'Mixed', NULL, 25, NULL, 30.49, 7, 'F', -0.79, '2026-06-18 09:50:57'),
(711, 23, 146, 'Science', 'Mixed', NULL, 25, NULL, 33.34, 6, 'F', -0.88, '2026-06-13 09:50:57'),
(712, 23, 147, 'Spatial Reasoning', 'Mixed', NULL, 25, NULL, 32.51, 7, 'F', -0.85, '2026-06-17 09:50:57'),
(713, 24, 148, 'Abstract Reasoning', 'Mixed', NULL, 25, NULL, 33.75, 15, 'F', -0.76, '2026-06-21 09:50:57'),
(714, 24, 149, 'Computer Literacy', 'Mixed', NULL, 25, NULL, 31.39, 7, 'F', -0.84, '2026-06-28 09:50:57'),
(715, 24, 150, 'Life Skills', 'Mixed', NULL, 25, NULL, 30.41, 15, 'F', -0.73, '2026-06-25 09:50:57'),
(716, 24, 151, 'Mechanical Reasoning', 'Mixed', NULL, 25, NULL, 33.36, 9, 'F', -0.75, '2026-06-13 09:50:57'),
(717, 24, 152, 'Science', 'Mixed', NULL, 25, NULL, 34.80, 14, 'F', -0.60, '2026-06-15 09:50:57'),
(718, 24, 153, 'Spatial Reasoning', 'Mixed', NULL, 25, NULL, 35.49, 12, 'F', -0.82, '2026-06-15 09:50:57'),
(719, 25, 154, 'Abstract Reasoning', 'Mixed', NULL, 25, NULL, 31.99, 5, 'F', -0.57, '2026-06-24 09:50:57'),
(720, 25, 155, 'Computer Literacy', 'Mixed', NULL, 25, NULL, 32.62, 15, 'F', -0.76, '2026-06-27 09:50:57'),
(721, 25, 156, 'Life Skills', 'Mixed', NULL, 25, NULL, 35.19, 19, 'F', -0.94, '2026-06-30 09:50:57'),
(722, 25, 157, 'Mechanical Reasoning', 'Mixed', NULL, 25, NULL, 30.71, 17, 'F', -0.54, '2026-06-08 09:50:57'),
(723, 25, 158, 'Science', 'Mixed', NULL, 25, NULL, 32.94, 19, 'F', -0.59, '2026-06-21 09:50:57'),
(724, 25, 159, 'Spatial Reasoning', 'Mixed', NULL, 25, NULL, 32.54, 5, 'F', -0.82, '2026-06-09 09:50:57'),
(725, 26, 160, 'Abstract Reasoning', 'Mixed', NULL, 25, NULL, 32.52, 12, 'F', -0.90, '2026-06-26 09:50:57'),
(726, 26, 161, 'Computer Literacy', 'Mixed', NULL, 25, NULL, 34.46, 19, 'F', -0.54, '2026-06-20 09:50:57'),
(727, 26, 162, 'Life Skills', 'Mixed', NULL, 25, NULL, 34.82, 5, 'F', -0.67, '2026-06-12 09:50:57'),
(728, 26, 163, 'Mechanical Reasoning', 'Mixed', NULL, 25, NULL, 30.87, 15, 'F', -0.66, '2026-06-06 09:50:57'),
(729, 26, 164, 'Science', 'Mixed', NULL, 25, NULL, 33.69, 5, 'F', -0.66, '2026-06-29 09:50:57'),
(730, 26, 165, 'Spatial Reasoning', 'Mixed', NULL, 25, NULL, 30.46, 13, 'F', -0.54, '2026-06-12 09:50:57'),
(731, 27, 166, 'Abstract Reasoning', 'Mixed', NULL, 25, NULL, 33.29, 17, 'F', -0.52, '2026-06-14 09:50:57'),
(732, 27, 167, 'Computer Literacy', 'Mixed', NULL, 25, NULL, 34.90, 16, 'F', -0.62, '2026-06-21 09:50:57'),
(733, 27, 168, 'Life Skills', 'Mixed', NULL, 25, NULL, 33.07, 14, 'F', -0.51, '2026-06-19 09:50:57'),
(734, 27, 169, 'Mechanical Reasoning', 'Mixed', NULL, 25, NULL, 31.71, 6, 'F', -0.62, '2026-06-12 09:50:57'),
(735, 27, 170, 'Science', 'Mixed', NULL, 25, NULL, 33.65, 18, 'F', -0.82, '2026-06-09 09:50:57'),
(736, 27, 171, 'Spatial Reasoning', 'Mixed', NULL, 25, NULL, 32.50, 18, 'F', -0.81, '2026-06-23 09:50:57'),
(737, 28, 172, 'Abstract Reasoning', 'Mixed', NULL, 25, NULL, 33.24, 9, 'F', -0.93, '2026-06-11 09:50:57'),
(738, 28, 173, 'Computer Literacy', 'Mixed', NULL, 25, NULL, 31.80, 6, 'F', -0.93, '2026-06-19 09:50:57'),
(739, 28, 174, 'Life Skills', 'Mixed', NULL, 25, NULL, 35.55, 16, 'F', -0.86, '2026-07-04 09:50:57'),
(740, 28, 175, 'Mechanical Reasoning', 'Mixed', NULL, 25, NULL, 30.06, 14, 'F', -0.59, '2026-07-04 09:50:57'),
(741, 28, 176, 'Science', 'Mixed', NULL, 25, NULL, 31.92, 16, 'F', -0.86, '2026-06-08 09:50:57'),
(742, 28, 177, 'Spatial Reasoning', 'Mixed', NULL, 25, NULL, 34.81, 16, 'F', -0.96, '2026-06-24 09:50:57'),
(743, 29, 178, 'Abstract Reasoning', 'Mixed', NULL, 25, NULL, 30.77, 10, 'F', -0.79, '2026-06-21 09:50:57'),
(744, 29, 179, 'Computer Literacy', 'Mixed', NULL, 25, NULL, 30.77, 10, 'F', -0.96, '2026-06-19 09:50:57'),
(745, 29, 180, 'Life Skills', 'Mixed', NULL, 25, NULL, 35.31, 19, 'F', -0.75, '2026-07-03 09:50:57'),
(746, 29, 181, 'Mechanical Reasoning', 'Mixed', NULL, 25, NULL, 35.46, 9, 'F', -0.80, '2026-06-08 09:50:57'),
(747, 29, 182, 'Science', 'Mixed', NULL, 25, NULL, 34.41, 8, 'F', -0.76, '2026-06-06 09:50:57'),
(748, 29, 183, 'Spatial Reasoning', 'Mixed', NULL, 25, NULL, 32.27, 16, 'F', -0.98, '2026-06-15 09:50:57'),
(749, 30, 184, 'Abstract Reasoning', 'Mixed', NULL, 25, NULL, 31.48, 6, 'F', -0.98, '2026-06-14 09:50:57'),
(750, 30, 185, 'Computer Literacy', 'Mixed', NULL, 25, NULL, 35.30, 17, 'F', -0.90, '2026-06-17 09:50:57'),
(751, 30, 186, 'Life Skills', 'Mixed', NULL, 25, NULL, 31.42, 19, 'F', -0.80, '2026-06-29 09:50:58'),
(752, 30, 187, 'Mechanical Reasoning', 'Mixed', NULL, 25, NULL, 33.19, 13, 'F', -0.99, '2026-06-23 09:50:58'),
(753, 30, 188, 'Science', 'Mixed', NULL, 25, NULL, 31.70, 7, 'F', -0.96, '2026-07-03 09:50:58'),
(754, 30, 189, 'Spatial Reasoning', 'Mixed', NULL, 25, NULL, 30.61, 13, 'F', -0.68, '2026-06-16 09:50:58'),
(755, 31, 190, 'Abstract Reasoning', 'Mixed', NULL, 25, NULL, 35.64, 14, 'F', -0.82, '2026-06-27 09:50:58'),
(756, 31, 191, 'Computer Literacy', 'Mixed', NULL, 25, NULL, 31.11, 16, 'F', -0.81, '2026-06-25 09:50:58'),
(757, 31, 192, 'Life Skills', 'Mixed', NULL, 25, NULL, 31.45, 12, 'F', -0.88, '2026-06-11 09:50:58'),
(758, 31, 193, 'Mechanical Reasoning', 'Mixed', NULL, 25, NULL, 30.08, 14, 'F', -0.76, '2026-07-02 09:50:58'),
(759, 31, 194, 'Science', 'Mixed', NULL, 25, NULL, 31.16, 12, 'F', -0.76, '2026-07-03 09:50:58'),
(760, 31, 195, 'Spatial Reasoning', 'Mixed', NULL, 25, NULL, 35.83, 5, 'F', -0.69, '2026-06-30 09:50:58'),
(761, 32, 196, 'Abstract Reasoning', 'Mixed', NULL, 25, NULL, 35.72, 16, 'F', -0.66, '2026-06-09 09:50:58'),
(762, 32, 197, 'Computer Literacy', 'Mixed', NULL, 25, NULL, 33.02, 12, 'F', -1.00, '2026-06-06 09:50:58'),
(763, 32, 198, 'Life Skills', 'Mixed', NULL, 25, NULL, 33.63, 7, 'F', -0.85, '2026-06-08 09:50:58'),
(764, 32, 199, 'Mechanical Reasoning', 'Mixed', NULL, 25, NULL, 33.72, 18, 'F', -0.97, '2026-06-14 09:50:58'),
(765, 32, 200, 'Science', 'Mixed', NULL, 25, NULL, 34.16, 7, 'F', -0.62, '2026-06-08 09:50:58'),
(766, 32, 201, 'Spatial Reasoning', 'Mixed', NULL, 25, NULL, 34.96, 11, 'F', -0.55, '2026-06-16 09:50:58'),
(767, 33, 202, 'Abstract Reasoning', 'Mixed', NULL, 25, NULL, 32.52, 12, 'F', -0.57, '2026-06-23 09:50:58'),
(768, 33, 203, 'Computer Literacy', 'Mixed', NULL, 25, NULL, 31.81, 14, 'F', -0.86, '2026-06-24 09:50:58'),
(769, 33, 204, 'Life Skills', 'Mixed', NULL, 25, NULL, 30.90, 8, 'F', -0.58, '2026-06-17 09:50:58'),
(770, 33, 205, 'Mechanical Reasoning', 'Mixed', NULL, 25, NULL, 30.06, 19, 'F', -0.82, '2026-06-11 09:50:58'),
(771, 33, 206, 'Science', 'Mixed', NULL, 25, NULL, 30.16, 18, 'F', -0.96, '2026-06-24 09:50:58'),
(772, 33, 207, 'Spatial Reasoning', 'Mixed', NULL, 25, NULL, 32.86, 5, 'F', -0.95, '2026-06-09 09:50:58'),
(773, 34, 208, 'Abstract Reasoning', 'Mixed', NULL, 25, NULL, 30.57, 6, 'F', -0.93, '2026-07-03 09:50:58'),
(774, 34, 209, 'Computer Literacy', 'Mixed', NULL, 25, NULL, 30.75, 11, 'F', -0.97, '2026-06-07 09:50:58'),
(775, 34, 210, 'Life Skills', 'Mixed', NULL, 25, NULL, 35.94, 13, 'F', -0.93, '2026-06-13 09:50:58'),
(776, 34, 211, 'Mechanical Reasoning', 'Mixed', NULL, 25, NULL, 33.18, 17, 'F', -0.53, '2026-06-14 09:50:58'),
(777, 34, 212, 'Science', 'Mixed', NULL, 25, NULL, 33.05, 16, 'F', -0.54, '2026-06-24 09:50:58'),
(778, 34, 213, 'Spatial Reasoning', 'Mixed', NULL, 25, NULL, 32.32, 11, 'F', -0.75, '2026-07-03 09:50:58'),
(779, 35, 214, 'Abstract Reasoning', 'Mixed', NULL, 25, NULL, 32.15, 6, 'F', -0.55, '2026-06-22 09:50:58'),
(780, 35, 215, 'Computer Literacy', 'Mixed', NULL, 25, NULL, 35.00, 15, 'F', -0.59, '2026-07-04 09:50:58'),
(781, 35, 216, 'Life Skills', 'Mixed', NULL, 25, NULL, 33.39, 6, 'F', -0.54, '2026-06-13 09:50:58'),
(782, 35, 217, 'Mechanical Reasoning', 'Mixed', NULL, 25, NULL, 32.38, 5, 'F', -0.85, '2026-06-30 09:50:58'),
(783, 35, 218, 'Science', 'Mixed', NULL, 25, NULL, 30.83, 7, 'F', -0.74, '2026-06-24 09:50:58'),
(784, 35, 219, 'Spatial Reasoning', 'Mixed', NULL, 25, NULL, 33.51, 18, 'F', -0.83, '2026-06-08 09:50:58'),
(785, 36, 220, 'Abstract Reasoning', 'Mixed', NULL, 25, NULL, 33.94, 9, 'F', -0.67, '2026-06-20 09:50:58'),
(786, 36, 221, 'Computer Literacy', 'Mixed', NULL, 25, NULL, 30.01, 13, 'F', -0.76, '2026-06-10 09:50:58'),
(787, 36, 222, 'Life Skills', 'Mixed', NULL, 25, NULL, 32.12, 15, 'F', -0.82, '2026-06-22 09:50:58'),
(788, 36, 223, 'Mechanical Reasoning', 'Mixed', NULL, 25, NULL, 34.71, 18, 'F', -1.00, '2026-06-30 09:50:58'),
(789, 36, 224, 'Science', 'Mixed', NULL, 25, NULL, 35.37, 8, 'F', -0.96, '2026-06-17 09:50:58'),
(790, 36, 225, 'Spatial Reasoning', 'Mixed', NULL, 25, NULL, 30.98, 8, 'F', -0.91, '2026-06-11 09:50:58'),
(791, 37, 226, 'Abstract Reasoning', 'Mixed', NULL, 25, NULL, 34.15, 17, 'F', -0.89, '2026-06-06 09:50:58'),
(792, 37, 227, 'Computer Literacy', 'Mixed', NULL, 25, NULL, 34.35, 15, 'F', -0.84, '2026-06-27 09:50:58'),
(793, 37, 228, 'Life Skills', 'Mixed', NULL, 25, NULL, 32.84, 14, 'F', -0.87, '2026-06-16 09:50:58'),
(794, 37, 229, 'Mechanical Reasoning', 'Mixed', NULL, 25, NULL, 33.99, 10, 'F', -0.85, '2026-06-05 09:50:58'),
(795, 37, 230, 'Science', 'Mixed', NULL, 25, NULL, 34.77, 15, 'F', -0.62, '2026-06-28 09:50:58'),
(796, 37, 231, 'Spatial Reasoning', 'Mixed', NULL, 25, NULL, 35.96, 7, 'F', -0.54, '2026-06-07 09:50:58'),
(797, 38, 232, 'Abstract Reasoning', 'Mixed', NULL, 25, NULL, 32.27, 17, 'F', -0.99, '2026-06-05 09:50:58'),
(798, 38, 233, 'Computer Literacy', 'Mixed', NULL, 25, NULL, 32.59, 15, 'F', -0.76, '2026-06-26 09:50:58'),
(799, 38, 234, 'Life Skills', 'Mixed', NULL, 25, NULL, 33.88, 9, 'F', -0.85, '2026-06-14 09:50:58'),
(800, 38, 235, 'Mechanical Reasoning', 'Mixed', NULL, 25, NULL, 35.73, 13, 'F', -0.80, '2026-07-02 09:50:58'),
(801, 38, 236, 'Science', 'Mixed', NULL, 25, NULL, 30.32, 9, 'F', -0.67, '2026-06-28 09:50:58'),
(802, 38, 237, 'Spatial Reasoning', 'Mixed', NULL, 25, NULL, 34.94, 8, 'F', -0.85, '2026-06-16 09:50:58'),
(803, 39, 238, 'Abstract Reasoning', 'Mixed', NULL, 25, NULL, 32.34, 13, 'F', -0.77, '2026-06-10 09:50:58'),
(804, 39, 239, 'Computer Literacy', 'Mixed', NULL, 25, NULL, 30.54, 12, 'F', -0.84, '2026-06-25 09:50:58'),
(805, 39, 240, 'Life Skills', 'Mixed', NULL, 25, NULL, 32.66, 19, 'F', -0.96, '2026-06-20 09:50:58'),
(806, 39, 241, 'Mechanical Reasoning', 'Mixed', NULL, 25, NULL, 35.32, 5, 'F', -0.77, '2026-06-16 09:50:58'),
(807, 39, 242, 'Science', 'Mixed', NULL, 25, NULL, 35.89, 19, 'F', -0.51, '2026-06-05 09:50:58'),
(808, 39, 243, 'Spatial Reasoning', 'Mixed', NULL, 25, NULL, 30.55, 11, 'F', -0.99, '2026-06-12 09:50:58'),
(809, 40, 244, 'Abstract Reasoning', 'Mixed', NULL, 25, NULL, 33.75, 10, 'F', -0.71, '2026-07-04 09:50:58'),
(810, 40, 245, 'Computer Literacy', 'Mixed', NULL, 25, NULL, 35.24, 10, 'F', -0.50, '2026-06-24 09:50:58'),
(811, 40, 246, 'Life Skills', 'Mixed', NULL, 25, NULL, 35.67, 18, 'F', -0.70, '2026-06-12 09:50:58'),
(812, 40, 247, 'Mechanical Reasoning', 'Mixed', NULL, 25, NULL, 32.86, 13, 'F', -0.53, '2026-06-22 09:50:58'),
(813, 40, 248, 'Science', 'Mixed', NULL, 25, NULL, 34.35, 11, 'F', -0.80, '2026-06-05 09:50:58'),
(814, 40, 249, 'Spatial Reasoning', 'Mixed', NULL, 25, NULL, 32.31, 18, 'F', -0.66, '2026-06-24 09:50:58'),
(815, 41, 250, 'Abstract Reasoning', 'Mixed', NULL, 25, NULL, 30.02, 19, 'F', -1.00, '2026-06-05 09:50:58'),
(816, 41, 251, 'Computer Literacy', 'Mixed', NULL, 25, NULL, 34.42, 17, 'F', -0.53, '2026-07-01 09:50:58'),
(817, 41, 252, 'Life Skills', 'Mixed', NULL, 25, NULL, 32.17, 5, 'F', -0.53, '2026-06-07 09:50:58'),
(818, 41, 253, 'Mechanical Reasoning', 'Mixed', NULL, 25, NULL, 32.26, 19, 'F', -0.68, '2026-06-10 09:50:58'),
(819, 41, 254, 'Science', 'Mixed', NULL, 25, NULL, 30.27, 18, 'F', -0.95, '2026-06-19 09:50:58'),
(820, 41, 255, 'Spatial Reasoning', 'Mixed', NULL, 25, NULL, 34.20, 18, 'F', -0.57, '2026-06-19 09:50:58'),
(821, 42, 256, 'Abstract Reasoning', 'Mixed', NULL, 25, NULL, 31.65, 6, 'F', -0.62, '2026-06-13 09:50:58'),
(822, 42, 257, 'Computer Literacy', 'Mixed', NULL, 25, NULL, 35.46, 19, 'F', -0.90, '2026-06-06 09:50:58'),
(823, 42, 258, 'Life Skills', 'Mixed', NULL, 25, NULL, 34.38, 18, 'F', -0.54, '2026-06-23 09:50:58'),
(824, 42, 259, 'Mechanical Reasoning', 'Mixed', NULL, 25, NULL, 35.50, 18, 'F', -0.89, '2026-06-09 09:50:58'),
(825, 42, 260, 'Science', 'Mixed', NULL, 25, NULL, 35.71, 8, 'F', -0.75, '2026-06-22 09:50:58'),
(826, 42, 261, 'Spatial Reasoning', 'Mixed', NULL, 25, NULL, 31.07, 5, 'F', -0.86, '2026-06-13 09:50:58'),
(827, 43, 262, 'Abstract Reasoning', 'Mixed', NULL, 25, NULL, 30.04, 16, 'F', -0.78, '2026-06-14 09:50:58'),
(828, 43, 263, 'Computer Literacy', 'Mixed', NULL, 25, NULL, 34.84, 12, 'F', -0.92, '2026-06-28 09:50:58'),
(829, 43, 264, 'Life Skills', 'Mixed', NULL, 25, NULL, 30.82, 19, 'F', -0.72, '2026-06-19 09:50:58'),
(830, 43, 265, 'Mechanical Reasoning', 'Mixed', NULL, 25, NULL, 34.42, 15, 'F', -0.67, '2026-06-26 09:50:58'),
(831, 43, 266, 'Science', 'Mixed', NULL, 25, NULL, 34.07, 12, 'F', -0.85, '2026-06-23 09:50:58'),
(832, 43, 267, 'Spatial Reasoning', 'Mixed', NULL, 25, NULL, 31.01, 11, 'F', -0.77, '2026-06-12 09:50:58'),
(833, 44, 268, 'Abstract Reasoning', 'Mixed', NULL, 25, NULL, 35.19, 5, 'F', -0.79, '2026-06-16 09:50:58'),
(834, 44, 269, 'Computer Literacy', 'Mixed', NULL, 25, NULL, 35.95, 5, 'F', -0.51, '2026-06-27 09:50:58'),
(835, 44, 270, 'Life Skills', 'Mixed', NULL, 25, NULL, 35.13, 18, 'F', -0.94, '2026-06-05 09:50:58'),
(836, 44, 271, 'Mechanical Reasoning', 'Mixed', NULL, 25, NULL, 31.23, 9, 'F', -0.88, '2026-06-06 09:50:58'),
(837, 44, 272, 'Science', 'Mixed', NULL, 25, NULL, 30.20, 17, 'F', -0.61, '2026-06-30 09:50:58'),
(838, 44, 273, 'Spatial Reasoning', 'Mixed', NULL, 25, NULL, 33.51, 9, 'F', -0.90, '2026-06-12 09:50:58'),
(839, 45, 274, 'Abstract Reasoning', 'Mixed', NULL, 25, NULL, 30.24, 14, 'F', -0.57, '2026-06-05 09:50:58'),
(840, 45, 275, 'Computer Literacy', 'Mixed', NULL, 25, NULL, 30.65, 12, 'F', -1.00, '2026-06-25 09:50:58'),
(841, 45, 276, 'Life Skills', 'Mixed', NULL, 25, NULL, 34.89, 8, 'F', -0.53, '2026-06-12 09:50:58'),
(842, 45, 277, 'Mechanical Reasoning', 'Mixed', NULL, 25, NULL, 34.50, 16, 'F', -0.50, '2026-06-17 09:50:58'),
(843, 45, 278, 'Science', 'Mixed', NULL, 25, NULL, 32.29, 5, 'F', -0.69, '2026-06-05 09:50:58'),
(844, 45, 279, 'Spatial Reasoning', 'Mixed', NULL, 25, NULL, 31.36, 14, 'F', -0.58, '2026-06-21 09:50:58'),
(845, 46, 280, 'Abstract Reasoning', 'Mixed', NULL, 25, NULL, 34.77, 14, 'F', -0.78, '2026-06-07 09:50:58'),
(846, 46, 281, 'Computer Literacy', 'Mixed', NULL, 25, NULL, 30.97, 6, 'F', -0.71, '2026-06-09 09:50:58'),
(847, 46, 282, 'Life Skills', 'Mixed', NULL, 25, NULL, 35.67, 11, 'F', -0.95, '2026-06-29 09:50:58'),
(848, 46, 283, 'Mechanical Reasoning', 'Mixed', NULL, 25, NULL, 35.87, 16, 'F', -0.65, '2026-06-06 09:50:58'),
(849, 46, 284, 'Science', 'Mixed', NULL, 25, NULL, 30.96, 14, 'F', -0.80, '2026-06-19 09:50:58'),
(850, 46, 285, 'Spatial Reasoning', 'Mixed', NULL, 25, NULL, 33.98, 16, 'F', -0.57, '2026-06-10 09:50:58'),
(851, 47, 286, 'Abstract Reasoning', 'Mixed', NULL, 25, NULL, 32.10, 12, 'F', -0.62, '2026-06-22 09:50:58'),
(852, 47, 287, 'Computer Literacy', 'Mixed', NULL, 25, NULL, 33.39, 7, 'F', -0.72, '2026-07-02 09:50:58'),
(853, 47, 288, 'Life Skills', 'Mixed', NULL, 25, NULL, 32.41, 8, 'F', -0.54, '2026-06-06 09:50:58'),
(854, 47, 289, 'Mechanical Reasoning', 'Mixed', NULL, 25, NULL, 31.54, 8, 'F', -0.99, '2026-06-23 09:50:58'),
(855, 47, 290, 'Science', 'Mixed', NULL, 25, NULL, 31.12, 6, 'F', -0.86, '2026-06-05 09:50:58'),
(856, 47, 291, 'Spatial Reasoning', 'Mixed', NULL, 25, NULL, 31.11, 5, 'F', -0.68, '2026-06-17 09:50:58'),
(857, 48, 292, 'Abstract Reasoning', 'Mixed', NULL, 25, NULL, 30.70, 9, 'F', -0.62, '2026-07-01 09:50:58'),
(858, 48, 293, 'Computer Literacy', 'Mixed', NULL, 25, NULL, 31.68, 8, 'F', -0.64, '2026-06-28 09:50:58'),
(859, 48, 294, 'Life Skills', 'Mixed', NULL, 25, NULL, 34.25, 6, 'F', -0.76, '2026-06-21 09:50:58'),
(860, 48, 295, 'Mechanical Reasoning', 'Mixed', NULL, 25, NULL, 31.60, 13, 'F', -0.54, '2026-06-06 09:50:58'),
(861, 48, 296, 'Science', 'Mixed', NULL, 25, NULL, 35.74, 9, 'F', -0.91, '2026-06-20 09:50:58'),
(862, 48, 297, 'Spatial Reasoning', 'Mixed', NULL, 25, NULL, 35.08, 8, 'F', -0.67, '2026-06-17 09:50:58'),
(863, 49, 298, 'Abstract Reasoning', 'Mixed', NULL, 25, NULL, 34.21, 14, 'F', -0.85, '2026-06-05 09:50:58'),
(864, 49, 299, 'Computer Literacy', 'Mixed', NULL, 25, NULL, 32.09, 13, 'F', -0.97, '2026-06-11 09:50:58'),
(865, 49, 300, 'Life Skills', 'Mixed', NULL, 25, NULL, 33.49, 10, 'F', -0.91, '2026-07-02 09:50:58'),
(866, 49, 301, 'Mechanical Reasoning', 'Mixed', NULL, 25, NULL, 32.70, 8, 'F', -0.83, '2026-06-12 09:50:58'),
(867, 49, 302, 'Science', 'Mixed', NULL, 25, NULL, 32.89, 19, 'F', -0.92, '2026-06-26 09:50:58'),
(868, 49, 303, 'Spatial Reasoning', 'Mixed', NULL, 25, NULL, 35.16, 15, 'F', -0.73, '2026-06-09 09:50:58'),
(869, 50, 304, 'Abstract Reasoning', 'Mixed', NULL, 25, NULL, 34.32, 17, 'F', -0.87, '2026-06-08 09:50:58'),
(870, 50, 305, 'Computer Literacy', 'Mixed', NULL, 25, NULL, 33.55, 16, 'F', -0.97, '2026-06-30 09:50:58'),
(871, 50, 306, 'Life Skills', 'Mixed', NULL, 25, NULL, 32.57, 5, 'F', -0.81, '2026-06-09 09:50:58'),
(872, 50, 307, 'Mechanical Reasoning', 'Mixed', NULL, 25, NULL, 31.63, 18, 'F', -0.92, '2026-06-19 09:50:58'),
(873, 50, 308, 'Science', 'Mixed', NULL, 25, NULL, 32.61, 7, 'F', -0.50, '2026-06-17 09:50:59'),
(874, 50, 309, 'Spatial Reasoning', 'Mixed', NULL, 25, NULL, 35.77, 16, 'F', -0.83, '2026-07-01 09:50:59'),
(875, 51, 310, 'Abstract Reasoning', 'Mixed', NULL, 25, NULL, 33.18, 6, 'F', -0.91, '2026-07-03 09:50:59'),
(876, 51, 311, 'Computer Literacy', 'Mixed', NULL, 25, NULL, 30.89, 7, 'F', -0.57, '2026-06-23 09:50:59'),
(877, 51, 312, 'Life Skills', 'Mixed', NULL, 25, NULL, 35.37, 8, 'F', -0.80, '2026-06-17 09:50:59'),
(878, 51, 313, 'Mechanical Reasoning', 'Mixed', NULL, 25, NULL, 30.59, 19, 'F', -0.91, '2026-06-17 09:50:59'),
(879, 51, 314, 'Science', 'Mixed', NULL, 25, NULL, 30.93, 17, 'F', -0.51, '2026-06-13 09:50:59'),
(880, 51, 315, 'Spatial Reasoning', 'Mixed', NULL, 25, NULL, 32.10, 11, 'F', -0.95, '2026-06-30 09:50:59'),
(881, 52, 316, 'Abstract Reasoning', 'Mixed', NULL, 25, NULL, 33.33, 13, 'F', -0.80, '2026-06-27 09:50:59'),
(882, 52, 317, 'Computer Literacy', 'Mixed', NULL, 25, NULL, 30.36, 13, 'F', -0.71, '2026-06-12 09:50:59'),
(883, 52, 318, 'Life Skills', 'Mixed', NULL, 25, NULL, 33.12, 16, 'F', -0.53, '2026-06-28 09:50:59'),
(884, 52, 319, 'Mechanical Reasoning', 'Mixed', NULL, 25, NULL, 33.06, 5, 'F', -0.58, '2026-06-14 09:50:59'),
(885, 52, 320, 'Science', 'Mixed', NULL, 25, NULL, 33.70, 5, 'F', -0.83, '2026-06-21 09:50:59'),
(886, 52, 321, 'Spatial Reasoning', 'Mixed', NULL, 25, NULL, 31.76, 5, 'F', -0.93, '2026-06-23 09:50:59'),
(887, 53, 322, 'Abstract Reasoning', 'Mixed', NULL, 25, NULL, 34.78, 13, 'F', -0.60, '2026-06-17 09:50:59'),
(888, 53, 323, 'Computer Literacy', 'Mixed', NULL, 25, NULL, 31.09, 9, 'F', -0.90, '2026-07-02 09:50:59'),
(889, 53, 324, 'Life Skills', 'Mixed', NULL, 25, NULL, 34.18, 10, 'F', -0.81, '2026-06-17 09:50:59'),
(890, 53, 325, 'Mechanical Reasoning', 'Mixed', NULL, 25, NULL, 30.10, 8, 'F', -0.52, '2026-06-05 09:50:59'),
(891, 53, 326, 'Science', 'Mixed', NULL, 25, NULL, 32.27, 6, 'F', -0.87, '2026-06-22 09:50:59'),
(892, 53, 327, 'Spatial Reasoning', 'Mixed', NULL, 25, NULL, 33.13, 10, 'F', -0.62, '2026-06-30 09:50:59'),
(893, 54, 328, 'Abstract Reasoning', 'Mixed', NULL, 25, NULL, 32.37, 14, 'F', -0.61, '2026-07-03 09:50:59'),
(894, 54, 329, 'Computer Literacy', 'Mixed', NULL, 25, NULL, 32.32, 5, 'F', -0.85, '2026-06-08 09:50:59'),
(895, 54, 330, 'Life Skills', 'Mixed', NULL, 25, NULL, 33.49, 13, 'F', -0.77, '2026-06-05 09:50:59'),
(896, 54, 331, 'Mechanical Reasoning', 'Mixed', NULL, 25, NULL, 32.54, 9, 'F', -0.86, '2026-06-28 09:50:59'),
(897, 54, 332, 'Science', 'Mixed', NULL, 25, NULL, 30.89, 9, 'F', -0.92, '2026-06-06 09:50:59'),
(898, 54, 333, 'Spatial Reasoning', 'Mixed', NULL, 25, NULL, 34.12, 15, 'F', -0.55, '2026-06-19 09:50:59'),
(899, 55, 334, 'Abstract Reasoning', 'Mixed', NULL, 25, NULL, 33.36, 13, 'F', -0.79, '2026-07-04 09:50:59'),
(900, 55, 335, 'Computer Literacy', 'Mixed', NULL, 25, NULL, 31.89, 7, 'F', -0.76, '2026-06-10 09:50:59'),
(901, 55, 336, 'Life Skills', 'Mixed', NULL, 25, NULL, 35.90, 17, 'F', -0.65, '2026-06-29 09:50:59'),
(902, 55, 337, 'Mechanical Reasoning', 'Mixed', NULL, 25, NULL, 33.47, 14, 'F', -0.79, '2026-06-24 09:50:59'),
(903, 55, 338, 'Science', 'Mixed', NULL, 25, NULL, 33.62, 8, 'F', -0.53, '2026-06-28 09:50:59'),
(904, 55, 339, 'Spatial Reasoning', 'Mixed', NULL, 25, NULL, 35.87, 9, 'F', -0.73, '2026-06-20 09:50:59'),
(905, 56, 340, 'Abstract Reasoning', 'Mixed', NULL, 25, NULL, 32.80, 13, 'F', -0.71, '2026-06-20 09:50:59'),
(906, 56, 341, 'Computer Literacy', 'Mixed', NULL, 25, NULL, 34.63, 19, 'F', -0.68, '2026-06-22 09:50:59'),
(907, 56, 342, 'Life Skills', 'Mixed', NULL, 25, NULL, 35.71, 5, 'F', -0.88, '2026-06-24 09:50:59'),
(908, 56, 343, 'Mechanical Reasoning', 'Mixed', NULL, 25, NULL, 30.32, 11, 'F', -0.69, '2026-06-08 09:50:59'),
(909, 56, 344, 'Science', 'Mixed', NULL, 25, NULL, 30.16, 16, 'F', -0.94, '2026-06-14 09:50:59'),
(910, 56, 345, 'Spatial Reasoning', 'Mixed', NULL, 25, NULL, 34.25, 6, 'F', -0.92, '2026-06-25 09:50:59'),
(911, 57, 346, 'Abstract Reasoning', 'Mixed', NULL, 25, NULL, 33.59, 5, 'F', -0.85, '2026-06-18 09:50:59'),
(912, 57, 347, 'Computer Literacy', 'Mixed', NULL, 25, NULL, 34.68, 12, 'F', -0.76, '2026-07-04 09:50:59'),
(913, 57, 348, 'Life Skills', 'Mixed', NULL, 25, NULL, 31.53, 9, 'F', -0.67, '2026-06-14 09:50:59'),
(914, 57, 349, 'Mechanical Reasoning', 'Mixed', NULL, 25, NULL, 35.90, 6, 'F', -0.69, '2026-06-22 09:50:59'),
(915, 57, 350, 'Science', 'Mixed', NULL, 25, NULL, 35.61, 7, 'F', -0.58, '2026-07-02 09:50:59'),
(916, 57, 351, 'Spatial Reasoning', 'Mixed', NULL, 25, NULL, 31.56, 13, 'F', -0.55, '2026-06-30 09:50:59'),
(917, 58, 352, 'Abstract Reasoning', 'Mixed', NULL, 25, NULL, 31.44, 11, 'F', -0.54, '2026-06-24 09:50:59'),
(918, 58, 353, 'Computer Literacy', 'Mixed', NULL, 25, NULL, 33.20, 6, 'F', -0.74, '2026-06-06 09:50:59'),
(919, 58, 354, 'Life Skills', 'Mixed', NULL, 25, NULL, 33.21, 8, 'F', -0.76, '2026-06-20 09:50:59'),
(920, 58, 355, 'Mechanical Reasoning', 'Mixed', NULL, 25, NULL, 31.25, 17, 'F', -0.64, '2026-06-14 09:50:59'),
(921, 58, 356, 'Science', 'Mixed', NULL, 25, NULL, 31.13, 10, 'F', -0.57, '2026-06-23 09:50:59'),
(922, 58, 357, 'Spatial Reasoning', 'Mixed', NULL, 25, NULL, 33.88, 19, 'F', -0.62, '2026-06-10 09:50:59'),
(923, 59, 358, 'Abstract Reasoning', 'Mixed', NULL, 25, NULL, 34.64, 6, 'F', -0.88, '2026-06-25 09:50:59'),
(924, 59, 359, 'Computer Literacy', 'Mixed', NULL, 25, NULL, 35.76, 8, 'F', -0.91, '2026-06-22 09:50:59'),
(925, 59, 360, 'Life Skills', 'Mixed', NULL, 25, NULL, 33.13, 12, 'F', -0.82, '2026-07-03 09:50:59'),
(926, 59, 361, 'Mechanical Reasoning', 'Mixed', NULL, 25, NULL, 30.26, 9, 'F', -0.68, '2026-06-20 09:50:59'),
(927, 59, 362, 'Science', 'Mixed', NULL, 25, NULL, 34.72, 13, 'F', -0.78, '2026-06-17 09:50:59'),
(928, 59, 363, 'Spatial Reasoning', 'Mixed', NULL, 25, NULL, 30.87, 7, 'F', -0.91, '2026-06-21 09:50:59'),
(929, 60, 364, 'Abstract Reasoning', 'Mixed', NULL, 25, NULL, 31.25, 18, 'F', -0.64, '2026-06-07 09:50:59'),
(930, 60, 365, 'Computer Literacy', 'Mixed', NULL, 25, NULL, 34.60, 6, 'F', -0.54, '2026-06-28 09:50:59'),
(931, 60, 366, 'Life Skills', 'Mixed', NULL, 25, NULL, 30.31, 5, 'F', -0.63, '2026-07-01 09:50:59'),
(932, 60, 367, 'Mechanical Reasoning', 'Mixed', NULL, 25, NULL, 32.94, 10, 'F', -0.82, '2026-06-23 09:50:59'),
(933, 60, 368, 'Science', 'Mixed', NULL, 25, NULL, 30.59, 18, 'F', -0.57, '2026-06-25 09:50:59'),
(934, 60, 369, 'Spatial Reasoning', 'Mixed', NULL, 25, NULL, 35.62, 10, 'F', -0.61, '2026-07-03 09:50:59'),
(935, 61, 370, 'Abstract Reasoning', 'Mixed', NULL, 25, NULL, 31.86, 9, 'F', -0.96, '2026-06-18 09:50:59'),
(936, 61, 371, 'Computer Literacy', 'Mixed', NULL, 25, NULL, 32.72, 17, 'F', -0.59, '2026-06-12 09:50:59'),
(937, 61, 372, 'Life Skills', 'Mixed', NULL, 25, NULL, 31.39, 9, 'F', -0.85, '2026-06-15 09:50:59'),
(938, 61, 373, 'Mechanical Reasoning', 'Mixed', NULL, 25, NULL, 30.26, 5, 'F', -0.80, '2026-07-02 09:50:59'),
(939, 61, 374, 'Science', 'Mixed', NULL, 25, NULL, 30.17, 10, 'F', -0.87, '2026-06-08 09:50:59'),
(940, 61, 375, 'Spatial Reasoning', 'Mixed', NULL, 25, NULL, 31.33, 14, 'F', -0.92, '2026-06-22 09:50:59'),
(941, 62, 376, 'Abstract Reasoning', 'Mixed', NULL, 25, NULL, 34.03, 17, 'F', -0.91, '2026-06-30 09:50:59'),
(942, 62, 377, 'Computer Literacy', 'Mixed', NULL, 25, NULL, 33.42, 8, 'F', -0.90, '2026-06-17 09:50:59'),
(943, 62, 378, 'Life Skills', 'Mixed', NULL, 25, NULL, 31.04, 9, 'F', -0.90, '2026-06-06 09:50:59'),
(944, 62, 379, 'Mechanical Reasoning', 'Mixed', NULL, 25, NULL, 31.47, 16, 'F', -0.59, '2026-06-28 09:50:59'),
(945, 62, 380, 'Science', 'Mixed', NULL, 25, NULL, 35.68, 13, 'F', -0.64, '2026-07-04 09:50:59'),
(946, 62, 381, 'Spatial Reasoning', 'Mixed', NULL, 25, NULL, 34.88, 19, 'F', -0.81, '2026-06-26 09:50:59'),
(947, 63, 382, 'Abstract Reasoning', 'Mixed', NULL, 25, NULL, 31.20, 7, 'F', -0.69, '2026-06-29 09:50:59'),
(948, 63, 383, 'Computer Literacy', 'Mixed', NULL, 25, NULL, 35.85, 9, 'F', -0.74, '2026-06-13 09:50:59'),
(949, 63, 384, 'Life Skills', 'Mixed', NULL, 25, NULL, 35.62, 17, 'F', -0.69, '2026-06-26 09:50:59'),
(950, 63, 385, 'Mechanical Reasoning', 'Mixed', NULL, 25, NULL, 31.08, 17, 'F', -0.99, '2026-06-12 09:50:59'),
(951, 63, 386, 'Science', 'Mixed', NULL, 25, NULL, 34.52, 7, 'F', -0.90, '2026-06-19 09:50:59'),
(952, 63, 387, 'Spatial Reasoning', 'Mixed', NULL, 25, NULL, 30.57, 6, 'F', -0.93, '2026-07-01 09:50:59'),
(953, 64, 388, 'Abstract Reasoning', 'Mixed', NULL, 25, NULL, 31.64, 11, 'F', -0.84, '2026-06-29 09:50:59'),
(954, 64, 389, 'Computer Literacy', 'Mixed', NULL, 25, NULL, 31.02, 14, 'F', -0.63, '2026-06-19 09:50:59'),
(955, 64, 390, 'Life Skills', 'Mixed', NULL, 25, NULL, 30.73, 11, 'F', -0.64, '2026-06-12 09:50:59'),
(956, 64, 391, 'Mechanical Reasoning', 'Mixed', NULL, 25, NULL, 30.41, 19, 'F', -0.77, '2026-06-17 09:50:59'),
(957, 64, 392, 'Science', 'Mixed', NULL, 25, NULL, 32.07, 15, 'F', -0.99, '2026-06-23 09:50:59'),
(958, 64, 393, 'Spatial Reasoning', 'Mixed', NULL, 25, NULL, 30.52, 18, 'F', -0.58, '2026-06-27 09:50:59'),
(959, 65, 394, 'Abstract Reasoning', 'Mixed', NULL, 25, NULL, 35.36, 18, 'F', -0.74, '2026-06-12 09:50:59'),
(960, 65, 395, 'Computer Literacy', 'Mixed', NULL, 25, NULL, 30.60, 9, 'F', -0.97, '2026-06-28 09:50:59'),
(961, 65, 396, 'Life Skills', 'Mixed', NULL, 25, NULL, 30.08, 15, 'F', -0.94, '2026-06-22 09:50:59'),
(962, 65, 397, 'Mechanical Reasoning', 'Mixed', NULL, 25, NULL, 33.57, 6, 'F', -0.52, '2026-06-15 09:50:59'),
(963, 65, 398, 'Science', 'Mixed', NULL, 25, NULL, 35.57, 15, 'F', -0.51, '2026-06-10 09:50:59'),
(964, 65, 399, 'Spatial Reasoning', 'Mixed', NULL, 25, NULL, 30.32, 13, 'F', -0.55, '2026-06-13 09:50:59'),
(965, 66, 400, 'Abstract Reasoning', 'Mixed', NULL, 25, NULL, 31.53, 14, 'F', -0.56, '2026-06-25 09:50:59');
INSERT INTO `results` (`id`, `user_id`, `test_id`, `category`, `topic`, `score`, `total`, `percentage`, `scaled_score`, `percentile_rank`, `grade`, `ability_estimate`, `date`) VALUES
(966, 66, 401, 'Computer Literacy', 'Mixed', NULL, 25, NULL, 35.35, 7, 'F', -0.61, '2026-07-04 09:50:59'),
(967, 66, 402, 'Life Skills', 'Mixed', NULL, 25, NULL, 32.05, 15, 'F', -0.66, '2026-06-25 09:50:59'),
(968, 66, 403, 'Mechanical Reasoning', 'Mixed', NULL, 25, NULL, 35.73, 5, 'F', -0.71, '2026-06-26 09:50:59'),
(969, 66, 404, 'Science', 'Mixed', NULL, 25, NULL, 35.34, 10, 'F', -0.82, '2026-06-26 09:50:59'),
(970, 66, 405, 'Spatial Reasoning', 'Mixed', NULL, 25, NULL, 33.79, 8, 'F', -0.85, '2026-06-25 09:50:59'),
(971, 67, 406, 'Abstract Reasoning', 'Mixed', NULL, 25, NULL, 32.69, 13, 'F', -0.56, '2026-06-16 09:50:59'),
(972, 67, 407, 'Computer Literacy', 'Mixed', NULL, 25, NULL, 32.29, 7, 'F', -0.88, '2026-06-09 09:50:59'),
(973, 67, 408, 'Life Skills', 'Mixed', NULL, 25, NULL, 32.67, 11, 'F', -0.70, '2026-06-06 09:50:59'),
(974, 67, 409, 'Mechanical Reasoning', 'Mixed', NULL, 25, NULL, 30.13, 19, 'F', -0.81, '2026-06-08 09:50:59'),
(975, 67, 410, 'Science', 'Mixed', NULL, 25, NULL, 32.59, 18, 'F', -0.79, '2026-06-25 09:50:59'),
(976, 67, 411, 'Spatial Reasoning', 'Mixed', NULL, 25, NULL, 31.79, 18, 'F', -0.57, '2026-06-12 09:50:59'),
(977, 68, 412, 'Abstract Reasoning', 'Mixed', NULL, 25, NULL, 32.95, 14, 'F', -0.53, '2026-06-16 09:50:59'),
(978, 68, 413, 'Computer Literacy', 'Mixed', NULL, 25, NULL, 33.31, 18, 'F', -0.86, '2026-06-10 09:50:59'),
(979, 68, 414, 'Life Skills', 'Mixed', NULL, 25, NULL, 33.52, 15, 'F', -0.80, '2026-06-11 09:50:59'),
(980, 68, 415, 'Mechanical Reasoning', 'Mixed', NULL, 25, NULL, 32.06, 12, 'F', -0.63, '2026-06-16 09:50:59'),
(981, 68, 416, 'Science', 'Mixed', NULL, 25, NULL, 32.35, 14, 'F', -0.78, '2026-06-05 09:50:59'),
(982, 68, 417, 'Spatial Reasoning', 'Mixed', NULL, 25, NULL, 32.61, 18, 'F', -0.96, '2026-06-26 09:50:59'),
(983, 69, 418, 'Abstract Reasoning', 'Mixed', NULL, 25, NULL, 32.48, 6, 'F', -0.67, '2026-06-25 09:50:59'),
(984, 69, 419, 'Computer Literacy', 'Mixed', NULL, 25, NULL, 33.60, 5, 'F', -0.84, '2026-06-22 09:50:59'),
(985, 69, 420, 'Life Skills', 'Mixed', NULL, 25, NULL, 32.29, 7, 'F', -0.54, '2026-06-17 09:50:59'),
(986, 69, 421, 'Mechanical Reasoning', 'Mixed', NULL, 25, NULL, 32.72, 19, 'F', -0.78, '2026-06-21 09:50:59'),
(987, 69, 422, 'Science', 'Mixed', NULL, 25, NULL, 34.26, 9, 'F', -0.79, '2026-06-25 09:50:59'),
(988, 69, 423, 'Spatial Reasoning', 'Mixed', NULL, 25, NULL, 33.41, 16, 'F', -0.65, '2026-06-05 09:50:59'),
(989, 70, 424, 'Abstract Reasoning', 'Mixed', NULL, 25, NULL, 32.85, 9, 'F', -0.66, '2026-06-28 09:50:59'),
(990, 70, 425, 'Computer Literacy', 'Mixed', NULL, 25, NULL, 30.75, 6, 'F', -0.92, '2026-06-26 09:50:59'),
(991, 70, 426, 'Life Skills', 'Mixed', NULL, 25, NULL, 30.74, 14, 'F', -0.50, '2026-06-09 09:50:59'),
(992, 70, 427, 'Mechanical Reasoning', 'Mixed', NULL, 25, NULL, 31.47, 6, 'F', -0.82, '2026-06-07 09:51:00'),
(993, 70, 428, 'Science', 'Mixed', NULL, 25, NULL, 30.86, 7, 'F', -0.91, '2026-06-20 09:51:00'),
(994, 70, 429, 'Spatial Reasoning', 'Mixed', NULL, 25, NULL, 30.44, 14, 'F', -0.54, '2026-06-06 09:51:00'),
(995, 71, 430, 'Abstract Reasoning', 'Mixed', NULL, 25, NULL, 32.70, 15, 'F', -0.57, '2026-06-05 09:51:00'),
(996, 71, 431, 'Computer Literacy', 'Mixed', NULL, 25, NULL, 34.28, 16, 'F', -0.53, '2026-06-14 09:51:00'),
(997, 71, 432, 'Life Skills', 'Mixed', NULL, 25, NULL, 32.31, 15, 'F', -0.96, '2026-06-27 09:51:00'),
(998, 71, 433, 'Mechanical Reasoning', 'Mixed', NULL, 25, NULL, 31.75, 17, 'F', -0.90, '2026-06-26 09:51:00'),
(999, 71, 434, 'Science', 'Mixed', NULL, 25, NULL, 35.33, 13, 'F', -0.52, '2026-06-26 09:51:00'),
(1000, 71, 435, 'Spatial Reasoning', 'Mixed', NULL, 25, NULL, 30.77, 18, 'F', -0.71, '2026-07-04 09:51:00'),
(1001, 72, 436, 'Abstract Reasoning', 'Mixed', NULL, 25, NULL, 35.42, 10, 'F', -0.81, '2026-07-01 09:51:00'),
(1002, 72, 437, 'Computer Literacy', 'Mixed', NULL, 25, NULL, 31.67, 16, 'F', -0.73, '2026-06-30 09:51:00'),
(1003, 72, 438, 'Life Skills', 'Mixed', NULL, 25, NULL, 31.83, 12, 'F', -0.83, '2026-06-21 09:51:00'),
(1004, 72, 439, 'Mechanical Reasoning', 'Mixed', NULL, 25, NULL, 35.81, 8, 'F', -0.57, '2026-06-27 09:51:00'),
(1005, 72, 440, 'Science', 'Mixed', NULL, 25, NULL, 31.25, 8, 'F', -0.70, '2026-06-16 09:51:00'),
(1006, 72, 441, 'Spatial Reasoning', 'Mixed', NULL, 25, NULL, 30.60, 9, 'F', -0.80, '2026-06-27 09:51:00'),
(1007, 73, 442, 'Abstract Reasoning', 'Mixed', NULL, 25, NULL, 34.08, 13, 'F', -0.86, '2026-06-12 09:51:00'),
(1008, 73, 443, 'Computer Literacy', 'Mixed', NULL, 25, NULL, 35.46, 12, 'F', -0.99, '2026-06-15 09:51:00'),
(1009, 73, 444, 'Life Skills', 'Mixed', NULL, 25, NULL, 35.74, 11, 'F', -0.61, '2026-06-22 09:51:00'),
(1010, 73, 445, 'Mechanical Reasoning', 'Mixed', NULL, 25, NULL, 32.48, 17, 'F', -0.63, '2026-07-03 09:51:00'),
(1011, 73, 446, 'Science', 'Mixed', NULL, 25, NULL, 33.24, 11, 'F', -0.63, '2026-06-15 09:51:00'),
(1012, 73, 447, 'Spatial Reasoning', 'Mixed', NULL, 25, NULL, 34.18, 15, 'F', -0.53, '2026-06-26 09:51:00'),
(1013, 74, 448, 'Abstract Reasoning', 'Mixed', NULL, 25, NULL, 31.22, 16, 'F', -0.79, '2026-06-26 09:51:00'),
(1014, 74, 449, 'Computer Literacy', 'Mixed', NULL, 25, NULL, 32.65, 5, 'F', -0.97, '2026-06-07 09:51:00'),
(1015, 74, 450, 'Life Skills', 'Mixed', NULL, 25, NULL, 31.57, 6, 'F', -0.80, '2026-06-10 09:51:00'),
(1016, 74, 451, 'Mechanical Reasoning', 'Mixed', NULL, 25, NULL, 35.58, 14, 'F', -0.67, '2026-06-22 09:51:00'),
(1017, 74, 452, 'Science', 'Mixed', NULL, 25, NULL, 33.91, 15, 'F', -0.91, '2026-06-17 09:51:00'),
(1018, 74, 453, 'Spatial Reasoning', 'Mixed', NULL, 25, NULL, 32.59, 14, 'F', -0.58, '2026-06-09 09:51:00'),
(1019, 75, 454, 'Abstract Reasoning', 'Mixed', NULL, 25, NULL, 30.68, 13, 'F', -0.84, '2026-06-17 09:51:00'),
(1020, 75, 455, 'Computer Literacy', 'Mixed', NULL, 25, NULL, 34.55, 12, 'F', -0.95, '2026-06-25 09:51:00'),
(1021, 75, 456, 'Life Skills', 'Mixed', NULL, 25, NULL, 31.12, 17, 'F', -0.99, '2026-06-13 09:51:00'),
(1022, 75, 457, 'Mechanical Reasoning', 'Mixed', NULL, 25, NULL, 34.89, 6, 'F', -0.51, '2026-07-02 09:51:00'),
(1023, 75, 458, 'Science', 'Mixed', NULL, 25, NULL, 33.28, 8, 'F', -0.92, '2026-06-19 09:51:00'),
(1024, 75, 459, 'Spatial Reasoning', 'Mixed', NULL, 25, NULL, 34.26, 5, 'F', -0.58, '2026-06-06 09:51:00'),
(1025, 76, 460, 'Abstract Reasoning', 'Mixed', NULL, 25, NULL, 32.27, 19, 'F', -0.68, '2026-06-12 09:51:00'),
(1026, 76, 461, 'Computer Literacy', 'Mixed', NULL, 25, NULL, 30.06, 12, 'F', -0.57, '2026-06-24 09:51:00'),
(1027, 76, 462, 'Life Skills', 'Mixed', NULL, 25, NULL, 34.16, 11, 'F', -0.82, '2026-06-06 09:51:00'),
(1028, 76, 463, 'Mechanical Reasoning', 'Mixed', NULL, 25, NULL, 35.13, 14, 'F', -0.73, '2026-06-15 09:51:00'),
(1029, 76, 464, 'Science', 'Mixed', NULL, 25, NULL, 35.20, 8, 'F', -0.82, '2026-06-19 09:51:00'),
(1030, 76, 465, 'Spatial Reasoning', 'Mixed', NULL, 25, NULL, 35.38, 17, 'F', -0.56, '2026-06-22 09:51:00'),
(1031, 77, 466, 'Abstract Reasoning', 'Mixed', NULL, 25, NULL, 31.02, 16, 'F', -0.65, '2026-06-25 09:51:00'),
(1032, 77, 467, 'Computer Literacy', 'Mixed', NULL, 25, NULL, 32.87, 13, 'F', -0.86, '2026-06-27 09:51:00'),
(1033, 77, 468, 'Life Skills', 'Mixed', NULL, 25, NULL, 30.96, 6, 'F', -0.71, '2026-06-07 09:51:00'),
(1034, 77, 469, 'Mechanical Reasoning', 'Mixed', NULL, 25, NULL, 30.43, 8, 'F', -0.82, '2026-07-03 09:51:00'),
(1035, 77, 470, 'Science', 'Mixed', NULL, 25, NULL, 33.42, 7, 'F', -0.72, '2026-06-27 09:51:00'),
(1036, 77, 471, 'Spatial Reasoning', 'Mixed', NULL, 25, NULL, 33.86, 7, 'F', -0.66, '2026-06-06 09:51:00'),
(1037, 78, 472, 'Abstract Reasoning', 'Mixed', NULL, 25, NULL, 32.14, 5, 'F', -0.88, '2026-06-29 09:51:00'),
(1038, 78, 473, 'Computer Literacy', 'Mixed', NULL, 25, NULL, 33.13, 7, 'F', -0.59, '2026-07-01 09:51:00'),
(1039, 78, 474, 'Life Skills', 'Mixed', NULL, 25, NULL, 34.63, 7, 'F', -0.88, '2026-06-20 09:51:00'),
(1040, 78, 475, 'Mechanical Reasoning', 'Mixed', NULL, 25, NULL, 31.21, 8, 'F', -0.54, '2026-06-19 09:51:00'),
(1041, 78, 476, 'Science', 'Mixed', NULL, 25, NULL, 34.40, 6, 'F', -0.58, '2026-06-23 09:51:00'),
(1042, 78, 477, 'Spatial Reasoning', 'Mixed', NULL, 25, NULL, 35.67, 17, 'F', -0.69, '2026-06-23 09:51:00'),
(1043, 79, 478, 'Abstract Reasoning', 'Mixed', NULL, 25, NULL, 35.35, 8, 'F', -0.79, '2026-06-22 09:51:00'),
(1044, 79, 479, 'Computer Literacy', 'Mixed', NULL, 25, NULL, 30.25, 17, 'F', -0.77, '2026-06-05 09:51:00'),
(1045, 79, 480, 'Life Skills', 'Mixed', NULL, 25, NULL, 31.23, 16, 'F', -0.79, '2026-07-02 09:51:00'),
(1046, 79, 481, 'Mechanical Reasoning', 'Mixed', NULL, 25, NULL, 30.05, 8, 'F', -0.87, '2026-06-26 09:51:00'),
(1047, 79, 482, 'Science', 'Mixed', NULL, 25, NULL, 31.07, 6, 'F', -0.70, '2026-06-07 09:51:00'),
(1048, 79, 483, 'Spatial Reasoning', 'Mixed', NULL, 25, NULL, 33.84, 10, 'F', -0.86, '2026-07-04 09:51:00'),
(1049, 80, 484, 'Abstract Reasoning', 'Mixed', NULL, 25, NULL, 31.78, 18, 'F', -0.57, '2026-06-16 09:51:00'),
(1050, 80, 485, 'Computer Literacy', 'Mixed', NULL, 25, NULL, 35.80, 16, 'F', -0.82, '2026-06-09 09:51:00'),
(1051, 80, 486, 'Life Skills', 'Mixed', NULL, 25, NULL, 34.12, 9, 'F', -0.97, '2026-06-26 09:51:00'),
(1052, 80, 487, 'Mechanical Reasoning', 'Mixed', NULL, 25, NULL, 32.63, 7, 'F', -0.67, '2026-06-14 09:51:00'),
(1053, 80, 488, 'Science', 'Mixed', NULL, 25, NULL, 35.27, 5, 'F', -0.61, '2026-06-16 09:51:00'),
(1054, 80, 489, 'Spatial Reasoning', 'Mixed', NULL, 25, NULL, 35.46, 15, 'F', -0.52, '2026-06-14 09:51:00'),
(1055, 81, 490, 'Abstract Reasoning', 'Mixed', NULL, 25, NULL, 35.65, 12, 'F', -0.80, '2026-06-14 09:51:00'),
(1056, 81, 491, 'Computer Literacy', 'Mixed', NULL, 25, NULL, 33.20, 18, 'F', -0.54, '2026-06-06 09:51:00'),
(1057, 81, 492, 'Life Skills', 'Mixed', NULL, 25, NULL, 32.71, 5, 'F', -0.97, '2026-06-07 09:51:00'),
(1058, 81, 493, 'Mechanical Reasoning', 'Mixed', NULL, 25, NULL, 32.98, 6, 'F', -0.77, '2026-07-01 09:51:00'),
(1059, 81, 494, 'Science', 'Mixed', NULL, 25, NULL, 35.74, 19, 'F', -0.87, '2026-07-04 09:51:00'),
(1060, 81, 495, 'Spatial Reasoning', 'Mixed', NULL, 25, NULL, 35.09, 15, 'F', -0.91, '2026-06-07 09:51:00'),
(1061, 82, 496, 'Abstract Reasoning', 'Mixed', NULL, 25, NULL, 33.15, 9, 'F', -0.78, '2026-06-09 09:51:00'),
(1062, 82, 497, 'Computer Literacy', 'Mixed', NULL, 25, NULL, 32.30, 16, 'F', -0.81, '2026-06-15 09:51:00'),
(1063, 82, 498, 'Life Skills', 'Mixed', NULL, 25, NULL, 30.78, 13, 'F', -0.99, '2026-06-19 09:51:00'),
(1064, 82, 499, 'Mechanical Reasoning', 'Mixed', NULL, 25, NULL, 34.37, 5, 'F', -0.57, '2026-06-30 09:51:00'),
(1065, 82, 500, 'Science', 'Mixed', NULL, 25, NULL, 30.61, 19, 'F', -0.75, '2026-06-14 09:51:00'),
(1066, 82, 501, 'Spatial Reasoning', 'Mixed', NULL, 25, NULL, 30.44, 6, 'F', -0.79, '2026-06-28 09:51:00'),
(1067, 83, 502, 'Abstract Reasoning', 'Mixed', NULL, 25, NULL, 33.99, 15, 'F', -0.57, '2026-06-17 09:51:00'),
(1068, 83, 503, 'Computer Literacy', 'Mixed', NULL, 25, NULL, 30.76, 9, 'F', -0.61, '2026-06-30 09:51:00'),
(1069, 83, 504, 'Life Skills', 'Mixed', NULL, 25, NULL, 35.16, 15, 'F', -0.57, '2026-06-07 09:51:00'),
(1070, 83, 505, 'Mechanical Reasoning', 'Mixed', NULL, 25, NULL, 32.45, 16, 'F', -0.79, '2026-06-15 09:51:00'),
(1071, 83, 506, 'Science', 'Mixed', NULL, 25, NULL, 32.53, 12, 'F', -0.57, '2026-06-26 09:51:00'),
(1072, 83, 507, 'Spatial Reasoning', 'Mixed', NULL, 25, NULL, 31.80, 5, 'F', -0.59, '2026-06-26 09:51:00'),
(1073, 84, 508, 'Abstract Reasoning', 'Mixed', NULL, 25, NULL, 34.99, 6, 'F', -0.83, '2026-06-29 09:51:00'),
(1074, 84, 509, 'Computer Literacy', 'Mixed', NULL, 25, NULL, 34.54, 11, 'F', -0.77, '2026-06-09 09:51:00'),
(1075, 84, 510, 'Life Skills', 'Mixed', NULL, 25, NULL, 32.95, 11, 'F', -0.99, '2026-06-16 09:51:00'),
(1076, 84, 511, 'Mechanical Reasoning', 'Mixed', NULL, 25, NULL, 33.39, 7, 'F', -0.55, '2026-07-03 09:51:00'),
(1077, 84, 512, 'Science', 'Mixed', NULL, 25, NULL, 34.52, 11, 'F', -0.61, '2026-06-07 09:51:00'),
(1078, 84, 513, 'Spatial Reasoning', 'Mixed', NULL, 25, NULL, 35.67, 15, 'F', -0.83, '2026-06-18 09:51:00'),
(1079, 85, 514, 'Abstract Reasoning', 'Mixed', NULL, 25, NULL, 30.74, 10, 'F', -0.62, '2026-06-25 09:51:00'),
(1080, 85, 515, 'Computer Literacy', 'Mixed', NULL, 25, NULL, 35.09, 13, 'F', -0.72, '2026-06-25 09:51:00'),
(1081, 85, 516, 'Life Skills', 'Mixed', NULL, 25, NULL, 31.07, 11, 'F', -0.59, '2026-06-16 09:51:00'),
(1082, 85, 517, 'Mechanical Reasoning', 'Mixed', NULL, 25, NULL, 32.09, 7, 'F', -0.58, '2026-06-06 09:51:00'),
(1083, 85, 518, 'Science', 'Mixed', NULL, 25, NULL, 35.05, 17, 'F', -0.93, '2026-06-20 09:51:00'),
(1084, 85, 519, 'Spatial Reasoning', 'Mixed', NULL, 25, NULL, 32.98, 12, 'F', -0.51, '2026-07-01 09:51:00'),
(1085, 86, 520, 'Abstract Reasoning', 'Mixed', NULL, 25, NULL, 30.19, 18, 'F', -0.96, '2026-06-22 09:51:00'),
(1086, 86, 521, 'Computer Literacy', 'Mixed', NULL, 25, NULL, 32.40, 5, 'F', -0.84, '2026-06-06 09:51:00'),
(1087, 86, 522, 'Life Skills', 'Mixed', NULL, 25, NULL, 33.98, 7, 'F', -0.65, '2026-06-06 09:51:00'),
(1088, 86, 523, 'Mechanical Reasoning', 'Mixed', NULL, 25, NULL, 35.71, 9, 'F', -0.92, '2026-06-16 09:51:00'),
(1089, 86, 524, 'Science', 'Mixed', NULL, 25, NULL, 35.49, 7, 'F', -0.93, '2026-06-06 09:51:00'),
(1090, 86, 525, 'Spatial Reasoning', 'Mixed', NULL, 25, NULL, 35.14, 8, 'F', -0.83, '2026-06-13 09:51:00'),
(1091, 87, 526, 'Abstract Reasoning', 'Mixed', NULL, 25, NULL, 33.88, 19, 'F', -0.62, '2026-06-06 09:51:00'),
(1092, 87, 527, 'Computer Literacy', 'Mixed', NULL, 25, NULL, 32.81, 15, 'F', -0.56, '2026-06-27 09:51:00'),
(1093, 87, 528, 'Life Skills', 'Mixed', NULL, 25, NULL, 32.11, 15, 'F', -0.99, '2026-06-19 09:51:00'),
(1094, 87, 529, 'Mechanical Reasoning', 'Mixed', NULL, 25, NULL, 34.65, 12, 'F', -0.77, '2026-07-04 09:51:00'),
(1095, 87, 530, 'Science', 'Mixed', NULL, 25, NULL, 32.94, 9, 'F', -0.64, '2026-07-02 09:51:00'),
(1096, 87, 531, 'Spatial Reasoning', 'Mixed', NULL, 25, NULL, 32.74, 14, 'F', -0.72, '2026-06-11 09:51:00'),
(1097, 88, 532, 'Abstract Reasoning', 'Mixed', NULL, 25, NULL, 35.19, 7, 'F', -0.98, '2026-06-24 09:51:00'),
(1098, 88, 533, 'Computer Literacy', 'Mixed', NULL, 25, NULL, 35.82, 8, 'F', -0.90, '2026-06-28 09:51:00'),
(1099, 88, 534, 'Life Skills', 'Mixed', NULL, 25, NULL, 32.27, 15, 'F', -0.80, '2026-06-27 09:51:00'),
(1100, 88, 535, 'Mechanical Reasoning', 'Mixed', NULL, 25, NULL, 31.01, 9, 'F', -0.91, '2026-07-03 09:51:00'),
(1101, 88, 536, 'Science', 'Mixed', NULL, 25, NULL, 31.71, 13, 'F', -0.86, '2026-07-04 09:51:00'),
(1102, 88, 537, 'Spatial Reasoning', 'Mixed', NULL, 25, NULL, 35.38, 9, 'F', -0.80, '2026-06-10 09:51:00'),
(1103, 89, 538, 'Abstract Reasoning', 'Mixed', NULL, 25, NULL, 31.42, 16, 'F', -0.93, '2026-06-27 09:51:00'),
(1104, 89, 539, 'Computer Literacy', 'Mixed', NULL, 25, NULL, 32.01, 8, 'F', -0.60, '2026-06-27 09:51:00'),
(1105, 89, 540, 'Life Skills', 'Mixed', NULL, 25, NULL, 33.45, 12, 'F', -0.77, '2026-06-12 09:51:00'),
(1106, 89, 541, 'Mechanical Reasoning', 'Mixed', NULL, 25, NULL, 30.96, 19, 'F', -0.86, '2026-06-27 09:51:00'),
(1107, 89, 542, 'Science', 'Mixed', NULL, 25, NULL, 30.81, 13, 'F', -0.81, '2026-06-23 09:51:00'),
(1108, 89, 543, 'Spatial Reasoning', 'Mixed', NULL, 25, NULL, 31.59, 11, 'F', -0.86, '2026-06-19 09:51:00'),
(1109, 90, 544, 'Abstract Reasoning', 'Mixed', NULL, 25, NULL, 31.57, 17, 'F', -0.92, '2026-06-23 09:51:00'),
(1110, 90, 545, 'Computer Literacy', 'Mixed', NULL, 25, NULL, 35.66, 11, 'F', -0.79, '2026-06-21 09:51:00'),
(1111, 90, 546, 'Life Skills', 'Mixed', NULL, 25, NULL, 32.22, 19, 'F', -0.52, '2026-06-09 09:51:01'),
(1112, 90, 547, 'Mechanical Reasoning', 'Mixed', NULL, 25, NULL, 33.03, 18, 'F', -0.90, '2026-07-02 09:51:01'),
(1113, 90, 548, 'Science', 'Mixed', NULL, 25, NULL, 30.73, 13, 'F', -0.66, '2026-06-19 09:51:01'),
(1114, 90, 549, 'Spatial Reasoning', 'Mixed', NULL, 25, NULL, 34.44, 6, 'F', -0.57, '2026-06-22 09:51:01'),
(1115, 91, 550, 'Abstract Reasoning', 'Mixed', NULL, 25, NULL, 31.29, 19, 'F', -0.65, '2026-06-24 09:51:01'),
(1116, 91, 551, 'Computer Literacy', 'Mixed', NULL, 25, NULL, 34.15, 8, 'F', -0.63, '2026-06-05 09:51:01'),
(1117, 91, 552, 'Life Skills', 'Mixed', NULL, 25, NULL, 33.63, 6, 'F', -0.84, '2026-06-17 09:51:01'),
(1118, 91, 553, 'Mechanical Reasoning', 'Mixed', NULL, 25, NULL, 32.13, 19, 'F', -0.69, '2026-06-16 09:51:01'),
(1119, 91, 554, 'Science', 'Mixed', NULL, 25, NULL, 34.16, 12, 'F', -0.84, '2026-06-19 09:51:01'),
(1120, 91, 555, 'Spatial Reasoning', 'Mixed', NULL, 25, NULL, 34.90, 17, 'F', -0.96, '2026-06-12 09:51:01'),
(1121, 92, 556, 'Abstract Reasoning', 'Mixed', NULL, 25, NULL, 34.81, 10, 'F', -0.90, '2026-06-19 09:51:01'),
(1122, 92, 557, 'Computer Literacy', 'Mixed', NULL, 25, NULL, 34.21, 7, 'F', -0.77, '2026-06-15 09:51:01'),
(1123, 92, 558, 'Life Skills', 'Mixed', NULL, 25, NULL, 30.01, 14, 'F', -0.61, '2026-06-28 09:51:01'),
(1124, 92, 559, 'Mechanical Reasoning', 'Mixed', NULL, 25, NULL, 35.79, 12, 'F', -0.94, '2026-06-21 09:51:01'),
(1125, 92, 560, 'Science', 'Mixed', NULL, 25, NULL, 30.04, 11, 'F', -0.56, '2026-07-04 09:51:01'),
(1126, 92, 561, 'Spatial Reasoning', 'Mixed', NULL, 25, NULL, 30.52, 19, 'F', -0.59, '2026-06-17 09:51:01'),
(1127, 93, 562, 'Abstract Reasoning', 'Mixed', NULL, 25, NULL, 32.71, 6, 'F', -0.98, '2026-06-27 09:51:01'),
(1128, 93, 563, 'Computer Literacy', 'Mixed', NULL, 25, NULL, 34.30, 18, 'F', -0.55, '2026-06-24 09:51:01'),
(1129, 93, 564, 'Life Skills', 'Mixed', NULL, 25, NULL, 32.84, 5, 'F', -0.94, '2026-06-13 09:51:01'),
(1130, 93, 565, 'Mechanical Reasoning', 'Mixed', NULL, 25, NULL, 30.34, 19, 'F', -0.78, '2026-06-11 09:51:01'),
(1131, 93, 566, 'Science', 'Mixed', NULL, 25, NULL, 31.40, 11, 'F', -0.54, '2026-06-21 09:51:01'),
(1132, 93, 567, 'Spatial Reasoning', 'Mixed', NULL, 25, NULL, 32.88, 12, 'F', -0.52, '2026-07-03 09:51:01'),
(1133, 94, 568, 'Abstract Reasoning', 'Mixed', NULL, 25, NULL, 33.63, 16, 'F', -0.63, '2026-07-03 09:51:01'),
(1134, 94, 569, 'Computer Literacy', 'Mixed', NULL, 25, NULL, 32.73, 12, 'F', -0.54, '2026-06-28 09:51:01'),
(1135, 94, 570, 'Life Skills', 'Mixed', NULL, 25, NULL, 35.13, 16, 'F', -0.75, '2026-06-23 09:51:01'),
(1136, 94, 571, 'Mechanical Reasoning', 'Mixed', NULL, 25, NULL, 33.03, 19, 'F', -0.74, '2026-06-29 09:51:01'),
(1137, 94, 572, 'Science', 'Mixed', NULL, 25, NULL, 30.82, 8, 'F', -0.93, '2026-06-09 09:51:01'),
(1138, 94, 573, 'Spatial Reasoning', 'Mixed', NULL, 25, NULL, 35.50, 6, 'F', -0.75, '2026-06-11 09:51:01'),
(1139, 95, 574, 'Abstract Reasoning', 'Mixed', NULL, 25, NULL, 33.15, 18, 'F', -0.71, '2026-06-05 09:51:01'),
(1140, 95, 575, 'Computer Literacy', 'Mixed', NULL, 25, NULL, 35.69, 8, 'F', -0.91, '2026-06-30 09:51:01'),
(1141, 95, 576, 'Life Skills', 'Mixed', NULL, 25, NULL, 33.65, 10, 'F', -0.89, '2026-07-03 09:51:01'),
(1142, 95, 577, 'Mechanical Reasoning', 'Mixed', NULL, 25, NULL, 34.03, 17, 'F', -0.91, '2026-06-28 09:51:01'),
(1143, 95, 578, 'Science', 'Mixed', NULL, 25, NULL, 31.53, 12, 'F', -0.71, '2026-06-10 09:51:01'),
(1144, 95, 579, 'Spatial Reasoning', 'Mixed', NULL, 25, NULL, 31.06, 9, 'F', -0.74, '2026-07-04 09:51:01'),
(1145, 96, 580, 'Abstract Reasoning', 'Mixed', NULL, 25, NULL, 34.34, 7, 'F', -0.92, '2026-06-17 09:51:01'),
(1146, 96, 581, 'Computer Literacy', 'Mixed', NULL, 25, NULL, 34.24, 5, 'F', -0.75, '2026-07-01 09:51:01'),
(1147, 96, 582, 'Life Skills', 'Mixed', NULL, 25, NULL, 35.63, 9, 'F', -0.77, '2026-06-12 09:51:01'),
(1148, 96, 583, 'Mechanical Reasoning', 'Mixed', NULL, 25, NULL, 32.99, 9, 'F', -0.63, '2026-06-09 09:51:01'),
(1149, 96, 584, 'Science', 'Mixed', NULL, 25, NULL, 35.49, 6, 'F', -0.75, '2026-06-16 09:51:01'),
(1150, 96, 585, 'Spatial Reasoning', 'Mixed', NULL, 25, NULL, 33.82, 12, 'F', -0.55, '2026-06-21 09:51:01'),
(1151, 97, 586, 'Abstract Reasoning', 'Mixed', NULL, 25, NULL, 30.18, 12, 'F', -0.56, '2026-06-21 09:51:01'),
(1152, 97, 587, 'Computer Literacy', 'Mixed', NULL, 25, NULL, 35.88, 18, 'F', -0.67, '2026-06-13 09:51:01'),
(1153, 97, 588, 'Life Skills', 'Mixed', NULL, 25, NULL, 33.24, 12, 'F', -0.64, '2026-06-07 09:51:01'),
(1154, 97, 589, 'Mechanical Reasoning', 'Mixed', NULL, 25, NULL, 33.96, 5, 'F', -0.96, '2026-06-27 09:51:01'),
(1155, 97, 590, 'Science', 'Mixed', NULL, 25, NULL, 34.80, 15, 'F', -0.95, '2026-06-06 09:51:01'),
(1156, 97, 591, 'Spatial Reasoning', 'Mixed', NULL, 25, NULL, 35.76, 12, 'F', -0.62, '2026-06-16 09:51:01'),
(1157, 98, 592, 'Abstract Reasoning', 'Mixed', NULL, 25, NULL, 31.85, 14, 'F', -0.68, '2026-06-28 09:51:01'),
(1158, 98, 593, 'Computer Literacy', 'Mixed', NULL, 25, NULL, 30.20, 16, 'F', -0.94, '2026-06-09 09:51:01'),
(1159, 98, 594, 'Life Skills', 'Mixed', NULL, 25, NULL, 33.32, 10, 'F', -0.59, '2026-07-04 09:51:01'),
(1160, 98, 595, 'Mechanical Reasoning', 'Mixed', NULL, 25, NULL, 31.13, 17, 'F', -0.98, '2026-06-20 09:51:01'),
(1161, 98, 596, 'Science', 'Mixed', NULL, 25, NULL, 32.96, 12, 'F', -0.51, '2026-07-04 09:51:01'),
(1162, 98, 597, 'Spatial Reasoning', 'Mixed', NULL, 25, NULL, 30.91, 17, 'F', -0.68, '2026-06-16 09:51:01'),
(1163, 1, 598, 'Computer Literacy', '', 1, 19, 5.00, 47.76, 28, '0', NULL, '2026-07-05 11:46:46'),
(1164, 1, 600, 'Computer Literacy', '', 0, 19, 0.00, 47.50, 25, '0', NULL, '2026-07-05 11:47:14'),
(1165, 1, 601, 'Computer Literacy', '', 1, 19, 5.00, 47.76, 28, '0', NULL, '2026-07-05 11:52:50'),
(1166, 2, 603, 'Spatial Reasoning', '', 5, 8, 62.00, 50.63, 56, '0', NULL, '2026-07-05 14:28:36'),
(1167, 5, 604, '', '', 6, 10, 60.00, 50.50, 55, '0', NULL, '2026-07-05 14:48:00');

-- --------------------------------------------------------

--
-- Table structure for table `system_logs`
--

CREATE TABLE `system_logs` (
  `id` int(11) NOT NULL,
  `user_id` int(11) DEFAULT NULL,
  `action` varchar(100) NOT NULL,
  `details` longtext CHARACTER SET utf8mb4 COLLATE utf8mb4_bin DEFAULT NULL CHECK (json_valid(`details`)),
  `ip_address` varchar(45) DEFAULT NULL,
  `user_agent` text DEFAULT NULL,
  `timestamp` timestamp NOT NULL DEFAULT current_timestamp()
) ENGINE=InnoDB DEFAULT CHARSET=utf8mb4 COLLATE=utf8mb4_general_ci;

--
-- Dumping data for table `system_logs`
--

INSERT INTO `system_logs` (`id`, `user_id`, `action`, `details`, `ip_address`, `user_agent`, `timestamp`) VALUES
(1, 1, 'login_success', '{\"email\":\"celo@example.com\"}', '::1', 'Mozilla/5.0 (Windows NT 10.0; Win64; x64) AppleWebKit/537.36 (KHTML, like Gecko) Chrome/146.0.0.0 Safari/537.36', '2026-03-25 11:52:01'),
(2, 1, 'logout', NULL, '::1', 'Mozilla/5.0 (Windows NT 10.0; Win64; x64) AppleWebKit/537.36 (KHTML, like Gecko) Chrome/146.0.0.0 Safari/537.36', '2026-03-25 11:58:35'),
(3, 2, 'login_success', '{\"email\":\"lungeloD@example.com\"}', '::1', 'Mozilla/5.0 (Windows NT 10.0; Win64; x64) AppleWebKit/537.36 (KHTML, like Gecko) Chrome/146.0.0.0 Safari/537.36', '2026-03-25 12:03:54'),
(4, 2, 'login_success', '{\"email\":\"lungeloD@example.com\"}', '::1', 'Mozilla/5.0 (Windows NT 10.0; Win64; x64) AppleWebKit/537.36 (KHTML, like Gecko) Chrome/146.0.0.0 Safari/537.36', '2026-03-25 17:16:42'),
(5, 0, 'login_failed', '{\"email\":\"lungelo@kwaluseni.co.sz\"}', '::1', NULL, '2026-07-04 12:28:29'),
(6, 3, 'login_success', '{\"email\":\"thandeka.dlamini@snsh.sz\"}', '192.168.1.100', NULL, '2026-07-02 13:22:22'),
(7, 3, 'test_started', '{\"category\":\"Quantitative Aptitude\"}', '192.168.1.100', NULL, '2026-07-02 13:22:22'),
(8, 3, 'test_completed', '{\"score\":18,\"total\":25,\"grade\":\"B\"}', '192.168.1.100', NULL, '2026-07-02 13:22:22'),
(9, 3, 'certificate_viewed', '{\"certificate_id\":\"SATS-2024-001\"}', '192.168.1.100', NULL, '2026-07-02 13:22:22'),
(10, 4, 'login_success', '{\"email\":\"sibusiso.mamba@snsh.sz\"}', '192.168.1.101', NULL, '2026-07-03 13:22:22'),
(11, 4, 'test_started', '{\"category\":\"Logical Reasoning\"}', '192.168.1.101', NULL, '2026-07-03 13:22:22'),
(12, 4, 'test_completed', '{\"score\":20,\"total\":25,\"grade\":\"A\"}', '192.168.1.101', NULL, '2026-07-03 13:22:22'),
(13, 33, 'login_success', '{\"email\":\"makhosi.mamba@vhs.sz\"}', '192.168.2.100', NULL, '2026-07-01 13:22:22'),
(14, 33, 'test_started', '{\"category\":\"Verbal Ability\"}', '192.168.2.100', NULL, '2026-07-01 13:22:22'),
(15, 33, 'test_completed', '{\"score\":15,\"total\":25,\"grade\":\"C\"}', '192.168.2.100', NULL, '2026-07-01 13:22:22'),
(16, 63, 'login_success', '{\"email\":\"thabo.mamba@jhs.sz\"}', '192.168.3.100', NULL, '2026-07-03 13:22:22'),
(17, 63, 'test_started', '{\"category\":\"Quantitative Aptitude\"}', '192.168.3.100', NULL, '2026-07-03 13:22:22'),
(18, 0, 'login_failed', '{\"email\":\"admadmin@aptitude.com\"}', '::1', NULL, '2026-07-04 13:35:17'),
(19, 3, 'login_success', '{\"email\":\"thandeka.dlamini@snsh.sz\"}', '::1', 'Mozilla/5.0 (Windows NT 10.0; Win64; x64) AppleWebKit/537.36 (KHTML, like Gecko) Chrome/148.0.0.0 Safari/537.36', '2026-07-04 13:37:10'),
(20, 3, 'logout', NULL, '::1', 'Mozilla/5.0 (Windows NT 10.0; Win64; x64) AppleWebKit/537.36 (KHTML, like Gecko) Chrome/148.0.0.0 Safari/537.36', '2026-07-04 13:59:13'),
(21, 7, 'login_success', '{\"email\":\"zanele.gamedze@snsh.sz\"}', '::1', 'Mozilla/5.0 (Windows NT 10.0; Win64; x64) AppleWebKit/537.36 (KHTML, like Gecko) Chrome/148.0.0.0 Safari/537.36', '2026-07-04 14:00:20'),
(22, 7, 'logout', NULL, '::1', 'Mozilla/5.0 (Windows NT 10.0; Win64; x64) AppleWebKit/537.36 (KHTML, like Gecko) Chrome/148.0.0.0 Safari/537.36', '2026-07-04 14:10:50'),
(23, 1, 'login_success', '{\"email\":\"admin@system.com\"}', '::1', 'Mozilla/5.0 (Windows NT 10.0; Win64; x64) AppleWebKit/537.36 (KHTML, like Gecko) Chrome/148.0.0.0 Safari/537.36', '2026-07-04 14:11:14'),
(24, 1, 'logout', NULL, '::1', 'Mozilla/5.0 (Windows NT 10.0; Win64; x64) AppleWebKit/537.36 (KHTML, like Gecko) Chrome/148.0.0.0 Safari/537.36', '2026-07-04 14:13:01'),
(25, 3, 'login_success', '{\"email\":\"thandeka.dlamini@snsh.sz\"}', '::1', 'Mozilla/5.0 (Windows NT 10.0; Win64; x64) AppleWebKit/537.36 (KHTML, like Gecko) Chrome/148.0.0.0 Safari/537.36', '2026-07-04 14:15:38'),
(26, 3, 'logout', NULL, '::1', 'Mozilla/5.0 (Windows NT 10.0; Win64; x64) AppleWebKit/537.36 (KHTML, like Gecko) Chrome/148.0.0.0 Safari/537.36', '2026-07-04 14:18:05'),
(27, 1, 'login_success', '{\"email\":\"admin@system.com\"}', '::1', 'Mozilla/5.0 (Windows NT 10.0; Win64; x64) AppleWebKit/537.36 (KHTML, like Gecko) Chrome/148.0.0.0 Safari/537.36', '2026-07-04 14:18:27'),
(28, 0, 'login_failed', '{\"email\":\"admin@aptitude.com\"}', '::1', NULL, '2026-07-04 16:35:26'),
(29, 1, 'login_success', '{\"email\":\"lungelo@velebantfu.com\"}', '::1', 'Mozilla/5.0 (Windows NT 10.0; Win64; x64) AppleWebKit/537.36 (KHTML, like Gecko) Chrome/148.0.0.0 Safari/537.36', '2026-07-04 16:36:25'),
(30, 1, 'login_success', '{\"email\":\"lungelo@velebantfu.com\"}', '::1', 'Mozilla/5.0 (Windows NT 10.0; Win64; x64) AppleWebKit/537.36 (KHTML, like Gecko) Chrome/148.0.0.0 Safari/537.36', '2026-07-04 17:19:10'),
(31, 3, 'login_success', '{\"email\":\"thandeka.dlamini@snsh.sz\"}', '::1', 'Mozilla/5.0 (Windows NT 10.0; Win64; x64) AppleWebKit/537.36 (KHTML, like Gecko) Chrome/148.0.0.0 Safari/537.36', '2026-07-04 20:26:57'),
(32, 3, 'logout', NULL, '::1', 'Mozilla/5.0 (Windows NT 10.0; Win64; x64) AppleWebKit/537.36 (KHTML, like Gecko) Chrome/148.0.0.0 Safari/537.36', '2026-07-04 20:38:36'),
(33, 1, 'login_success', '{\"email\":\"lungelo@velebantfu.com\"}', '::1', 'Mozilla/5.0 (Windows NT 10.0; Win64; x64) AppleWebKit/537.36 (KHTML, like Gecko) Chrome/148.0.0.0 Safari/537.36', '2026-07-04 20:42:57'),
(34, 1, 'login_success', '{\"email\":\"lungelo@velebantfu.com\"}', '::1', 'Mozilla/5.0 (Windows NT 10.0; Win64; x64) AppleWebKit/537.36 (KHTML, like Gecko) Chrome/148.0.0.0 Safari/537.36', '2026-07-05 08:40:04'),
(35, 1, 'logout', NULL, '::1', 'Mozilla/5.0 (Windows NT 10.0; Win64; x64) AppleWebKit/537.36 (KHTML, like Gecko) Chrome/148.0.0.0 Safari/537.36', '2026-07-05 09:55:16'),
(36, 99, 'login_success', '{\"email\":\"admin@aptitude.com\"}', '::1', 'Mozilla/5.0 (Windows NT 10.0; Win64; x64) AppleWebKit/537.36 (KHTML, like Gecko) Chrome/148.0.0.0 Safari/537.36', '2026-07-05 09:55:31'),
(37, 99, 'logout', NULL, '::1', 'Mozilla/5.0 (Windows NT 10.0; Win64; x64) AppleWebKit/537.36 (KHTML, like Gecko) Chrome/148.0.0.0 Safari/537.36', '2026-07-05 09:59:49'),
(38, 3, 'login_success', '{\"email\":\"thandeka.dlamini@snsh.sz\"}', '::1', 'Mozilla/5.0 (Windows NT 10.0; Win64; x64) AppleWebKit/537.36 (KHTML, like Gecko) Chrome/148.0.0.0 Safari/537.36', '2026-07-05 10:00:38'),
(39, 3, 'logout', NULL, '::1', 'Mozilla/5.0 (Windows NT 10.0; Win64; x64) AppleWebKit/537.36 (KHTML, like Gecko) Chrome/148.0.0.0 Safari/537.36', '2026-07-05 10:03:45'),
(40, 99, 'login_success', '{\"email\":\"admin@aptitude.com\"}', '::1', 'Mozilla/5.0 (Windows NT 10.0; Win64; x64) AppleWebKit/537.36 (KHTML, like Gecko) Chrome/148.0.0.0 Safari/537.36', '2026-07-05 10:04:03'),
(41, 99, 'logout', NULL, '::1', 'Mozilla/5.0 (Windows NT 10.0; Win64; x64) AppleWebKit/537.36 (KHTML, like Gecko) Chrome/148.0.0.0 Safari/537.36', '2026-07-05 10:37:17'),
(42, 24, 'login_success', '{\"email\":\"nonhlanhla.simelane@snsh.sz\"}', '::1', 'Mozilla/5.0 (Windows NT 10.0; Win64; x64) AppleWebKit/537.36 (KHTML, like Gecko) Chrome/148.0.0.0 Safari/537.36', '2026-07-05 10:41:09'),
(43, 24, 'login_success', '{\"email\":\"nonhlanhla.simelane@snsh.sz\"}', '::1', 'Mozilla/5.0 (Windows NT 10.0; Win64; x64) AppleWebKit/537.36 (KHTML, like Gecko) Chrome/148.0.0.0 Safari/537.36', '2026-07-05 11:19:27'),
(44, 24, 'logout', NULL, '::1', 'Mozilla/5.0 (Windows NT 10.0; Win64; x64) AppleWebKit/537.36 (KHTML, like Gecko) Chrome/148.0.0.0 Safari/537.36', '2026-07-05 11:33:42'),
(45, 99, 'login_success', '{\"email\":\"admin@aptitude.com\"}', '::1', 'Mozilla/5.0 (Windows NT 10.0; Win64; x64) AppleWebKit/537.36 (KHTML, like Gecko) Chrome/148.0.0.0 Safari/537.36', '2026-07-05 11:33:47'),
(46, 99, 'logout', NULL, '::1', 'Mozilla/5.0 (Windows NT 10.0; Win64; x64) AppleWebKit/537.36 (KHTML, like Gecko) Chrome/148.0.0.0 Safari/537.36', '2026-07-05 11:36:22'),
(47, 24, 'login_success', '{\"email\":\"nonhlanhla.simelane@snsh.sz\"}', '::1', 'Mozilla/5.0 (Windows NT 10.0; Win64; x64) AppleWebKit/537.36 (KHTML, like Gecko) Chrome/148.0.0.0 Safari/537.36', '2026-07-05 11:36:43'),
(48, 24, 'logout', NULL, '::1', 'Mozilla/5.0 (Windows NT 10.0; Win64; x64) AppleWebKit/537.36 (KHTML, like Gecko) Chrome/148.0.0.0 Safari/537.36', '2026-07-05 11:44:03'),
(49, 1, 'login_success', '{\"email\":\"lungelo@velebantfu.com\"}', '::1', 'Mozilla/5.0 (Windows NT 10.0; Win64; x64) AppleWebKit/537.36 (KHTML, like Gecko) Chrome/148.0.0.0 Safari/537.36', '2026-07-05 11:45:15'),
(50, 1, 'logout', NULL, '::1', 'Mozilla/5.0 (Windows NT 10.0; Win64; x64) AppleWebKit/537.36 (KHTML, like Gecko) Chrome/148.0.0.0 Safari/537.36', '2026-07-05 11:59:01'),
(51, 99, 'login_success', '{\"email\":\"admin@aptitude.com\"}', '::1', 'Mozilla/5.0 (Windows NT 10.0; Win64; x64) AppleWebKit/537.36 (KHTML, like Gecko) Chrome/148.0.0.0 Safari/537.36', '2026-07-05 12:07:58'),
(52, 99, 'login_success', '{\"email\":\"admin@aptitude.com\"}', '::1', 'Mozilla/5.0 (Windows NT 10.0; Win64; x64) AppleWebKit/537.36 (KHTML, like Gecko) Chrome/148.0.0.0 Safari/537.36', '2026-07-05 13:59:48'),
(53, 99, 'reset_password', '{\"student_id\":81}', '::1', 'Mozilla/5.0 (Windows NT 10.0; Win64; x64) AppleWebKit/537.36 (KHTML, like Gecko) Chrome/148.0.0.0 Safari/537.36', '2026-07-05 14:13:26'),
(54, 99, 'logout', NULL, '::1', 'Mozilla/5.0 (Windows NT 10.0; Win64; x64) AppleWebKit/537.36 (KHTML, like Gecko) Chrome/148.0.0.0 Safari/537.36', '2026-07-05 14:19:29'),
(55, 2, 'login_success', '{\"email\":\"lungeloD@example.com\"}', '::1', 'Mozilla/5.0 (Windows NT 10.0; Win64; x64) AppleWebKit/537.36 (KHTML, like Gecko) Chrome/148.0.0.0 Safari/537.36', '2026-07-05 14:19:47'),
(56, 2, 'logout', NULL, '::1', 'Mozilla/5.0 (Windows NT 10.0; Win64; x64) AppleWebKit/537.36 (KHTML, like Gecko) Chrome/148.0.0.0 Safari/537.36', '2026-07-05 14:21:35'),
(57, 2, 'login_success', '{\"email\":\"lungeloD@example.com\"}', '::1', 'Mozilla/5.0 (Windows NT 10.0; Win64; x64) AppleWebKit/537.36 (KHTML, like Gecko) Chrome/148.0.0.0 Safari/537.36', '2026-07-05 14:21:39'),
(58, 2, 'logout', NULL, '::1', 'Mozilla/5.0 (Windows NT 10.0; Win64; x64) AppleWebKit/537.36 (KHTML, like Gecko) Chrome/148.0.0.0 Safari/537.36', '2026-07-05 14:32:19'),
(59, 99, 'login_success', '{\"email\":\"admin@aptitude.com\"}', '::1', 'Mozilla/5.0 (Windows NT 10.0; Win64; x64) AppleWebKit/537.36 (KHTML, like Gecko) Chrome/148.0.0.0 Safari/537.36', '2026-07-05 14:32:36'),
(60, 99, 'logout', NULL, '::1', 'Mozilla/5.0 (Windows NT 10.0; Win64; x64) AppleWebKit/537.36 (KHTML, like Gecko) Chrome/148.0.0.0 Safari/537.36', '2026-07-05 14:36:49'),
(61, 99, 'login_success', '{\"email\":\"admin@aptitude.com\"}', '::1', 'Mozilla/5.0 (Windows NT 10.0; Win64; x64) AppleWebKit/537.36 (KHTML, like Gecko) Chrome/148.0.0.0 Safari/537.36', '2026-07-05 14:36:56'),
(62, 99, 'logout', NULL, '::1', 'Mozilla/5.0 (Windows NT 10.0; Win64; x64) AppleWebKit/537.36 (KHTML, like Gecko) Chrome/148.0.0.0 Safari/537.36', '2026-07-05 14:40:01'),
(63, 99, 'login_success', '{\"email\":\"admin@aptitude.com\"}', '::1', 'Mozilla/5.0 (Windows NT 10.0; Win64; x64) AppleWebKit/537.36 (KHTML, like Gecko) Chrome/148.0.0.0 Safari/537.36', '2026-07-05 14:43:45'),
(64, 99, 'logout', NULL, '::1', 'Mozilla/5.0 (Windows NT 10.0; Win64; x64) AppleWebKit/537.36 (KHTML, like Gecko) Chrome/148.0.0.0 Safari/537.36', '2026-07-05 14:43:49'),
(65, 5, 'login_success', '{\"email\":\"nompumelelo.sibandze@snsh.sz\"}', '::1', 'Mozilla/5.0 (Windows NT 10.0; Win64; x64) AppleWebKit/537.36 (KHTML, like Gecko) Chrome/148.0.0.0 Safari/537.36', '2026-07-05 14:44:31'),
(66, 5, 'logout', NULL, '::1', 'Mozilla/5.0 (Windows NT 10.0; Win64; x64) AppleWebKit/537.36 (KHTML, like Gecko) Chrome/148.0.0.0 Safari/537.36', '2026-07-05 14:48:24'),
(67, 99, 'login_success', '{\"email\":\"admin@aptitude.com\"}', '::1', 'Mozilla/5.0 (Windows NT 10.0; Win64; x64) AppleWebKit/537.36 (KHTML, like Gecko) Chrome/148.0.0.0 Safari/537.36', '2026-07-05 14:48:28'),
(68, 99, 'logout', NULL, '::1', 'Mozilla/5.0 (Windows NT 10.0; Win64; x64) AppleWebKit/537.36 (KHTML, like Gecko) Chrome/148.0.0.0 Safari/537.36', '2026-07-05 15:03:45'),
(69, 2, 'login_success', '{\"email\":\"lungeloD@example.com\"}', '::1', 'Mozilla/5.0 (Windows NT 10.0; Win64; x64) AppleWebKit/537.36 (KHTML, like Gecko) Chrome/148.0.0.0 Safari/537.36', '2026-07-05 15:03:57'),
(70, 2, 'logout', NULL, '::1', 'Mozilla/5.0 (Windows NT 10.0; Win64; x64) AppleWebKit/537.36 (KHTML, like Gecko) Chrome/148.0.0.0 Safari/537.36', '2026-07-05 15:28:12'),
(71, 99, 'login_success', '{\"email\":\"admin@aptitude.com\"}', '::1', 'Mozilla/5.0 (Windows NT 10.0; Win64; x64) AppleWebKit/537.36 (KHTML, like Gecko) Chrome/148.0.0.0 Safari/537.36', '2026-07-05 15:28:48'),
(72, 99, 'logout', NULL, '::1', 'Mozilla/5.0 (Windows NT 10.0; Win64; x64) AppleWebKit/537.36 (KHTML, like Gecko) Chrome/148.0.0.0 Safari/537.36', '2026-07-05 15:38:45'),
(73, 99, 'login_success', '{\"email\":\"admin@aptitude.com\"}', '::1', 'Mozilla/5.0 (Windows NT 10.0; Win64; x64) AppleWebKit/537.36 (KHTML, like Gecko) Chrome/148.0.0.0 Safari/537.36', '2026-07-05 15:38:50'),
(74, 99, 'logout', NULL, '::1', 'Mozilla/5.0 (Windows NT 10.0; Win64; x64) AppleWebKit/537.36 (KHTML, like Gecko) Chrome/148.0.0.0 Safari/537.36', '2026-07-05 15:39:06'),
(75, 2, 'login_success', '{\"email\":\"lungeloD@example.com\"}', '::1', 'Mozilla/5.0 (Windows NT 10.0; Win64; x64) AppleWebKit/537.36 (KHTML, like Gecko) Chrome/148.0.0.0 Safari/537.36', '2026-07-05 15:39:17'),
(76, 2, 'logout', NULL, '::1', 'Mozilla/5.0 (Windows NT 10.0; Win64; x64) AppleWebKit/537.36 (KHTML, like Gecko) Chrome/148.0.0.0 Safari/537.36', '2026-07-05 15:43:07'),
(77, 2, 'login_success', '{\"email\":\"lungeloD@example.com\"}', '::1', 'Mozilla/5.0 (Windows NT 10.0; Win64; x64) AppleWebKit/537.36 (KHTML, like Gecko) Chrome/148.0.0.0 Safari/537.36', '2026-07-05 15:47:11'),
(78, 2, 'login_success', '{\"email\":\"lungeloD@example.com\"}', '::1', 'Mozilla/5.0 (Windows NT 10.0; Win64; x64) AppleWebKit/537.36 (KHTML, like Gecko) Chrome/148.0.0.0 Safari/537.36', '2026-07-06 10:28:48'),
(79, 2, 'logout', NULL, '::1', 'Mozilla/5.0 (Windows NT 10.0; Win64; x64) AppleWebKit/537.36 (KHTML, like Gecko) Chrome/148.0.0.0 Safari/537.36', '2026-07-06 10:38:33'),
(80, 99, 'login_success', '{\"email\":\"admin@aptitude.com\"}', '::1', 'Mozilla/5.0 (Windows NT 10.0; Win64; x64) AppleWebKit/537.36 (KHTML, like Gecko) Chrome/148.0.0.0 Safari/537.36', '2026-07-06 10:38:44'),
(81, 99, 'logout', NULL, '::1', 'Mozilla/5.0 (Windows NT 10.0; Win64; x64) AppleWebKit/537.36 (KHTML, like Gecko) Chrome/148.0.0.0 Safari/537.36', '2026-07-06 11:20:03'),
(82, 2, 'login_success', '{\"email\":\"lungeloD@example.com\"}', '::1', 'Mozilla/5.0 (Windows NT 10.0; Win64; x64) AppleWebKit/537.36 (KHTML, like Gecko) Chrome/148.0.0.0 Safari/537.36', '2026-07-06 11:20:22'),
(83, 2, 'logout', NULL, '::1', 'Mozilla/5.0 (Windows NT 10.0; Win64; x64) AppleWebKit/537.36 (KHTML, like Gecko) Chrome/148.0.0.0 Safari/537.36', '2026-07-06 11:48:48'),
(84, 2, 'login_success', '{\"email\":\"lungeloD@example.com\"}', '::1', 'Mozilla/5.0 (Windows NT 10.0; Win64; x64) AppleWebKit/537.36 (KHTML, like Gecko) Chrome/148.0.0.0 Safari/537.36', '2026-07-06 11:55:37');

-- --------------------------------------------------------

--
-- Table structure for table `tests`
--

CREATE TABLE `tests` (
  `id` int(11) NOT NULL,
  `user_id` int(11) NOT NULL,
  `category` varchar(100) DEFAULT NULL,
  `topic` varchar(200) DEFAULT NULL,
  `test_type` enum('quick','topic','adaptive') DEFAULT 'adaptive',
  `start_time` datetime DEFAULT NULL,
  `end_time` datetime DEFAULT NULL,
  `completed` tinyint(1) DEFAULT 0
) ENGINE=InnoDB DEFAULT CHARSET=utf8mb4 COLLATE=utf8mb4_general_ci;

--
-- Dumping data for table `tests`
--

INSERT INTO `tests` (`id`, `user_id`, `category`, `topic`, `test_type`, `start_time`, `end_time`, `completed`) VALUES
(1, 1, 'Logical Reasoning', 'Analogy', 'topic', '2026-03-25 13:52:20', NULL, 0),
(2, 1, 'Logical Reasoning', 'Coding-Decoding', 'topic', '2026-03-25 13:52:51', NULL, 0),
(3, 1, 'Quantitative Aptitude', 'Advanced Math', 'topic', '2026-03-25 13:55:42', NULL, 0),
(4, 1, 'Verbal Ability', 'Antonyms', 'topic', '2026-03-25 13:56:56', NULL, 0),
(5, 2, 'Logical Reasoning', 'Number Series', 'topic', '2026-03-25 14:04:07', NULL, 0),
(6, 2, 'Quantitative Aptitude', 'Data Interpretation', 'topic', '2026-03-25 19:17:22', NULL, 0),
(7, 3, 'Quantitative Aptitude', '', 'adaptive', '2026-07-04 15:39:49', NULL, 0),
(8, 3, 'Quantitative Aptitude', '', 'adaptive', '2026-07-04 15:43:28', NULL, 0),
(9, 1, 'Logical Reasoning', '', 'quick', '2026-07-04 22:43:26', NULL, 0),
(10, 1, 'Computer Literacy', '', 'adaptive', '2026-07-05 10:44:39', NULL, 0),
(11, 1, 'Analytical Reasoning', '', 'adaptive', '2026-07-05 11:16:25', NULL, 0),
(12, 1, 'Life Skills', 'Mixed', 'adaptive', '2026-07-05 11:50:56', '2026-07-05 11:50:56', 1),
(13, 1, 'Mechanical Reasoning', 'Mixed', 'adaptive', '2026-07-05 11:50:56', '2026-07-05 11:50:56', 1),
(14, 1, 'Science', 'Mixed', 'adaptive', '2026-07-05 11:50:56', '2026-07-05 11:50:56', 1),
(15, 1, 'Spatial Reasoning', 'Mixed', 'adaptive', '2026-07-05 11:50:56', '2026-07-05 11:50:56', 1),
(16, 2, 'Abstract Reasoning', 'Mixed', 'adaptive', '2026-07-05 11:50:56', '2026-07-05 11:50:56', 1),
(17, 2, 'Computer Literacy', 'Mixed', 'adaptive', '2026-07-05 11:50:56', '2026-07-05 11:50:56', 1),
(18, 2, 'Life Skills', 'Mixed', 'adaptive', '2026-07-05 11:50:56', '2026-07-05 11:50:56', 1),
(19, 2, 'Mechanical Reasoning', 'Mixed', 'adaptive', '2026-07-05 11:50:56', '2026-07-05 11:50:56', 1),
(20, 2, 'Science', 'Mixed', 'adaptive', '2026-07-05 11:50:56', '2026-07-05 11:50:56', 1),
(21, 2, 'Spatial Reasoning', 'Mixed', 'adaptive', '2026-07-05 11:50:56', '2026-07-05 11:50:56', 1),
(22, 3, 'Abstract Reasoning', 'Mixed', 'adaptive', '2026-07-05 11:50:56', '2026-07-05 11:50:56', 1),
(23, 3, 'Computer Literacy', 'Mixed', 'adaptive', '2026-07-05 11:50:56', '2026-07-05 11:50:56', 1),
(24, 3, 'Life Skills', 'Mixed', 'adaptive', '2026-07-05 11:50:56', '2026-07-05 11:50:56', 1),
(25, 3, 'Mechanical Reasoning', 'Mixed', 'adaptive', '2026-07-05 11:50:56', '2026-07-05 11:50:56', 1),
(26, 3, 'Science', 'Mixed', 'adaptive', '2026-07-05 11:50:56', '2026-07-05 11:50:56', 1),
(27, 3, 'Spatial Reasoning', 'Mixed', 'adaptive', '2026-07-05 11:50:56', '2026-07-05 11:50:56', 1),
(28, 4, 'Abstract Reasoning', 'Mixed', 'adaptive', '2026-07-05 11:50:56', '2026-07-05 11:50:56', 1),
(29, 4, 'Computer Literacy', 'Mixed', 'adaptive', '2026-07-05 11:50:56', '2026-07-05 11:50:56', 1),
(30, 4, 'Life Skills', 'Mixed', 'adaptive', '2026-07-05 11:50:56', '2026-07-05 11:50:56', 1),
(31, 4, 'Mechanical Reasoning', 'Mixed', 'adaptive', '2026-07-05 11:50:56', '2026-07-05 11:50:56', 1),
(32, 4, 'Science', 'Mixed', 'adaptive', '2026-07-05 11:50:56', '2026-07-05 11:50:56', 1),
(33, 4, 'Spatial Reasoning', 'Mixed', 'adaptive', '2026-07-05 11:50:56', '2026-07-05 11:50:56', 1),
(34, 5, 'Abstract Reasoning', 'Mixed', 'adaptive', '2026-07-05 11:50:56', '2026-07-05 11:50:56', 1),
(35, 5, 'Computer Literacy', 'Mixed', 'adaptive', '2026-07-05 11:50:56', '2026-07-05 11:50:56', 1),
(36, 5, 'Life Skills', 'Mixed', 'adaptive', '2026-07-05 11:50:56', '2026-07-05 11:50:56', 1),
(37, 5, 'Mechanical Reasoning', 'Mixed', 'adaptive', '2026-07-05 11:50:56', '2026-07-05 11:50:56', 1),
(38, 5, 'Science', 'Mixed', 'adaptive', '2026-07-05 11:50:56', '2026-07-05 11:50:56', 1),
(39, 5, 'Spatial Reasoning', 'Mixed', 'adaptive', '2026-07-05 11:50:56', '2026-07-05 11:50:56', 1),
(40, 6, 'Abstract Reasoning', 'Mixed', 'adaptive', '2026-07-05 11:50:56', '2026-07-05 11:50:56', 1),
(41, 6, 'Computer Literacy', 'Mixed', 'adaptive', '2026-07-05 11:50:56', '2026-07-05 11:50:56', 1),
(42, 6, 'Life Skills', 'Mixed', 'adaptive', '2026-07-05 11:50:56', '2026-07-05 11:50:56', 1),
(43, 6, 'Mechanical Reasoning', 'Mixed', 'adaptive', '2026-07-05 11:50:56', '2026-07-05 11:50:56', 1),
(44, 6, 'Science', 'Mixed', 'adaptive', '2026-07-05 11:50:56', '2026-07-05 11:50:56', 1),
(45, 6, 'Spatial Reasoning', 'Mixed', 'adaptive', '2026-07-05 11:50:56', '2026-07-05 11:50:56', 1),
(46, 7, 'Abstract Reasoning', 'Mixed', 'adaptive', '2026-07-05 11:50:56', '2026-07-05 11:50:56', 1),
(47, 7, 'Computer Literacy', 'Mixed', 'adaptive', '2026-07-05 11:50:56', '2026-07-05 11:50:56', 1),
(48, 7, 'Life Skills', 'Mixed', 'adaptive', '2026-07-05 11:50:56', '2026-07-05 11:50:56', 1),
(49, 7, 'Mechanical Reasoning', 'Mixed', 'adaptive', '2026-07-05 11:50:56', '2026-07-05 11:50:56', 1),
(50, 7, 'Science', 'Mixed', 'adaptive', '2026-07-05 11:50:57', '2026-07-05 11:50:57', 1),
(51, 7, 'Spatial Reasoning', 'Mixed', 'adaptive', '2026-07-05 11:50:57', '2026-07-05 11:50:57', 1),
(52, 8, 'Abstract Reasoning', 'Mixed', 'adaptive', '2026-07-05 11:50:57', '2026-07-05 11:50:57', 1),
(53, 8, 'Computer Literacy', 'Mixed', 'adaptive', '2026-07-05 11:50:57', '2026-07-05 11:50:57', 1),
(54, 8, 'Life Skills', 'Mixed', 'adaptive', '2026-07-05 11:50:57', '2026-07-05 11:50:57', 1),
(55, 8, 'Mechanical Reasoning', 'Mixed', 'adaptive', '2026-07-05 11:50:57', '2026-07-05 11:50:57', 1),
(56, 8, 'Science', 'Mixed', 'adaptive', '2026-07-05 11:50:57', '2026-07-05 11:50:57', 1),
(57, 8, 'Spatial Reasoning', 'Mixed', 'adaptive', '2026-07-05 11:50:57', '2026-07-05 11:50:57', 1),
(58, 9, 'Abstract Reasoning', 'Mixed', 'adaptive', '2026-07-05 11:50:57', '2026-07-05 11:50:57', 1),
(59, 9, 'Computer Literacy', 'Mixed', 'adaptive', '2026-07-05 11:50:57', '2026-07-05 11:50:57', 1),
(60, 9, 'Life Skills', 'Mixed', 'adaptive', '2026-07-05 11:50:57', '2026-07-05 11:50:57', 1),
(61, 9, 'Mechanical Reasoning', 'Mixed', 'adaptive', '2026-07-05 11:50:57', '2026-07-05 11:50:57', 1),
(62, 9, 'Science', 'Mixed', 'adaptive', '2026-07-05 11:50:57', '2026-07-05 11:50:57', 1),
(63, 9, 'Spatial Reasoning', 'Mixed', 'adaptive', '2026-07-05 11:50:57', '2026-07-05 11:50:57', 1),
(64, 10, 'Abstract Reasoning', 'Mixed', 'adaptive', '2026-07-05 11:50:57', '2026-07-05 11:50:57', 1),
(65, 10, 'Computer Literacy', 'Mixed', 'adaptive', '2026-07-05 11:50:57', '2026-07-05 11:50:57', 1),
(66, 10, 'Life Skills', 'Mixed', 'adaptive', '2026-07-05 11:50:57', '2026-07-05 11:50:57', 1),
(67, 10, 'Mechanical Reasoning', 'Mixed', 'adaptive', '2026-07-05 11:50:57', '2026-07-05 11:50:57', 1),
(68, 10, 'Science', 'Mixed', 'adaptive', '2026-07-05 11:50:57', '2026-07-05 11:50:57', 1),
(69, 10, 'Spatial Reasoning', 'Mixed', 'adaptive', '2026-07-05 11:50:57', '2026-07-05 11:50:57', 1),
(70, 11, 'Abstract Reasoning', 'Mixed', 'adaptive', '2026-07-05 11:50:57', '2026-07-05 11:50:57', 1),
(71, 11, 'Computer Literacy', 'Mixed', 'adaptive', '2026-07-05 11:50:57', '2026-07-05 11:50:57', 1),
(72, 11, 'Life Skills', 'Mixed', 'adaptive', '2026-07-05 11:50:57', '2026-07-05 11:50:57', 1),
(73, 11, 'Mechanical Reasoning', 'Mixed', 'adaptive', '2026-07-05 11:50:57', '2026-07-05 11:50:57', 1),
(74, 11, 'Science', 'Mixed', 'adaptive', '2026-07-05 11:50:57', '2026-07-05 11:50:57', 1),
(75, 11, 'Spatial Reasoning', 'Mixed', 'adaptive', '2026-07-05 11:50:57', '2026-07-05 11:50:57', 1),
(76, 12, 'Abstract Reasoning', 'Mixed', 'adaptive', '2026-07-05 11:50:57', '2026-07-05 11:50:57', 1),
(77, 12, 'Computer Literacy', 'Mixed', 'adaptive', '2026-07-05 11:50:57', '2026-07-05 11:50:57', 1),
(78, 12, 'Life Skills', 'Mixed', 'adaptive', '2026-07-05 11:50:57', '2026-07-05 11:50:57', 1),
(79, 12, 'Mechanical Reasoning', 'Mixed', 'adaptive', '2026-07-05 11:50:57', '2026-07-05 11:50:57', 1),
(80, 12, 'Science', 'Mixed', 'adaptive', '2026-07-05 11:50:57', '2026-07-05 11:50:57', 1),
(81, 12, 'Spatial Reasoning', 'Mixed', 'adaptive', '2026-07-05 11:50:57', '2026-07-05 11:50:57', 1),
(82, 13, 'Abstract Reasoning', 'Mixed', 'adaptive', '2026-07-05 11:50:57', '2026-07-05 11:50:57', 1),
(83, 13, 'Computer Literacy', 'Mixed', 'adaptive', '2026-07-05 11:50:57', '2026-07-05 11:50:57', 1),
(84, 13, 'Life Skills', 'Mixed', 'adaptive', '2026-07-05 11:50:57', '2026-07-05 11:50:57', 1),
(85, 13, 'Mechanical Reasoning', 'Mixed', 'adaptive', '2026-07-05 11:50:57', '2026-07-05 11:50:57', 1),
(86, 13, 'Science', 'Mixed', 'adaptive', '2026-07-05 11:50:57', '2026-07-05 11:50:57', 1),
(87, 13, 'Spatial Reasoning', 'Mixed', 'adaptive', '2026-07-05 11:50:57', '2026-07-05 11:50:57', 1),
(88, 14, 'Abstract Reasoning', 'Mixed', 'adaptive', '2026-07-05 11:50:57', '2026-07-05 11:50:57', 1),
(89, 14, 'Computer Literacy', 'Mixed', 'adaptive', '2026-07-05 11:50:57', '2026-07-05 11:50:57', 1),
(90, 14, 'Life Skills', 'Mixed', 'adaptive', '2026-07-05 11:50:57', '2026-07-05 11:50:57', 1),
(91, 14, 'Mechanical Reasoning', 'Mixed', 'adaptive', '2026-07-05 11:50:57', '2026-07-05 11:50:57', 1),
(92, 14, 'Science', 'Mixed', 'adaptive', '2026-07-05 11:50:57', '2026-07-05 11:50:57', 1),
(93, 14, 'Spatial Reasoning', 'Mixed', 'adaptive', '2026-07-05 11:50:57', '2026-07-05 11:50:57', 1),
(94, 15, 'Abstract Reasoning', 'Mixed', 'adaptive', '2026-07-05 11:50:57', '2026-07-05 11:50:57', 1),
(95, 15, 'Computer Literacy', 'Mixed', 'adaptive', '2026-07-05 11:50:57', '2026-07-05 11:50:57', 1),
(96, 15, 'Life Skills', 'Mixed', 'adaptive', '2026-07-05 11:50:57', '2026-07-05 11:50:57', 1),
(97, 15, 'Mechanical Reasoning', 'Mixed', 'adaptive', '2026-07-05 11:50:57', '2026-07-05 11:50:57', 1),
(98, 15, 'Science', 'Mixed', 'adaptive', '2026-07-05 11:50:57', '2026-07-05 11:50:57', 1),
(99, 15, 'Spatial Reasoning', 'Mixed', 'adaptive', '2026-07-05 11:50:57', '2026-07-05 11:50:57', 1),
(100, 16, 'Abstract Reasoning', 'Mixed', 'adaptive', '2026-07-05 11:50:57', '2026-07-05 11:50:57', 1),
(101, 16, 'Computer Literacy', 'Mixed', 'adaptive', '2026-07-05 11:50:57', '2026-07-05 11:50:57', 1),
(102, 16, 'Life Skills', 'Mixed', 'adaptive', '2026-07-05 11:50:57', '2026-07-05 11:50:57', 1),
(103, 16, 'Mechanical Reasoning', 'Mixed', 'adaptive', '2026-07-05 11:50:57', '2026-07-05 11:50:57', 1),
(104, 16, 'Science', 'Mixed', 'adaptive', '2026-07-05 11:50:57', '2026-07-05 11:50:57', 1),
(105, 16, 'Spatial Reasoning', 'Mixed', 'adaptive', '2026-07-05 11:50:57', '2026-07-05 11:50:57', 1),
(106, 17, 'Abstract Reasoning', 'Mixed', 'adaptive', '2026-07-05 11:50:57', '2026-07-05 11:50:57', 1),
(107, 17, 'Computer Literacy', 'Mixed', 'adaptive', '2026-07-05 11:50:57', '2026-07-05 11:50:57', 1),
(108, 17, 'Life Skills', 'Mixed', 'adaptive', '2026-07-05 11:50:57', '2026-07-05 11:50:57', 1),
(109, 17, 'Mechanical Reasoning', 'Mixed', 'adaptive', '2026-07-05 11:50:57', '2026-07-05 11:50:57', 1),
(110, 17, 'Science', 'Mixed', 'adaptive', '2026-07-05 11:50:57', '2026-07-05 11:50:57', 1),
(111, 17, 'Spatial Reasoning', 'Mixed', 'adaptive', '2026-07-05 11:50:57', '2026-07-05 11:50:57', 1),
(112, 18, 'Abstract Reasoning', 'Mixed', 'adaptive', '2026-07-05 11:50:57', '2026-07-05 11:50:57', 1),
(113, 18, 'Computer Literacy', 'Mixed', 'adaptive', '2026-07-05 11:50:57', '2026-07-05 11:50:57', 1),
(114, 18, 'Life Skills', 'Mixed', 'adaptive', '2026-07-05 11:50:57', '2026-07-05 11:50:57', 1),
(115, 18, 'Mechanical Reasoning', 'Mixed', 'adaptive', '2026-07-05 11:50:57', '2026-07-05 11:50:57', 1),
(116, 18, 'Science', 'Mixed', 'adaptive', '2026-07-05 11:50:57', '2026-07-05 11:50:57', 1),
(117, 18, 'Spatial Reasoning', 'Mixed', 'adaptive', '2026-07-05 11:50:57', '2026-07-05 11:50:57', 1),
(118, 19, 'Abstract Reasoning', 'Mixed', 'adaptive', '2026-07-05 11:50:57', '2026-07-05 11:50:57', 1),
(119, 19, 'Computer Literacy', 'Mixed', 'adaptive', '2026-07-05 11:50:57', '2026-07-05 11:50:57', 1),
(120, 19, 'Life Skills', 'Mixed', 'adaptive', '2026-07-05 11:50:57', '2026-07-05 11:50:57', 1),
(121, 19, 'Mechanical Reasoning', 'Mixed', 'adaptive', '2026-07-05 11:50:57', '2026-07-05 11:50:57', 1),
(122, 19, 'Science', 'Mixed', 'adaptive', '2026-07-05 11:50:57', '2026-07-05 11:50:57', 1),
(123, 19, 'Spatial Reasoning', 'Mixed', 'adaptive', '2026-07-05 11:50:57', '2026-07-05 11:50:57', 1),
(124, 20, 'Abstract Reasoning', 'Mixed', 'adaptive', '2026-07-05 11:50:57', '2026-07-05 11:50:57', 1),
(125, 20, 'Computer Literacy', 'Mixed', 'adaptive', '2026-07-05 11:50:57', '2026-07-05 11:50:57', 1),
(126, 20, 'Life Skills', 'Mixed', 'adaptive', '2026-07-05 11:50:57', '2026-07-05 11:50:57', 1),
(127, 20, 'Mechanical Reasoning', 'Mixed', 'adaptive', '2026-07-05 11:50:57', '2026-07-05 11:50:57', 1),
(128, 20, 'Science', 'Mixed', 'adaptive', '2026-07-05 11:50:57', '2026-07-05 11:50:57', 1),
(129, 20, 'Spatial Reasoning', 'Mixed', 'adaptive', '2026-07-05 11:50:57', '2026-07-05 11:50:57', 1),
(130, 21, 'Abstract Reasoning', 'Mixed', 'adaptive', '2026-07-05 11:50:57', '2026-07-05 11:50:57', 1),
(131, 21, 'Computer Literacy', 'Mixed', 'adaptive', '2026-07-05 11:50:57', '2026-07-05 11:50:57', 1),
(132, 21, 'Life Skills', 'Mixed', 'adaptive', '2026-07-05 11:50:57', '2026-07-05 11:50:57', 1),
(133, 21, 'Mechanical Reasoning', 'Mixed', 'adaptive', '2026-07-05 11:50:57', '2026-07-05 11:50:57', 1),
(134, 21, 'Science', 'Mixed', 'adaptive', '2026-07-05 11:50:57', '2026-07-05 11:50:57', 1),
(135, 21, 'Spatial Reasoning', 'Mixed', 'adaptive', '2026-07-05 11:50:57', '2026-07-05 11:50:57', 1),
(136, 22, 'Abstract Reasoning', 'Mixed', 'adaptive', '2026-07-05 11:50:57', '2026-07-05 11:50:57', 1),
(137, 22, 'Computer Literacy', 'Mixed', 'adaptive', '2026-07-05 11:50:57', '2026-07-05 11:50:57', 1),
(138, 22, 'Life Skills', 'Mixed', 'adaptive', '2026-07-05 11:50:57', '2026-07-05 11:50:57', 1),
(139, 22, 'Mechanical Reasoning', 'Mixed', 'adaptive', '2026-07-05 11:50:57', '2026-07-05 11:50:57', 1),
(140, 22, 'Science', 'Mixed', 'adaptive', '2026-07-05 11:50:57', '2026-07-05 11:50:57', 1),
(141, 22, 'Spatial Reasoning', 'Mixed', 'adaptive', '2026-07-05 11:50:57', '2026-07-05 11:50:57', 1),
(142, 23, 'Abstract Reasoning', 'Mixed', 'adaptive', '2026-07-05 11:50:57', '2026-07-05 11:50:57', 1),
(143, 23, 'Computer Literacy', 'Mixed', 'adaptive', '2026-07-05 11:50:57', '2026-07-05 11:50:57', 1),
(144, 23, 'Life Skills', 'Mixed', 'adaptive', '2026-07-05 11:50:57', '2026-07-05 11:50:57', 1),
(145, 23, 'Mechanical Reasoning', 'Mixed', 'adaptive', '2026-07-05 11:50:57', '2026-07-05 11:50:57', 1),
(146, 23, 'Science', 'Mixed', 'adaptive', '2026-07-05 11:50:57', '2026-07-05 11:50:57', 1),
(147, 23, 'Spatial Reasoning', 'Mixed', 'adaptive', '2026-07-05 11:50:57', '2026-07-05 11:50:57', 1),
(148, 24, 'Abstract Reasoning', 'Mixed', 'adaptive', '2026-07-05 11:50:57', '2026-07-05 11:50:57', 1),
(149, 24, 'Computer Literacy', 'Mixed', 'adaptive', '2026-07-05 11:50:57', '2026-07-05 11:50:57', 1),
(150, 24, 'Life Skills', 'Mixed', 'adaptive', '2026-07-05 11:50:57', '2026-07-05 11:50:57', 1),
(151, 24, 'Mechanical Reasoning', 'Mixed', 'adaptive', '2026-07-05 11:50:57', '2026-07-05 11:50:57', 1),
(152, 24, 'Science', 'Mixed', 'adaptive', '2026-07-05 11:50:57', '2026-07-05 11:50:57', 1),
(153, 24, 'Spatial Reasoning', 'Mixed', 'adaptive', '2026-07-05 11:50:57', '2026-07-05 11:50:57', 1),
(154, 25, 'Abstract Reasoning', 'Mixed', 'adaptive', '2026-07-05 11:50:57', '2026-07-05 11:50:57', 1),
(155, 25, 'Computer Literacy', 'Mixed', 'adaptive', '2026-07-05 11:50:57', '2026-07-05 11:50:57', 1),
(156, 25, 'Life Skills', 'Mixed', 'adaptive', '2026-07-05 11:50:57', '2026-07-05 11:50:57', 1),
(157, 25, 'Mechanical Reasoning', 'Mixed', 'adaptive', '2026-07-05 11:50:57', '2026-07-05 11:50:57', 1),
(158, 25, 'Science', 'Mixed', 'adaptive', '2026-07-05 11:50:57', '2026-07-05 11:50:57', 1),
(159, 25, 'Spatial Reasoning', 'Mixed', 'adaptive', '2026-07-05 11:50:57', '2026-07-05 11:50:57', 1),
(160, 26, 'Abstract Reasoning', 'Mixed', 'adaptive', '2026-07-05 11:50:57', '2026-07-05 11:50:57', 1),
(161, 26, 'Computer Literacy', 'Mixed', 'adaptive', '2026-07-05 11:50:57', '2026-07-05 11:50:57', 1),
(162, 26, 'Life Skills', 'Mixed', 'adaptive', '2026-07-05 11:50:57', '2026-07-05 11:50:57', 1),
(163, 26, 'Mechanical Reasoning', 'Mixed', 'adaptive', '2026-07-05 11:50:57', '2026-07-05 11:50:57', 1),
(164, 26, 'Science', 'Mixed', 'adaptive', '2026-07-05 11:50:57', '2026-07-05 11:50:57', 1),
(165, 26, 'Spatial Reasoning', 'Mixed', 'adaptive', '2026-07-05 11:50:57', '2026-07-05 11:50:57', 1),
(166, 27, 'Abstract Reasoning', 'Mixed', 'adaptive', '2026-07-05 11:50:57', '2026-07-05 11:50:57', 1),
(167, 27, 'Computer Literacy', 'Mixed', 'adaptive', '2026-07-05 11:50:57', '2026-07-05 11:50:57', 1),
(168, 27, 'Life Skills', 'Mixed', 'adaptive', '2026-07-05 11:50:57', '2026-07-05 11:50:57', 1),
(169, 27, 'Mechanical Reasoning', 'Mixed', 'adaptive', '2026-07-05 11:50:57', '2026-07-05 11:50:57', 1),
(170, 27, 'Science', 'Mixed', 'adaptive', '2026-07-05 11:50:57', '2026-07-05 11:50:57', 1),
(171, 27, 'Spatial Reasoning', 'Mixed', 'adaptive', '2026-07-05 11:50:57', '2026-07-05 11:50:57', 1),
(172, 28, 'Abstract Reasoning', 'Mixed', 'adaptive', '2026-07-05 11:50:57', '2026-07-05 11:50:57', 1),
(173, 28, 'Computer Literacy', 'Mixed', 'adaptive', '2026-07-05 11:50:57', '2026-07-05 11:50:57', 1),
(174, 28, 'Life Skills', 'Mixed', 'adaptive', '2026-07-05 11:50:57', '2026-07-05 11:50:57', 1),
(175, 28, 'Mechanical Reasoning', 'Mixed', 'adaptive', '2026-07-05 11:50:57', '2026-07-05 11:50:57', 1),
(176, 28, 'Science', 'Mixed', 'adaptive', '2026-07-05 11:50:57', '2026-07-05 11:50:57', 1),
(177, 28, 'Spatial Reasoning', 'Mixed', 'adaptive', '2026-07-05 11:50:57', '2026-07-05 11:50:57', 1),
(178, 29, 'Abstract Reasoning', 'Mixed', 'adaptive', '2026-07-05 11:50:57', '2026-07-05 11:50:57', 1),
(179, 29, 'Computer Literacy', 'Mixed', 'adaptive', '2026-07-05 11:50:57', '2026-07-05 11:50:57', 1),
(180, 29, 'Life Skills', 'Mixed', 'adaptive', '2026-07-05 11:50:57', '2026-07-05 11:50:57', 1),
(181, 29, 'Mechanical Reasoning', 'Mixed', 'adaptive', '2026-07-05 11:50:57', '2026-07-05 11:50:57', 1),
(182, 29, 'Science', 'Mixed', 'adaptive', '2026-07-05 11:50:57', '2026-07-05 11:50:57', 1),
(183, 29, 'Spatial Reasoning', 'Mixed', 'adaptive', '2026-07-05 11:50:57', '2026-07-05 11:50:57', 1),
(184, 30, 'Abstract Reasoning', 'Mixed', 'adaptive', '2026-07-05 11:50:57', '2026-07-05 11:50:57', 1),
(185, 30, 'Computer Literacy', 'Mixed', 'adaptive', '2026-07-05 11:50:57', '2026-07-05 11:50:57', 1),
(186, 30, 'Life Skills', 'Mixed', 'adaptive', '2026-07-05 11:50:57', '2026-07-05 11:50:57', 1),
(187, 30, 'Mechanical Reasoning', 'Mixed', 'adaptive', '2026-07-05 11:50:58', '2026-07-05 11:50:58', 1),
(188, 30, 'Science', 'Mixed', 'adaptive', '2026-07-05 11:50:58', '2026-07-05 11:50:58', 1),
(189, 30, 'Spatial Reasoning', 'Mixed', 'adaptive', '2026-07-05 11:50:58', '2026-07-05 11:50:58', 1),
(190, 31, 'Abstract Reasoning', 'Mixed', 'adaptive', '2026-07-05 11:50:58', '2026-07-05 11:50:58', 1),
(191, 31, 'Computer Literacy', 'Mixed', 'adaptive', '2026-07-05 11:50:58', '2026-07-05 11:50:58', 1),
(192, 31, 'Life Skills', 'Mixed', 'adaptive', '2026-07-05 11:50:58', '2026-07-05 11:50:58', 1),
(193, 31, 'Mechanical Reasoning', 'Mixed', 'adaptive', '2026-07-05 11:50:58', '2026-07-05 11:50:58', 1),
(194, 31, 'Science', 'Mixed', 'adaptive', '2026-07-05 11:50:58', '2026-07-05 11:50:58', 1),
(195, 31, 'Spatial Reasoning', 'Mixed', 'adaptive', '2026-07-05 11:50:58', '2026-07-05 11:50:58', 1),
(196, 32, 'Abstract Reasoning', 'Mixed', 'adaptive', '2026-07-05 11:50:58', '2026-07-05 11:50:58', 1),
(197, 32, 'Computer Literacy', 'Mixed', 'adaptive', '2026-07-05 11:50:58', '2026-07-05 11:50:58', 1),
(198, 32, 'Life Skills', 'Mixed', 'adaptive', '2026-07-05 11:50:58', '2026-07-05 11:50:58', 1),
(199, 32, 'Mechanical Reasoning', 'Mixed', 'adaptive', '2026-07-05 11:50:58', '2026-07-05 11:50:58', 1),
(200, 32, 'Science', 'Mixed', 'adaptive', '2026-07-05 11:50:58', '2026-07-05 11:50:58', 1),
(201, 32, 'Spatial Reasoning', 'Mixed', 'adaptive', '2026-07-05 11:50:58', '2026-07-05 11:50:58', 1),
(202, 33, 'Abstract Reasoning', 'Mixed', 'adaptive', '2026-07-05 11:50:58', '2026-07-05 11:50:58', 1),
(203, 33, 'Computer Literacy', 'Mixed', 'adaptive', '2026-07-05 11:50:58', '2026-07-05 11:50:58', 1),
(204, 33, 'Life Skills', 'Mixed', 'adaptive', '2026-07-05 11:50:58', '2026-07-05 11:50:58', 1),
(205, 33, 'Mechanical Reasoning', 'Mixed', 'adaptive', '2026-07-05 11:50:58', '2026-07-05 11:50:58', 1),
(206, 33, 'Science', 'Mixed', 'adaptive', '2026-07-05 11:50:58', '2026-07-05 11:50:58', 1),
(207, 33, 'Spatial Reasoning', 'Mixed', 'adaptive', '2026-07-05 11:50:58', '2026-07-05 11:50:58', 1),
(208, 34, 'Abstract Reasoning', 'Mixed', 'adaptive', '2026-07-05 11:50:58', '2026-07-05 11:50:58', 1),
(209, 34, 'Computer Literacy', 'Mixed', 'adaptive', '2026-07-05 11:50:58', '2026-07-05 11:50:58', 1),
(210, 34, 'Life Skills', 'Mixed', 'adaptive', '2026-07-05 11:50:58', '2026-07-05 11:50:58', 1),
(211, 34, 'Mechanical Reasoning', 'Mixed', 'adaptive', '2026-07-05 11:50:58', '2026-07-05 11:50:58', 1),
(212, 34, 'Science', 'Mixed', 'adaptive', '2026-07-05 11:50:58', '2026-07-05 11:50:58', 1),
(213, 34, 'Spatial Reasoning', 'Mixed', 'adaptive', '2026-07-05 11:50:58', '2026-07-05 11:50:58', 1),
(214, 35, 'Abstract Reasoning', 'Mixed', 'adaptive', '2026-07-05 11:50:58', '2026-07-05 11:50:58', 1),
(215, 35, 'Computer Literacy', 'Mixed', 'adaptive', '2026-07-05 11:50:58', '2026-07-05 11:50:58', 1),
(216, 35, 'Life Skills', 'Mixed', 'adaptive', '2026-07-05 11:50:58', '2026-07-05 11:50:58', 1),
(217, 35, 'Mechanical Reasoning', 'Mixed', 'adaptive', '2026-07-05 11:50:58', '2026-07-05 11:50:58', 1),
(218, 35, 'Science', 'Mixed', 'adaptive', '2026-07-05 11:50:58', '2026-07-05 11:50:58', 1),
(219, 35, 'Spatial Reasoning', 'Mixed', 'adaptive', '2026-07-05 11:50:58', '2026-07-05 11:50:58', 1),
(220, 36, 'Abstract Reasoning', 'Mixed', 'adaptive', '2026-07-05 11:50:58', '2026-07-05 11:50:58', 1),
(221, 36, 'Computer Literacy', 'Mixed', 'adaptive', '2026-07-05 11:50:58', '2026-07-05 11:50:58', 1),
(222, 36, 'Life Skills', 'Mixed', 'adaptive', '2026-07-05 11:50:58', '2026-07-05 11:50:58', 1),
(223, 36, 'Mechanical Reasoning', 'Mixed', 'adaptive', '2026-07-05 11:50:58', '2026-07-05 11:50:58', 1),
(224, 36, 'Science', 'Mixed', 'adaptive', '2026-07-05 11:50:58', '2026-07-05 11:50:58', 1),
(225, 36, 'Spatial Reasoning', 'Mixed', 'adaptive', '2026-07-05 11:50:58', '2026-07-05 11:50:58', 1),
(226, 37, 'Abstract Reasoning', 'Mixed', 'adaptive', '2026-07-05 11:50:58', '2026-07-05 11:50:58', 1),
(227, 37, 'Computer Literacy', 'Mixed', 'adaptive', '2026-07-05 11:50:58', '2026-07-05 11:50:58', 1),
(228, 37, 'Life Skills', 'Mixed', 'adaptive', '2026-07-05 11:50:58', '2026-07-05 11:50:58', 1),
(229, 37, 'Mechanical Reasoning', 'Mixed', 'adaptive', '2026-07-05 11:50:58', '2026-07-05 11:50:58', 1),
(230, 37, 'Science', 'Mixed', 'adaptive', '2026-07-05 11:50:58', '2026-07-05 11:50:58', 1),
(231, 37, 'Spatial Reasoning', 'Mixed', 'adaptive', '2026-07-05 11:50:58', '2026-07-05 11:50:58', 1),
(232, 38, 'Abstract Reasoning', 'Mixed', 'adaptive', '2026-07-05 11:50:58', '2026-07-05 11:50:58', 1),
(233, 38, 'Computer Literacy', 'Mixed', 'adaptive', '2026-07-05 11:50:58', '2026-07-05 11:50:58', 1),
(234, 38, 'Life Skills', 'Mixed', 'adaptive', '2026-07-05 11:50:58', '2026-07-05 11:50:58', 1),
(235, 38, 'Mechanical Reasoning', 'Mixed', 'adaptive', '2026-07-05 11:50:58', '2026-07-05 11:50:58', 1),
(236, 38, 'Science', 'Mixed', 'adaptive', '2026-07-05 11:50:58', '2026-07-05 11:50:58', 1),
(237, 38, 'Spatial Reasoning', 'Mixed', 'adaptive', '2026-07-05 11:50:58', '2026-07-05 11:50:58', 1),
(238, 39, 'Abstract Reasoning', 'Mixed', 'adaptive', '2026-07-05 11:50:58', '2026-07-05 11:50:58', 1),
(239, 39, 'Computer Literacy', 'Mixed', 'adaptive', '2026-07-05 11:50:58', '2026-07-05 11:50:58', 1),
(240, 39, 'Life Skills', 'Mixed', 'adaptive', '2026-07-05 11:50:58', '2026-07-05 11:50:58', 1),
(241, 39, 'Mechanical Reasoning', 'Mixed', 'adaptive', '2026-07-05 11:50:58', '2026-07-05 11:50:58', 1),
(242, 39, 'Science', 'Mixed', 'adaptive', '2026-07-05 11:50:58', '2026-07-05 11:50:58', 1),
(243, 39, 'Spatial Reasoning', 'Mixed', 'adaptive', '2026-07-05 11:50:58', '2026-07-05 11:50:58', 1),
(244, 40, 'Abstract Reasoning', 'Mixed', 'adaptive', '2026-07-05 11:50:58', '2026-07-05 11:50:58', 1),
(245, 40, 'Computer Literacy', 'Mixed', 'adaptive', '2026-07-05 11:50:58', '2026-07-05 11:50:58', 1),
(246, 40, 'Life Skills', 'Mixed', 'adaptive', '2026-07-05 11:50:58', '2026-07-05 11:50:58', 1),
(247, 40, 'Mechanical Reasoning', 'Mixed', 'adaptive', '2026-07-05 11:50:58', '2026-07-05 11:50:58', 1),
(248, 40, 'Science', 'Mixed', 'adaptive', '2026-07-05 11:50:58', '2026-07-05 11:50:58', 1),
(249, 40, 'Spatial Reasoning', 'Mixed', 'adaptive', '2026-07-05 11:50:58', '2026-07-05 11:50:58', 1),
(250, 41, 'Abstract Reasoning', 'Mixed', 'adaptive', '2026-07-05 11:50:58', '2026-07-05 11:50:58', 1),
(251, 41, 'Computer Literacy', 'Mixed', 'adaptive', '2026-07-05 11:50:58', '2026-07-05 11:50:58', 1),
(252, 41, 'Life Skills', 'Mixed', 'adaptive', '2026-07-05 11:50:58', '2026-07-05 11:50:58', 1),
(253, 41, 'Mechanical Reasoning', 'Mixed', 'adaptive', '2026-07-05 11:50:58', '2026-07-05 11:50:58', 1),
(254, 41, 'Science', 'Mixed', 'adaptive', '2026-07-05 11:50:58', '2026-07-05 11:50:58', 1),
(255, 41, 'Spatial Reasoning', 'Mixed', 'adaptive', '2026-07-05 11:50:58', '2026-07-05 11:50:58', 1),
(256, 42, 'Abstract Reasoning', 'Mixed', 'adaptive', '2026-07-05 11:50:58', '2026-07-05 11:50:58', 1),
(257, 42, 'Computer Literacy', 'Mixed', 'adaptive', '2026-07-05 11:50:58', '2026-07-05 11:50:58', 1),
(258, 42, 'Life Skills', 'Mixed', 'adaptive', '2026-07-05 11:50:58', '2026-07-05 11:50:58', 1),
(259, 42, 'Mechanical Reasoning', 'Mixed', 'adaptive', '2026-07-05 11:50:58', '2026-07-05 11:50:58', 1),
(260, 42, 'Science', 'Mixed', 'adaptive', '2026-07-05 11:50:58', '2026-07-05 11:50:58', 1),
(261, 42, 'Spatial Reasoning', 'Mixed', 'adaptive', '2026-07-05 11:50:58', '2026-07-05 11:50:58', 1),
(262, 43, 'Abstract Reasoning', 'Mixed', 'adaptive', '2026-07-05 11:50:58', '2026-07-05 11:50:58', 1),
(263, 43, 'Computer Literacy', 'Mixed', 'adaptive', '2026-07-05 11:50:58', '2026-07-05 11:50:58', 1),
(264, 43, 'Life Skills', 'Mixed', 'adaptive', '2026-07-05 11:50:58', '2026-07-05 11:50:58', 1),
(265, 43, 'Mechanical Reasoning', 'Mixed', 'adaptive', '2026-07-05 11:50:58', '2026-07-05 11:50:58', 1),
(266, 43, 'Science', 'Mixed', 'adaptive', '2026-07-05 11:50:58', '2026-07-05 11:50:58', 1),
(267, 43, 'Spatial Reasoning', 'Mixed', 'adaptive', '2026-07-05 11:50:58', '2026-07-05 11:50:58', 1),
(268, 44, 'Abstract Reasoning', 'Mixed', 'adaptive', '2026-07-05 11:50:58', '2026-07-05 11:50:58', 1),
(269, 44, 'Computer Literacy', 'Mixed', 'adaptive', '2026-07-05 11:50:58', '2026-07-05 11:50:58', 1),
(270, 44, 'Life Skills', 'Mixed', 'adaptive', '2026-07-05 11:50:58', '2026-07-05 11:50:58', 1),
(271, 44, 'Mechanical Reasoning', 'Mixed', 'adaptive', '2026-07-05 11:50:58', '2026-07-05 11:50:58', 1),
(272, 44, 'Science', 'Mixed', 'adaptive', '2026-07-05 11:50:58', '2026-07-05 11:50:58', 1),
(273, 44, 'Spatial Reasoning', 'Mixed', 'adaptive', '2026-07-05 11:50:58', '2026-07-05 11:50:58', 1),
(274, 45, 'Abstract Reasoning', 'Mixed', 'adaptive', '2026-07-05 11:50:58', '2026-07-05 11:50:58', 1),
(275, 45, 'Computer Literacy', 'Mixed', 'adaptive', '2026-07-05 11:50:58', '2026-07-05 11:50:58', 1),
(276, 45, 'Life Skills', 'Mixed', 'adaptive', '2026-07-05 11:50:58', '2026-07-05 11:50:58', 1),
(277, 45, 'Mechanical Reasoning', 'Mixed', 'adaptive', '2026-07-05 11:50:58', '2026-07-05 11:50:58', 1),
(278, 45, 'Science', 'Mixed', 'adaptive', '2026-07-05 11:50:58', '2026-07-05 11:50:58', 1),
(279, 45, 'Spatial Reasoning', 'Mixed', 'adaptive', '2026-07-05 11:50:58', '2026-07-05 11:50:58', 1),
(280, 46, 'Abstract Reasoning', 'Mixed', 'adaptive', '2026-07-05 11:50:58', '2026-07-05 11:50:58', 1),
(281, 46, 'Computer Literacy', 'Mixed', 'adaptive', '2026-07-05 11:50:58', '2026-07-05 11:50:58', 1),
(282, 46, 'Life Skills', 'Mixed', 'adaptive', '2026-07-05 11:50:58', '2026-07-05 11:50:58', 1),
(283, 46, 'Mechanical Reasoning', 'Mixed', 'adaptive', '2026-07-05 11:50:58', '2026-07-05 11:50:58', 1),
(284, 46, 'Science', 'Mixed', 'adaptive', '2026-07-05 11:50:58', '2026-07-05 11:50:58', 1),
(285, 46, 'Spatial Reasoning', 'Mixed', 'adaptive', '2026-07-05 11:50:58', '2026-07-05 11:50:58', 1),
(286, 47, 'Abstract Reasoning', 'Mixed', 'adaptive', '2026-07-05 11:50:58', '2026-07-05 11:50:58', 1),
(287, 47, 'Computer Literacy', 'Mixed', 'adaptive', '2026-07-05 11:50:58', '2026-07-05 11:50:58', 1),
(288, 47, 'Life Skills', 'Mixed', 'adaptive', '2026-07-05 11:50:58', '2026-07-05 11:50:58', 1),
(289, 47, 'Mechanical Reasoning', 'Mixed', 'adaptive', '2026-07-05 11:50:58', '2026-07-05 11:50:58', 1),
(290, 47, 'Science', 'Mixed', 'adaptive', '2026-07-05 11:50:58', '2026-07-05 11:50:58', 1),
(291, 47, 'Spatial Reasoning', 'Mixed', 'adaptive', '2026-07-05 11:50:58', '2026-07-05 11:50:58', 1),
(292, 48, 'Abstract Reasoning', 'Mixed', 'adaptive', '2026-07-05 11:50:58', '2026-07-05 11:50:58', 1),
(293, 48, 'Computer Literacy', 'Mixed', 'adaptive', '2026-07-05 11:50:58', '2026-07-05 11:50:58', 1),
(294, 48, 'Life Skills', 'Mixed', 'adaptive', '2026-07-05 11:50:58', '2026-07-05 11:50:58', 1),
(295, 48, 'Mechanical Reasoning', 'Mixed', 'adaptive', '2026-07-05 11:50:58', '2026-07-05 11:50:58', 1),
(296, 48, 'Science', 'Mixed', 'adaptive', '2026-07-05 11:50:58', '2026-07-05 11:50:58', 1),
(297, 48, 'Spatial Reasoning', 'Mixed', 'adaptive', '2026-07-05 11:50:58', '2026-07-05 11:50:58', 1),
(298, 49, 'Abstract Reasoning', 'Mixed', 'adaptive', '2026-07-05 11:50:58', '2026-07-05 11:50:58', 1),
(299, 49, 'Computer Literacy', 'Mixed', 'adaptive', '2026-07-05 11:50:58', '2026-07-05 11:50:58', 1),
(300, 49, 'Life Skills', 'Mixed', 'adaptive', '2026-07-05 11:50:58', '2026-07-05 11:50:58', 1),
(301, 49, 'Mechanical Reasoning', 'Mixed', 'adaptive', '2026-07-05 11:50:58', '2026-07-05 11:50:58', 1),
(302, 49, 'Science', 'Mixed', 'adaptive', '2026-07-05 11:50:58', '2026-07-05 11:50:58', 1),
(303, 49, 'Spatial Reasoning', 'Mixed', 'adaptive', '2026-07-05 11:50:58', '2026-07-05 11:50:58', 1),
(304, 50, 'Abstract Reasoning', 'Mixed', 'adaptive', '2026-07-05 11:50:58', '2026-07-05 11:50:58', 1),
(305, 50, 'Computer Literacy', 'Mixed', 'adaptive', '2026-07-05 11:50:58', '2026-07-05 11:50:58', 1),
(306, 50, 'Life Skills', 'Mixed', 'adaptive', '2026-07-05 11:50:58', '2026-07-05 11:50:58', 1),
(307, 50, 'Mechanical Reasoning', 'Mixed', 'adaptive', '2026-07-05 11:50:58', '2026-07-05 11:50:58', 1),
(308, 50, 'Science', 'Mixed', 'adaptive', '2026-07-05 11:50:58', '2026-07-05 11:50:58', 1),
(309, 50, 'Spatial Reasoning', 'Mixed', 'adaptive', '2026-07-05 11:50:59', '2026-07-05 11:50:59', 1),
(310, 51, 'Abstract Reasoning', 'Mixed', 'adaptive', '2026-07-05 11:50:59', '2026-07-05 11:50:59', 1),
(311, 51, 'Computer Literacy', 'Mixed', 'adaptive', '2026-07-05 11:50:59', '2026-07-05 11:50:59', 1),
(312, 51, 'Life Skills', 'Mixed', 'adaptive', '2026-07-05 11:50:59', '2026-07-05 11:50:59', 1),
(313, 51, 'Mechanical Reasoning', 'Mixed', 'adaptive', '2026-07-05 11:50:59', '2026-07-05 11:50:59', 1),
(314, 51, 'Science', 'Mixed', 'adaptive', '2026-07-05 11:50:59', '2026-07-05 11:50:59', 1),
(315, 51, 'Spatial Reasoning', 'Mixed', 'adaptive', '2026-07-05 11:50:59', '2026-07-05 11:50:59', 1),
(316, 52, 'Abstract Reasoning', 'Mixed', 'adaptive', '2026-07-05 11:50:59', '2026-07-05 11:50:59', 1),
(317, 52, 'Computer Literacy', 'Mixed', 'adaptive', '2026-07-05 11:50:59', '2026-07-05 11:50:59', 1),
(318, 52, 'Life Skills', 'Mixed', 'adaptive', '2026-07-05 11:50:59', '2026-07-05 11:50:59', 1),
(319, 52, 'Mechanical Reasoning', 'Mixed', 'adaptive', '2026-07-05 11:50:59', '2026-07-05 11:50:59', 1),
(320, 52, 'Science', 'Mixed', 'adaptive', '2026-07-05 11:50:59', '2026-07-05 11:50:59', 1),
(321, 52, 'Spatial Reasoning', 'Mixed', 'adaptive', '2026-07-05 11:50:59', '2026-07-05 11:50:59', 1),
(322, 53, 'Abstract Reasoning', 'Mixed', 'adaptive', '2026-07-05 11:50:59', '2026-07-05 11:50:59', 1),
(323, 53, 'Computer Literacy', 'Mixed', 'adaptive', '2026-07-05 11:50:59', '2026-07-05 11:50:59', 1),
(324, 53, 'Life Skills', 'Mixed', 'adaptive', '2026-07-05 11:50:59', '2026-07-05 11:50:59', 1),
(325, 53, 'Mechanical Reasoning', 'Mixed', 'adaptive', '2026-07-05 11:50:59', '2026-07-05 11:50:59', 1),
(326, 53, 'Science', 'Mixed', 'adaptive', '2026-07-05 11:50:59', '2026-07-05 11:50:59', 1),
(327, 53, 'Spatial Reasoning', 'Mixed', 'adaptive', '2026-07-05 11:50:59', '2026-07-05 11:50:59', 1),
(328, 54, 'Abstract Reasoning', 'Mixed', 'adaptive', '2026-07-05 11:50:59', '2026-07-05 11:50:59', 1),
(329, 54, 'Computer Literacy', 'Mixed', 'adaptive', '2026-07-05 11:50:59', '2026-07-05 11:50:59', 1),
(330, 54, 'Life Skills', 'Mixed', 'adaptive', '2026-07-05 11:50:59', '2026-07-05 11:50:59', 1),
(331, 54, 'Mechanical Reasoning', 'Mixed', 'adaptive', '2026-07-05 11:50:59', '2026-07-05 11:50:59', 1),
(332, 54, 'Science', 'Mixed', 'adaptive', '2026-07-05 11:50:59', '2026-07-05 11:50:59', 1),
(333, 54, 'Spatial Reasoning', 'Mixed', 'adaptive', '2026-07-05 11:50:59', '2026-07-05 11:50:59', 1),
(334, 55, 'Abstract Reasoning', 'Mixed', 'adaptive', '2026-07-05 11:50:59', '2026-07-05 11:50:59', 1),
(335, 55, 'Computer Literacy', 'Mixed', 'adaptive', '2026-07-05 11:50:59', '2026-07-05 11:50:59', 1),
(336, 55, 'Life Skills', 'Mixed', 'adaptive', '2026-07-05 11:50:59', '2026-07-05 11:50:59', 1),
(337, 55, 'Mechanical Reasoning', 'Mixed', 'adaptive', '2026-07-05 11:50:59', '2026-07-05 11:50:59', 1),
(338, 55, 'Science', 'Mixed', 'adaptive', '2026-07-05 11:50:59', '2026-07-05 11:50:59', 1),
(339, 55, 'Spatial Reasoning', 'Mixed', 'adaptive', '2026-07-05 11:50:59', '2026-07-05 11:50:59', 1),
(340, 56, 'Abstract Reasoning', 'Mixed', 'adaptive', '2026-07-05 11:50:59', '2026-07-05 11:50:59', 1),
(341, 56, 'Computer Literacy', 'Mixed', 'adaptive', '2026-07-05 11:50:59', '2026-07-05 11:50:59', 1),
(342, 56, 'Life Skills', 'Mixed', 'adaptive', '2026-07-05 11:50:59', '2026-07-05 11:50:59', 1),
(343, 56, 'Mechanical Reasoning', 'Mixed', 'adaptive', '2026-07-05 11:50:59', '2026-07-05 11:50:59', 1),
(344, 56, 'Science', 'Mixed', 'adaptive', '2026-07-05 11:50:59', '2026-07-05 11:50:59', 1),
(345, 56, 'Spatial Reasoning', 'Mixed', 'adaptive', '2026-07-05 11:50:59', '2026-07-05 11:50:59', 1),
(346, 57, 'Abstract Reasoning', 'Mixed', 'adaptive', '2026-07-05 11:50:59', '2026-07-05 11:50:59', 1),
(347, 57, 'Computer Literacy', 'Mixed', 'adaptive', '2026-07-05 11:50:59', '2026-07-05 11:50:59', 1),
(348, 57, 'Life Skills', 'Mixed', 'adaptive', '2026-07-05 11:50:59', '2026-07-05 11:50:59', 1),
(349, 57, 'Mechanical Reasoning', 'Mixed', 'adaptive', '2026-07-05 11:50:59', '2026-07-05 11:50:59', 1),
(350, 57, 'Science', 'Mixed', 'adaptive', '2026-07-05 11:50:59', '2026-07-05 11:50:59', 1),
(351, 57, 'Spatial Reasoning', 'Mixed', 'adaptive', '2026-07-05 11:50:59', '2026-07-05 11:50:59', 1),
(352, 58, 'Abstract Reasoning', 'Mixed', 'adaptive', '2026-07-05 11:50:59', '2026-07-05 11:50:59', 1),
(353, 58, 'Computer Literacy', 'Mixed', 'adaptive', '2026-07-05 11:50:59', '2026-07-05 11:50:59', 1),
(354, 58, 'Life Skills', 'Mixed', 'adaptive', '2026-07-05 11:50:59', '2026-07-05 11:50:59', 1),
(355, 58, 'Mechanical Reasoning', 'Mixed', 'adaptive', '2026-07-05 11:50:59', '2026-07-05 11:50:59', 1),
(356, 58, 'Science', 'Mixed', 'adaptive', '2026-07-05 11:50:59', '2026-07-05 11:50:59', 1),
(357, 58, 'Spatial Reasoning', 'Mixed', 'adaptive', '2026-07-05 11:50:59', '2026-07-05 11:50:59', 1),
(358, 59, 'Abstract Reasoning', 'Mixed', 'adaptive', '2026-07-05 11:50:59', '2026-07-05 11:50:59', 1),
(359, 59, 'Computer Literacy', 'Mixed', 'adaptive', '2026-07-05 11:50:59', '2026-07-05 11:50:59', 1),
(360, 59, 'Life Skills', 'Mixed', 'adaptive', '2026-07-05 11:50:59', '2026-07-05 11:50:59', 1),
(361, 59, 'Mechanical Reasoning', 'Mixed', 'adaptive', '2026-07-05 11:50:59', '2026-07-05 11:50:59', 1),
(362, 59, 'Science', 'Mixed', 'adaptive', '2026-07-05 11:50:59', '2026-07-05 11:50:59', 1),
(363, 59, 'Spatial Reasoning', 'Mixed', 'adaptive', '2026-07-05 11:50:59', '2026-07-05 11:50:59', 1),
(364, 60, 'Abstract Reasoning', 'Mixed', 'adaptive', '2026-07-05 11:50:59', '2026-07-05 11:50:59', 1),
(365, 60, 'Computer Literacy', 'Mixed', 'adaptive', '2026-07-05 11:50:59', '2026-07-05 11:50:59', 1),
(366, 60, 'Life Skills', 'Mixed', 'adaptive', '2026-07-05 11:50:59', '2026-07-05 11:50:59', 1),
(367, 60, 'Mechanical Reasoning', 'Mixed', 'adaptive', '2026-07-05 11:50:59', '2026-07-05 11:50:59', 1),
(368, 60, 'Science', 'Mixed', 'adaptive', '2026-07-05 11:50:59', '2026-07-05 11:50:59', 1),
(369, 60, 'Spatial Reasoning', 'Mixed', 'adaptive', '2026-07-05 11:50:59', '2026-07-05 11:50:59', 1),
(370, 61, 'Abstract Reasoning', 'Mixed', 'adaptive', '2026-07-05 11:50:59', '2026-07-05 11:50:59', 1),
(371, 61, 'Computer Literacy', 'Mixed', 'adaptive', '2026-07-05 11:50:59', '2026-07-05 11:50:59', 1),
(372, 61, 'Life Skills', 'Mixed', 'adaptive', '2026-07-05 11:50:59', '2026-07-05 11:50:59', 1),
(373, 61, 'Mechanical Reasoning', 'Mixed', 'adaptive', '2026-07-05 11:50:59', '2026-07-05 11:50:59', 1),
(374, 61, 'Science', 'Mixed', 'adaptive', '2026-07-05 11:50:59', '2026-07-05 11:50:59', 1),
(375, 61, 'Spatial Reasoning', 'Mixed', 'adaptive', '2026-07-05 11:50:59', '2026-07-05 11:50:59', 1),
(376, 62, 'Abstract Reasoning', 'Mixed', 'adaptive', '2026-07-05 11:50:59', '2026-07-05 11:50:59', 1),
(377, 62, 'Computer Literacy', 'Mixed', 'adaptive', '2026-07-05 11:50:59', '2026-07-05 11:50:59', 1),
(378, 62, 'Life Skills', 'Mixed', 'adaptive', '2026-07-05 11:50:59', '2026-07-05 11:50:59', 1),
(379, 62, 'Mechanical Reasoning', 'Mixed', 'adaptive', '2026-07-05 11:50:59', '2026-07-05 11:50:59', 1),
(380, 62, 'Science', 'Mixed', 'adaptive', '2026-07-05 11:50:59', '2026-07-05 11:50:59', 1),
(381, 62, 'Spatial Reasoning', 'Mixed', 'adaptive', '2026-07-05 11:50:59', '2026-07-05 11:50:59', 1),
(382, 63, 'Abstract Reasoning', 'Mixed', 'adaptive', '2026-07-05 11:50:59', '2026-07-05 11:50:59', 1),
(383, 63, 'Computer Literacy', 'Mixed', 'adaptive', '2026-07-05 11:50:59', '2026-07-05 11:50:59', 1),
(384, 63, 'Life Skills', 'Mixed', 'adaptive', '2026-07-05 11:50:59', '2026-07-05 11:50:59', 1),
(385, 63, 'Mechanical Reasoning', 'Mixed', 'adaptive', '2026-07-05 11:50:59', '2026-07-05 11:50:59', 1),
(386, 63, 'Science', 'Mixed', 'adaptive', '2026-07-05 11:50:59', '2026-07-05 11:50:59', 1),
(387, 63, 'Spatial Reasoning', 'Mixed', 'adaptive', '2026-07-05 11:50:59', '2026-07-05 11:50:59', 1),
(388, 64, 'Abstract Reasoning', 'Mixed', 'adaptive', '2026-07-05 11:50:59', '2026-07-05 11:50:59', 1),
(389, 64, 'Computer Literacy', 'Mixed', 'adaptive', '2026-07-05 11:50:59', '2026-07-05 11:50:59', 1),
(390, 64, 'Life Skills', 'Mixed', 'adaptive', '2026-07-05 11:50:59', '2026-07-05 11:50:59', 1),
(391, 64, 'Mechanical Reasoning', 'Mixed', 'adaptive', '2026-07-05 11:50:59', '2026-07-05 11:50:59', 1),
(392, 64, 'Science', 'Mixed', 'adaptive', '2026-07-05 11:50:59', '2026-07-05 11:50:59', 1),
(393, 64, 'Spatial Reasoning', 'Mixed', 'adaptive', '2026-07-05 11:50:59', '2026-07-05 11:50:59', 1),
(394, 65, 'Abstract Reasoning', 'Mixed', 'adaptive', '2026-07-05 11:50:59', '2026-07-05 11:50:59', 1),
(395, 65, 'Computer Literacy', 'Mixed', 'adaptive', '2026-07-05 11:50:59', '2026-07-05 11:50:59', 1),
(396, 65, 'Life Skills', 'Mixed', 'adaptive', '2026-07-05 11:50:59', '2026-07-05 11:50:59', 1),
(397, 65, 'Mechanical Reasoning', 'Mixed', 'adaptive', '2026-07-05 11:50:59', '2026-07-05 11:50:59', 1),
(398, 65, 'Science', 'Mixed', 'adaptive', '2026-07-05 11:50:59', '2026-07-05 11:50:59', 1),
(399, 65, 'Spatial Reasoning', 'Mixed', 'adaptive', '2026-07-05 11:50:59', '2026-07-05 11:50:59', 1),
(400, 66, 'Abstract Reasoning', 'Mixed', 'adaptive', '2026-07-05 11:50:59', '2026-07-05 11:50:59', 1),
(401, 66, 'Computer Literacy', 'Mixed', 'adaptive', '2026-07-05 11:50:59', '2026-07-05 11:50:59', 1),
(402, 66, 'Life Skills', 'Mixed', 'adaptive', '2026-07-05 11:50:59', '2026-07-05 11:50:59', 1),
(403, 66, 'Mechanical Reasoning', 'Mixed', 'adaptive', '2026-07-05 11:50:59', '2026-07-05 11:50:59', 1),
(404, 66, 'Science', 'Mixed', 'adaptive', '2026-07-05 11:50:59', '2026-07-05 11:50:59', 1),
(405, 66, 'Spatial Reasoning', 'Mixed', 'adaptive', '2026-07-05 11:50:59', '2026-07-05 11:50:59', 1),
(406, 67, 'Abstract Reasoning', 'Mixed', 'adaptive', '2026-07-05 11:50:59', '2026-07-05 11:50:59', 1),
(407, 67, 'Computer Literacy', 'Mixed', 'adaptive', '2026-07-05 11:50:59', '2026-07-05 11:50:59', 1),
(408, 67, 'Life Skills', 'Mixed', 'adaptive', '2026-07-05 11:50:59', '2026-07-05 11:50:59', 1),
(409, 67, 'Mechanical Reasoning', 'Mixed', 'adaptive', '2026-07-05 11:50:59', '2026-07-05 11:50:59', 1),
(410, 67, 'Science', 'Mixed', 'adaptive', '2026-07-05 11:50:59', '2026-07-05 11:50:59', 1),
(411, 67, 'Spatial Reasoning', 'Mixed', 'adaptive', '2026-07-05 11:50:59', '2026-07-05 11:50:59', 1),
(412, 68, 'Abstract Reasoning', 'Mixed', 'adaptive', '2026-07-05 11:50:59', '2026-07-05 11:50:59', 1),
(413, 68, 'Computer Literacy', 'Mixed', 'adaptive', '2026-07-05 11:50:59', '2026-07-05 11:50:59', 1),
(414, 68, 'Life Skills', 'Mixed', 'adaptive', '2026-07-05 11:50:59', '2026-07-05 11:50:59', 1),
(415, 68, 'Mechanical Reasoning', 'Mixed', 'adaptive', '2026-07-05 11:50:59', '2026-07-05 11:50:59', 1),
(416, 68, 'Science', 'Mixed', 'adaptive', '2026-07-05 11:50:59', '2026-07-05 11:50:59', 1),
(417, 68, 'Spatial Reasoning', 'Mixed', 'adaptive', '2026-07-05 11:50:59', '2026-07-05 11:50:59', 1),
(418, 69, 'Abstract Reasoning', 'Mixed', 'adaptive', '2026-07-05 11:50:59', '2026-07-05 11:50:59', 1),
(419, 69, 'Computer Literacy', 'Mixed', 'adaptive', '2026-07-05 11:50:59', '2026-07-05 11:50:59', 1),
(420, 69, 'Life Skills', 'Mixed', 'adaptive', '2026-07-05 11:50:59', '2026-07-05 11:50:59', 1),
(421, 69, 'Mechanical Reasoning', 'Mixed', 'adaptive', '2026-07-05 11:50:59', '2026-07-05 11:50:59', 1),
(422, 69, 'Science', 'Mixed', 'adaptive', '2026-07-05 11:50:59', '2026-07-05 11:50:59', 1),
(423, 69, 'Spatial Reasoning', 'Mixed', 'adaptive', '2026-07-05 11:50:59', '2026-07-05 11:50:59', 1),
(424, 70, 'Abstract Reasoning', 'Mixed', 'adaptive', '2026-07-05 11:50:59', '2026-07-05 11:50:59', 1),
(425, 70, 'Computer Literacy', 'Mixed', 'adaptive', '2026-07-05 11:50:59', '2026-07-05 11:50:59', 1),
(426, 70, 'Life Skills', 'Mixed', 'adaptive', '2026-07-05 11:50:59', '2026-07-05 11:50:59', 1),
(427, 70, 'Mechanical Reasoning', 'Mixed', 'adaptive', '2026-07-05 11:51:00', '2026-07-05 11:51:00', 1),
(428, 70, 'Science', 'Mixed', 'adaptive', '2026-07-05 11:51:00', '2026-07-05 11:51:00', 1),
(429, 70, 'Spatial Reasoning', 'Mixed', 'adaptive', '2026-07-05 11:51:00', '2026-07-05 11:51:00', 1),
(430, 71, 'Abstract Reasoning', 'Mixed', 'adaptive', '2026-07-05 11:51:00', '2026-07-05 11:51:00', 1),
(431, 71, 'Computer Literacy', 'Mixed', 'adaptive', '2026-07-05 11:51:00', '2026-07-05 11:51:00', 1),
(432, 71, 'Life Skills', 'Mixed', 'adaptive', '2026-07-05 11:51:00', '2026-07-05 11:51:00', 1),
(433, 71, 'Mechanical Reasoning', 'Mixed', 'adaptive', '2026-07-05 11:51:00', '2026-07-05 11:51:00', 1),
(434, 71, 'Science', 'Mixed', 'adaptive', '2026-07-05 11:51:00', '2026-07-05 11:51:00', 1),
(435, 71, 'Spatial Reasoning', 'Mixed', 'adaptive', '2026-07-05 11:51:00', '2026-07-05 11:51:00', 1),
(436, 72, 'Abstract Reasoning', 'Mixed', 'adaptive', '2026-07-05 11:51:00', '2026-07-05 11:51:00', 1),
(437, 72, 'Computer Literacy', 'Mixed', 'adaptive', '2026-07-05 11:51:00', '2026-07-05 11:51:00', 1),
(438, 72, 'Life Skills', 'Mixed', 'adaptive', '2026-07-05 11:51:00', '2026-07-05 11:51:00', 1),
(439, 72, 'Mechanical Reasoning', 'Mixed', 'adaptive', '2026-07-05 11:51:00', '2026-07-05 11:51:00', 1),
(440, 72, 'Science', 'Mixed', 'adaptive', '2026-07-05 11:51:00', '2026-07-05 11:51:00', 1),
(441, 72, 'Spatial Reasoning', 'Mixed', 'adaptive', '2026-07-05 11:51:00', '2026-07-05 11:51:00', 1),
(442, 73, 'Abstract Reasoning', 'Mixed', 'adaptive', '2026-07-05 11:51:00', '2026-07-05 11:51:00', 1),
(443, 73, 'Computer Literacy', 'Mixed', 'adaptive', '2026-07-05 11:51:00', '2026-07-05 11:51:00', 1),
(444, 73, 'Life Skills', 'Mixed', 'adaptive', '2026-07-05 11:51:00', '2026-07-05 11:51:00', 1),
(445, 73, 'Mechanical Reasoning', 'Mixed', 'adaptive', '2026-07-05 11:51:00', '2026-07-05 11:51:00', 1),
(446, 73, 'Science', 'Mixed', 'adaptive', '2026-07-05 11:51:00', '2026-07-05 11:51:00', 1),
(447, 73, 'Spatial Reasoning', 'Mixed', 'adaptive', '2026-07-05 11:51:00', '2026-07-05 11:51:00', 1),
(448, 74, 'Abstract Reasoning', 'Mixed', 'adaptive', '2026-07-05 11:51:00', '2026-07-05 11:51:00', 1),
(449, 74, 'Computer Literacy', 'Mixed', 'adaptive', '2026-07-05 11:51:00', '2026-07-05 11:51:00', 1),
(450, 74, 'Life Skills', 'Mixed', 'adaptive', '2026-07-05 11:51:00', '2026-07-05 11:51:00', 1),
(451, 74, 'Mechanical Reasoning', 'Mixed', 'adaptive', '2026-07-05 11:51:00', '2026-07-05 11:51:00', 1),
(452, 74, 'Science', 'Mixed', 'adaptive', '2026-07-05 11:51:00', '2026-07-05 11:51:00', 1),
(453, 74, 'Spatial Reasoning', 'Mixed', 'adaptive', '2026-07-05 11:51:00', '2026-07-05 11:51:00', 1),
(454, 75, 'Abstract Reasoning', 'Mixed', 'adaptive', '2026-07-05 11:51:00', '2026-07-05 11:51:00', 1),
(455, 75, 'Computer Literacy', 'Mixed', 'adaptive', '2026-07-05 11:51:00', '2026-07-05 11:51:00', 1),
(456, 75, 'Life Skills', 'Mixed', 'adaptive', '2026-07-05 11:51:00', '2026-07-05 11:51:00', 1),
(457, 75, 'Mechanical Reasoning', 'Mixed', 'adaptive', '2026-07-05 11:51:00', '2026-07-05 11:51:00', 1),
(458, 75, 'Science', 'Mixed', 'adaptive', '2026-07-05 11:51:00', '2026-07-05 11:51:00', 1),
(459, 75, 'Spatial Reasoning', 'Mixed', 'adaptive', '2026-07-05 11:51:00', '2026-07-05 11:51:00', 1),
(460, 76, 'Abstract Reasoning', 'Mixed', 'adaptive', '2026-07-05 11:51:00', '2026-07-05 11:51:00', 1),
(461, 76, 'Computer Literacy', 'Mixed', 'adaptive', '2026-07-05 11:51:00', '2026-07-05 11:51:00', 1),
(462, 76, 'Life Skills', 'Mixed', 'adaptive', '2026-07-05 11:51:00', '2026-07-05 11:51:00', 1),
(463, 76, 'Mechanical Reasoning', 'Mixed', 'adaptive', '2026-07-05 11:51:00', '2026-07-05 11:51:00', 1),
(464, 76, 'Science', 'Mixed', 'adaptive', '2026-07-05 11:51:00', '2026-07-05 11:51:00', 1),
(465, 76, 'Spatial Reasoning', 'Mixed', 'adaptive', '2026-07-05 11:51:00', '2026-07-05 11:51:00', 1),
(466, 77, 'Abstract Reasoning', 'Mixed', 'adaptive', '2026-07-05 11:51:00', '2026-07-05 11:51:00', 1),
(467, 77, 'Computer Literacy', 'Mixed', 'adaptive', '2026-07-05 11:51:00', '2026-07-05 11:51:00', 1),
(468, 77, 'Life Skills', 'Mixed', 'adaptive', '2026-07-05 11:51:00', '2026-07-05 11:51:00', 1),
(469, 77, 'Mechanical Reasoning', 'Mixed', 'adaptive', '2026-07-05 11:51:00', '2026-07-05 11:51:00', 1),
(470, 77, 'Science', 'Mixed', 'adaptive', '2026-07-05 11:51:00', '2026-07-05 11:51:00', 1),
(471, 77, 'Spatial Reasoning', 'Mixed', 'adaptive', '2026-07-05 11:51:00', '2026-07-05 11:51:00', 1),
(472, 78, 'Abstract Reasoning', 'Mixed', 'adaptive', '2026-07-05 11:51:00', '2026-07-05 11:51:00', 1),
(473, 78, 'Computer Literacy', 'Mixed', 'adaptive', '2026-07-05 11:51:00', '2026-07-05 11:51:00', 1),
(474, 78, 'Life Skills', 'Mixed', 'adaptive', '2026-07-05 11:51:00', '2026-07-05 11:51:00', 1),
(475, 78, 'Mechanical Reasoning', 'Mixed', 'adaptive', '2026-07-05 11:51:00', '2026-07-05 11:51:00', 1),
(476, 78, 'Science', 'Mixed', 'adaptive', '2026-07-05 11:51:00', '2026-07-05 11:51:00', 1),
(477, 78, 'Spatial Reasoning', 'Mixed', 'adaptive', '2026-07-05 11:51:00', '2026-07-05 11:51:00', 1),
(478, 79, 'Abstract Reasoning', 'Mixed', 'adaptive', '2026-07-05 11:51:00', '2026-07-05 11:51:00', 1),
(479, 79, 'Computer Literacy', 'Mixed', 'adaptive', '2026-07-05 11:51:00', '2026-07-05 11:51:00', 1),
(480, 79, 'Life Skills', 'Mixed', 'adaptive', '2026-07-05 11:51:00', '2026-07-05 11:51:00', 1),
(481, 79, 'Mechanical Reasoning', 'Mixed', 'adaptive', '2026-07-05 11:51:00', '2026-07-05 11:51:00', 1),
(482, 79, 'Science', 'Mixed', 'adaptive', '2026-07-05 11:51:00', '2026-07-05 11:51:00', 1),
(483, 79, 'Spatial Reasoning', 'Mixed', 'adaptive', '2026-07-05 11:51:00', '2026-07-05 11:51:00', 1),
(484, 80, 'Abstract Reasoning', 'Mixed', 'adaptive', '2026-07-05 11:51:00', '2026-07-05 11:51:00', 1),
(485, 80, 'Computer Literacy', 'Mixed', 'adaptive', '2026-07-05 11:51:00', '2026-07-05 11:51:00', 1),
(486, 80, 'Life Skills', 'Mixed', 'adaptive', '2026-07-05 11:51:00', '2026-07-05 11:51:00', 1),
(487, 80, 'Mechanical Reasoning', 'Mixed', 'adaptive', '2026-07-05 11:51:00', '2026-07-05 11:51:00', 1),
(488, 80, 'Science', 'Mixed', 'adaptive', '2026-07-05 11:51:00', '2026-07-05 11:51:00', 1),
(489, 80, 'Spatial Reasoning', 'Mixed', 'adaptive', '2026-07-05 11:51:00', '2026-07-05 11:51:00', 1),
(490, 81, 'Abstract Reasoning', 'Mixed', 'adaptive', '2026-07-05 11:51:00', '2026-07-05 11:51:00', 1),
(491, 81, 'Computer Literacy', 'Mixed', 'adaptive', '2026-07-05 11:51:00', '2026-07-05 11:51:00', 1),
(492, 81, 'Life Skills', 'Mixed', 'adaptive', '2026-07-05 11:51:00', '2026-07-05 11:51:00', 1),
(493, 81, 'Mechanical Reasoning', 'Mixed', 'adaptive', '2026-07-05 11:51:00', '2026-07-05 11:51:00', 1),
(494, 81, 'Science', 'Mixed', 'adaptive', '2026-07-05 11:51:00', '2026-07-05 11:51:00', 1),
(495, 81, 'Spatial Reasoning', 'Mixed', 'adaptive', '2026-07-05 11:51:00', '2026-07-05 11:51:00', 1),
(496, 82, 'Abstract Reasoning', 'Mixed', 'adaptive', '2026-07-05 11:51:00', '2026-07-05 11:51:00', 1),
(497, 82, 'Computer Literacy', 'Mixed', 'adaptive', '2026-07-05 11:51:00', '2026-07-05 11:51:00', 1),
(498, 82, 'Life Skills', 'Mixed', 'adaptive', '2026-07-05 11:51:00', '2026-07-05 11:51:00', 1),
(499, 82, 'Mechanical Reasoning', 'Mixed', 'adaptive', '2026-07-05 11:51:00', '2026-07-05 11:51:00', 1),
(500, 82, 'Science', 'Mixed', 'adaptive', '2026-07-05 11:51:00', '2026-07-05 11:51:00', 1),
(501, 82, 'Spatial Reasoning', 'Mixed', 'adaptive', '2026-07-05 11:51:00', '2026-07-05 11:51:00', 1),
(502, 83, 'Abstract Reasoning', 'Mixed', 'adaptive', '2026-07-05 11:51:00', '2026-07-05 11:51:00', 1),
(503, 83, 'Computer Literacy', 'Mixed', 'adaptive', '2026-07-05 11:51:00', '2026-07-05 11:51:00', 1),
(504, 83, 'Life Skills', 'Mixed', 'adaptive', '2026-07-05 11:51:00', '2026-07-05 11:51:00', 1),
(505, 83, 'Mechanical Reasoning', 'Mixed', 'adaptive', '2026-07-05 11:51:00', '2026-07-05 11:51:00', 1),
(506, 83, 'Science', 'Mixed', 'adaptive', '2026-07-05 11:51:00', '2026-07-05 11:51:00', 1),
(507, 83, 'Spatial Reasoning', 'Mixed', 'adaptive', '2026-07-05 11:51:00', '2026-07-05 11:51:00', 1),
(508, 84, 'Abstract Reasoning', 'Mixed', 'adaptive', '2026-07-05 11:51:00', '2026-07-05 11:51:00', 1),
(509, 84, 'Computer Literacy', 'Mixed', 'adaptive', '2026-07-05 11:51:00', '2026-07-05 11:51:00', 1),
(510, 84, 'Life Skills', 'Mixed', 'adaptive', '2026-07-05 11:51:00', '2026-07-05 11:51:00', 1),
(511, 84, 'Mechanical Reasoning', 'Mixed', 'adaptive', '2026-07-05 11:51:00', '2026-07-05 11:51:00', 1),
(512, 84, 'Science', 'Mixed', 'adaptive', '2026-07-05 11:51:00', '2026-07-05 11:51:00', 1);
INSERT INTO `tests` (`id`, `user_id`, `category`, `topic`, `test_type`, `start_time`, `end_time`, `completed`) VALUES
(513, 84, 'Spatial Reasoning', 'Mixed', 'adaptive', '2026-07-05 11:51:00', '2026-07-05 11:51:00', 1),
(514, 85, 'Abstract Reasoning', 'Mixed', 'adaptive', '2026-07-05 11:51:00', '2026-07-05 11:51:00', 1),
(515, 85, 'Computer Literacy', 'Mixed', 'adaptive', '2026-07-05 11:51:00', '2026-07-05 11:51:00', 1),
(516, 85, 'Life Skills', 'Mixed', 'adaptive', '2026-07-05 11:51:00', '2026-07-05 11:51:00', 1),
(517, 85, 'Mechanical Reasoning', 'Mixed', 'adaptive', '2026-07-05 11:51:00', '2026-07-05 11:51:00', 1),
(518, 85, 'Science', 'Mixed', 'adaptive', '2026-07-05 11:51:00', '2026-07-05 11:51:00', 1),
(519, 85, 'Spatial Reasoning', 'Mixed', 'adaptive', '2026-07-05 11:51:00', '2026-07-05 11:51:00', 1),
(520, 86, 'Abstract Reasoning', 'Mixed', 'adaptive', '2026-07-05 11:51:00', '2026-07-05 11:51:00', 1),
(521, 86, 'Computer Literacy', 'Mixed', 'adaptive', '2026-07-05 11:51:00', '2026-07-05 11:51:00', 1),
(522, 86, 'Life Skills', 'Mixed', 'adaptive', '2026-07-05 11:51:00', '2026-07-05 11:51:00', 1),
(523, 86, 'Mechanical Reasoning', 'Mixed', 'adaptive', '2026-07-05 11:51:00', '2026-07-05 11:51:00', 1),
(524, 86, 'Science', 'Mixed', 'adaptive', '2026-07-05 11:51:00', '2026-07-05 11:51:00', 1),
(525, 86, 'Spatial Reasoning', 'Mixed', 'adaptive', '2026-07-05 11:51:00', '2026-07-05 11:51:00', 1),
(526, 87, 'Abstract Reasoning', 'Mixed', 'adaptive', '2026-07-05 11:51:00', '2026-07-05 11:51:00', 1),
(527, 87, 'Computer Literacy', 'Mixed', 'adaptive', '2026-07-05 11:51:00', '2026-07-05 11:51:00', 1),
(528, 87, 'Life Skills', 'Mixed', 'adaptive', '2026-07-05 11:51:00', '2026-07-05 11:51:00', 1),
(529, 87, 'Mechanical Reasoning', 'Mixed', 'adaptive', '2026-07-05 11:51:00', '2026-07-05 11:51:00', 1),
(530, 87, 'Science', 'Mixed', 'adaptive', '2026-07-05 11:51:00', '2026-07-05 11:51:00', 1),
(531, 87, 'Spatial Reasoning', 'Mixed', 'adaptive', '2026-07-05 11:51:00', '2026-07-05 11:51:00', 1),
(532, 88, 'Abstract Reasoning', 'Mixed', 'adaptive', '2026-07-05 11:51:00', '2026-07-05 11:51:00', 1),
(533, 88, 'Computer Literacy', 'Mixed', 'adaptive', '2026-07-05 11:51:00', '2026-07-05 11:51:00', 1),
(534, 88, 'Life Skills', 'Mixed', 'adaptive', '2026-07-05 11:51:00', '2026-07-05 11:51:00', 1),
(535, 88, 'Mechanical Reasoning', 'Mixed', 'adaptive', '2026-07-05 11:51:00', '2026-07-05 11:51:00', 1),
(536, 88, 'Science', 'Mixed', 'adaptive', '2026-07-05 11:51:00', '2026-07-05 11:51:00', 1),
(537, 88, 'Spatial Reasoning', 'Mixed', 'adaptive', '2026-07-05 11:51:00', '2026-07-05 11:51:00', 1),
(538, 89, 'Abstract Reasoning', 'Mixed', 'adaptive', '2026-07-05 11:51:00', '2026-07-05 11:51:00', 1),
(539, 89, 'Computer Literacy', 'Mixed', 'adaptive', '2026-07-05 11:51:00', '2026-07-05 11:51:00', 1),
(540, 89, 'Life Skills', 'Mixed', 'adaptive', '2026-07-05 11:51:00', '2026-07-05 11:51:00', 1),
(541, 89, 'Mechanical Reasoning', 'Mixed', 'adaptive', '2026-07-05 11:51:00', '2026-07-05 11:51:00', 1),
(542, 89, 'Science', 'Mixed', 'adaptive', '2026-07-05 11:51:00', '2026-07-05 11:51:00', 1),
(543, 89, 'Spatial Reasoning', 'Mixed', 'adaptive', '2026-07-05 11:51:00', '2026-07-05 11:51:00', 1),
(544, 90, 'Abstract Reasoning', 'Mixed', 'adaptive', '2026-07-05 11:51:00', '2026-07-05 11:51:00', 1),
(545, 90, 'Computer Literacy', 'Mixed', 'adaptive', '2026-07-05 11:51:00', '2026-07-05 11:51:00', 1),
(546, 90, 'Life Skills', 'Mixed', 'adaptive', '2026-07-05 11:51:01', '2026-07-05 11:51:01', 1),
(547, 90, 'Mechanical Reasoning', 'Mixed', 'adaptive', '2026-07-05 11:51:01', '2026-07-05 11:51:01', 1),
(548, 90, 'Science', 'Mixed', 'adaptive', '2026-07-05 11:51:01', '2026-07-05 11:51:01', 1),
(549, 90, 'Spatial Reasoning', 'Mixed', 'adaptive', '2026-07-05 11:51:01', '2026-07-05 11:51:01', 1),
(550, 91, 'Abstract Reasoning', 'Mixed', 'adaptive', '2026-07-05 11:51:01', '2026-07-05 11:51:01', 1),
(551, 91, 'Computer Literacy', 'Mixed', 'adaptive', '2026-07-05 11:51:01', '2026-07-05 11:51:01', 1),
(552, 91, 'Life Skills', 'Mixed', 'adaptive', '2026-07-05 11:51:01', '2026-07-05 11:51:01', 1),
(553, 91, 'Mechanical Reasoning', 'Mixed', 'adaptive', '2026-07-05 11:51:01', '2026-07-05 11:51:01', 1),
(554, 91, 'Science', 'Mixed', 'adaptive', '2026-07-05 11:51:01', '2026-07-05 11:51:01', 1),
(555, 91, 'Spatial Reasoning', 'Mixed', 'adaptive', '2026-07-05 11:51:01', '2026-07-05 11:51:01', 1),
(556, 92, 'Abstract Reasoning', 'Mixed', 'adaptive', '2026-07-05 11:51:01', '2026-07-05 11:51:01', 1),
(557, 92, 'Computer Literacy', 'Mixed', 'adaptive', '2026-07-05 11:51:01', '2026-07-05 11:51:01', 1),
(558, 92, 'Life Skills', 'Mixed', 'adaptive', '2026-07-05 11:51:01', '2026-07-05 11:51:01', 1),
(559, 92, 'Mechanical Reasoning', 'Mixed', 'adaptive', '2026-07-05 11:51:01', '2026-07-05 11:51:01', 1),
(560, 92, 'Science', 'Mixed', 'adaptive', '2026-07-05 11:51:01', '2026-07-05 11:51:01', 1),
(561, 92, 'Spatial Reasoning', 'Mixed', 'adaptive', '2026-07-05 11:51:01', '2026-07-05 11:51:01', 1),
(562, 93, 'Abstract Reasoning', 'Mixed', 'adaptive', '2026-07-05 11:51:01', '2026-07-05 11:51:01', 1),
(563, 93, 'Computer Literacy', 'Mixed', 'adaptive', '2026-07-05 11:51:01', '2026-07-05 11:51:01', 1),
(564, 93, 'Life Skills', 'Mixed', 'adaptive', '2026-07-05 11:51:01', '2026-07-05 11:51:01', 1),
(565, 93, 'Mechanical Reasoning', 'Mixed', 'adaptive', '2026-07-05 11:51:01', '2026-07-05 11:51:01', 1),
(566, 93, 'Science', 'Mixed', 'adaptive', '2026-07-05 11:51:01', '2026-07-05 11:51:01', 1),
(567, 93, 'Spatial Reasoning', 'Mixed', 'adaptive', '2026-07-05 11:51:01', '2026-07-05 11:51:01', 1),
(568, 94, 'Abstract Reasoning', 'Mixed', 'adaptive', '2026-07-05 11:51:01', '2026-07-05 11:51:01', 1),
(569, 94, 'Computer Literacy', 'Mixed', 'adaptive', '2026-07-05 11:51:01', '2026-07-05 11:51:01', 1),
(570, 94, 'Life Skills', 'Mixed', 'adaptive', '2026-07-05 11:51:01', '2026-07-05 11:51:01', 1),
(571, 94, 'Mechanical Reasoning', 'Mixed', 'adaptive', '2026-07-05 11:51:01', '2026-07-05 11:51:01', 1),
(572, 94, 'Science', 'Mixed', 'adaptive', '2026-07-05 11:51:01', '2026-07-05 11:51:01', 1),
(573, 94, 'Spatial Reasoning', 'Mixed', 'adaptive', '2026-07-05 11:51:01', '2026-07-05 11:51:01', 1),
(574, 95, 'Abstract Reasoning', 'Mixed', 'adaptive', '2026-07-05 11:51:01', '2026-07-05 11:51:01', 1),
(575, 95, 'Computer Literacy', 'Mixed', 'adaptive', '2026-07-05 11:51:01', '2026-07-05 11:51:01', 1),
(576, 95, 'Life Skills', 'Mixed', 'adaptive', '2026-07-05 11:51:01', '2026-07-05 11:51:01', 1),
(577, 95, 'Mechanical Reasoning', 'Mixed', 'adaptive', '2026-07-05 11:51:01', '2026-07-05 11:51:01', 1),
(578, 95, 'Science', 'Mixed', 'adaptive', '2026-07-05 11:51:01', '2026-07-05 11:51:01', 1),
(579, 95, 'Spatial Reasoning', 'Mixed', 'adaptive', '2026-07-05 11:51:01', '2026-07-05 11:51:01', 1),
(580, 96, 'Abstract Reasoning', 'Mixed', 'adaptive', '2026-07-05 11:51:01', '2026-07-05 11:51:01', 1),
(581, 96, 'Computer Literacy', 'Mixed', 'adaptive', '2026-07-05 11:51:01', '2026-07-05 11:51:01', 1),
(582, 96, 'Life Skills', 'Mixed', 'adaptive', '2026-07-05 11:51:01', '2026-07-05 11:51:01', 1),
(583, 96, 'Mechanical Reasoning', 'Mixed', 'adaptive', '2026-07-05 11:51:01', '2026-07-05 11:51:01', 1),
(584, 96, 'Science', 'Mixed', 'adaptive', '2026-07-05 11:51:01', '2026-07-05 11:51:01', 1),
(585, 96, 'Spatial Reasoning', 'Mixed', 'adaptive', '2026-07-05 11:51:01', '2026-07-05 11:51:01', 1),
(586, 97, 'Abstract Reasoning', 'Mixed', 'adaptive', '2026-07-05 11:51:01', '2026-07-05 11:51:01', 1),
(587, 97, 'Computer Literacy', 'Mixed', 'adaptive', '2026-07-05 11:51:01', '2026-07-05 11:51:01', 1),
(588, 97, 'Life Skills', 'Mixed', 'adaptive', '2026-07-05 11:51:01', '2026-07-05 11:51:01', 1),
(589, 97, 'Mechanical Reasoning', 'Mixed', 'adaptive', '2026-07-05 11:51:01', '2026-07-05 11:51:01', 1),
(590, 97, 'Science', 'Mixed', 'adaptive', '2026-07-05 11:51:01', '2026-07-05 11:51:01', 1),
(591, 97, 'Spatial Reasoning', 'Mixed', 'adaptive', '2026-07-05 11:51:01', '2026-07-05 11:51:01', 1),
(592, 98, 'Abstract Reasoning', 'Mixed', 'adaptive', '2026-07-05 11:51:01', '2026-07-05 11:51:01', 1),
(593, 98, 'Computer Literacy', 'Mixed', 'adaptive', '2026-07-05 11:51:01', '2026-07-05 11:51:01', 1),
(594, 98, 'Life Skills', 'Mixed', 'adaptive', '2026-07-05 11:51:01', '2026-07-05 11:51:01', 1),
(595, 98, 'Mechanical Reasoning', 'Mixed', 'adaptive', '2026-07-05 11:51:01', '2026-07-05 11:51:01', 1),
(596, 98, 'Science', 'Mixed', 'adaptive', '2026-07-05 11:51:01', '2026-07-05 11:51:01', 1),
(597, 98, 'Spatial Reasoning', 'Mixed', 'adaptive', '2026-07-05 11:51:01', '2026-07-05 11:51:01', 1),
(598, 1, 'Computer Literacy', '', 'adaptive', '2026-07-05 13:46:37', NULL, 0),
(599, 1, 'Computer Literacy', '', 'adaptive', '2026-07-05 13:46:54', NULL, 0),
(600, 1, 'Computer Literacy', '', 'adaptive', '2026-07-05 13:47:00', NULL, 0),
(601, 1, 'Computer Literacy', '', 'adaptive', '2026-07-05 13:52:42', NULL, 0),
(602, 2, 'Science', '', 'adaptive', '2026-07-05 16:21:48', NULL, 0),
(603, 2, 'Spatial Reasoning', '', 'adaptive', '2026-07-05 16:24:51', NULL, 0),
(604, 5, '', '', 'quick', '2026-07-05 16:45:47', NULL, 0);

-- --------------------------------------------------------

--
-- Table structure for table `users`
--

CREATE TABLE `users` (
  `id` int(11) NOT NULL,
  `first_name` varchar(100) NOT NULL,
  `last_name` varchar(100) NOT NULL,
  `student_id` varchar(50) NOT NULL,
  `school` varchar(200) DEFAULT NULL,
  `region` varchar(100) DEFAULT NULL,
  `pobox` varchar(50) DEFAULT NULL,
  `year` varchar(10) DEFAULT NULL,
  `email` varchar(100) NOT NULL,
  `password` varchar(255) NOT NULL,
  `role` enum('admin','user') DEFAULT 'user',
  `last_login` datetime DEFAULT NULL,
  `created_at` timestamp NOT NULL DEFAULT current_timestamp()
) ENGINE=InnoDB DEFAULT CHARSET=utf8mb4 COLLATE=utf8mb4_general_ci;

--
-- Dumping data for table `users`
--

INSERT INTO `users` (`id`, `first_name`, `last_name`, `student_id`, `school`, `region`, `pobox`, `year`, `email`, `password`, `role`, `last_login`, `created_at`) VALUES
(1, 'lungelo', 'Dlamini', '101010', 'Velebantfu High School', 'Shiselweni', 'P.O.Box310', 'Form 5', 'lungelo@velebantfu.com', '12345678', 'user', '2026-07-05 13:45:15', '2026-03-25 11:51:44'),
(2, 'Lungelo', 'Dlamini', '202203681', 'Jerusalem High School', 'Shiselweni', 'P.O.Box', '2025', 'lungeloD@example.com', 'Lungelo2025', 'user', '2026-07-06 13:55:37', '2026-03-25 12:03:21'),
(3, 'Thandeka', 'Dlamini', 'SNHS-2024-001', 'Swazi National High School', 'Hhohho', 'P.O. Box 123, Mbabane', 'Form 4', 'thandeka.dlamini@snsh.sz', 'Student123', 'user', '2026-07-05 12:00:38', '2026-07-04 13:22:20'),
(4, 'Sibusiso', 'Mamba', 'SNHS-2024-002', 'Swazi National High School', 'Hhohho', 'P.O. Box 456, Mbabane', 'Form 4', 'sibusiso.mamba@snsh.sz', 'Student123', 'user', NULL, '2026-07-04 13:22:20'),
(5, 'Nompumelelo', 'Sibandze', 'SNHS-2024-003', 'Swazi National High School', 'Hhohho', 'P.O. Box 789, Mbabane', 'Form 4', 'nompumelelo.sibandze@snsh.sz', 'Student123', 'user', '2026-07-05 16:44:31', '2026-07-04 13:22:20'),
(6, 'Muzi', 'Nkosi', 'SNHS-2024-004', 'Swazi National High School', 'Hhohho', 'P.O. Box 321, Mbabane', 'Form 4', 'muzi.nkosi@snsh.sz', 'Student123', 'user', NULL, '2026-07-04 13:22:20'),
(7, 'Zanele', 'Gamedze', 'SNHS-2024-005', 'Swazi National High School', 'Hhohho', 'P.O. Box 654, Mbabane', 'Form 4', 'zanele.gamedze@snsh.sz', 'Student123', 'user', '2026-07-04 16:00:20', '2026-07-04 13:22:20'),
(8, 'Sandile', 'Hlophe', 'SNHS-2024-006', 'Swazi National High School', 'Hhohho', 'P.O. Box 987, Mbabane', 'Form 4', 'sandile.hlophe@snsh.sz', 'Student123', 'user', NULL, '2026-07-04 13:22:20'),
(9, 'Siphokazi', 'Simelane', 'SNHS-2024-007', 'Swazi National High School', 'Hhohho', 'P.O. Box 147, Mbabane', 'Form 4', 'siphokazi.simelane@snsh.sz', 'Student123', 'user', NULL, '2026-07-04 13:22:20'),
(10, 'Nhlanhla', 'Mkhonta', 'SNHS-2024-008', 'Swazi National High School', 'Hhohho', 'P.O. Box 258, Mbabane', 'Form 4', 'nhlanhla.mkhonta@snsh.sz', 'Student123', 'user', NULL, '2026-07-04 13:22:20'),
(11, 'Lindiwe', 'Shongwe', 'SNHS-2024-009', 'Swazi National High School', 'Hhohho', 'P.O. Box 369, Mbabane', 'Form 4', 'lindiwe.shongwe@snsh.sz', 'Student123', 'user', NULL, '2026-07-04 13:22:20'),
(12, 'Bongani', 'Mdluli', 'SNHS-2024-010', 'Swazi National High School', 'Hhohho', 'P.O. Box 741, Mbabane', 'Form 4', 'bongani.mdluli@snsh.sz', 'Student123', 'user', NULL, '2026-07-04 13:22:20'),
(13, 'Ayanda', 'Kunene', 'SNHS-2024-011', 'Swazi National High School', 'Hhohho', 'P.O. Box 852, Mbabane', 'Form 4', 'ayanda.kunene@snsh.sz', 'Student123', 'user', NULL, '2026-07-04 13:22:20'),
(14, 'Nokwazi', 'Magagula', 'SNHS-2024-012', 'Swazi National High School', 'Hhohho', 'P.O. Box 963, Mbabane', 'Form 4', 'nokwazi.magagula@snsh.sz', 'Student123', 'user', NULL, '2026-07-04 13:22:20'),
(15, 'Mpilo', 'Tsabedze', 'SNHS-2024-013', 'Swazi National High School', 'Hhohho', 'P.O. Box 159, Mbabane', 'Form 4', 'mpilo.tsabedze@snsh.sz', 'Student123', 'user', NULL, '2026-07-04 13:22:20'),
(16, 'Ntombi', 'Zwane', 'SNHS-2024-014', 'Swazi National High School', 'Hhohho', 'P.O. Box 267, Mbabane', 'Form 4', 'ntombi.zwane@snsh.sz', 'Student123', 'user', NULL, '2026-07-04 13:22:20'),
(17, 'Mxolisi', 'Ndlovu', 'SNHS-2024-015', 'Swazi National High School', 'Hhohho', 'P.O. Box 378, Mbabane', 'Form 4', 'mxolisi.ndlovu@snsh.sz', 'Student123', 'user', NULL, '2026-07-04 13:22:20'),
(18, 'Busisiwe', 'Mamba', 'SNHS-2024-016', 'Swazi National High School', 'Hhohho', 'P.O. Box 489, Mbabane', 'Form 5', 'busisiwe.mamba@snsh.sz', 'Student123', 'user', NULL, '2026-07-04 13:22:20'),
(19, 'Sanele', 'Dlamini', 'SNHS-2024-017', 'Swazi National High School', 'Hhohho', 'P.O. Box 591, Mbabane', 'Form 5', 'sanele.dlamini@snsh.sz', 'Student123', 'user', NULL, '2026-07-04 13:22:20'),
(20, 'Nobuhle', 'Sibandze', 'SNHS-2024-018', 'Swazi National High School', 'Hhohho', 'P.O. Box 602, Mbabane', 'Form 5', 'nobuhle.sibandze@snsh.sz', 'Student123', 'user', NULL, '2026-07-04 13:22:20'),
(21, 'Sipho', 'Nkosi', 'SNHS-2024-019', 'Swazi National High School', 'Hhohho', 'P.O. Box 713, Mbabane', 'Form 5', 'sipho.nkosi@snsh.sz', 'Student123', 'user', NULL, '2026-07-04 13:22:20'),
(22, 'Thuli', 'Gamedze', 'SNHS-2024-020', 'Swazi National High School', 'Hhohho', 'P.O. Box 824, Mbabane', 'Form 5', 'thuli.gamedze@snsh.sz', 'Student123', 'user', NULL, '2026-07-04 13:22:20'),
(23, 'Vusi', 'Hlophe', 'SNHS-2024-021', 'Swazi National High School', 'Hhohho', 'P.O. Box 935, Mbabane', 'Form 5', 'vusi.hlophe@snsh.sz', 'Student123', 'user', NULL, '2026-07-04 13:22:20'),
(24, 'Nonhlanhla', 'Simelane', 'SNHS-2024-022', 'Swazi National High School', 'Hhohho', 'P.O. Box 146, Mbabane', 'Form 5', 'nonhlanhla.simelane@snsh.sz', 'Student123', 'user', '2026-07-05 13:36:43', '2026-07-04 13:22:20'),
(25, 'Mondli', 'Mkhonta', 'SNHS-2024-023', 'Swazi National High School', 'Hhohho', 'P.O. Box 257, Mbabane', 'Form 5', 'mondli.mkhonta@snsh.sz', 'Student123', 'user', NULL, '2026-07-04 13:22:20'),
(26, 'Phumzile', 'Shongwe', 'SNHS-2024-024', 'Swazi National High School', 'Hhohho', 'P.O. Box 368, Mbabane', 'Form 5', 'phumzile.shongwe@snsh.sz', 'Student123', 'user', NULL, '2026-07-04 13:22:20'),
(27, 'Themba', 'Mdluli', 'SNHS-2024-025', 'Swazi National High School', 'Hhohho', 'P.O. Box 479, Mbabane', 'Form 5', 'themba.mdluli@snsh.sz', 'Student123', 'user', NULL, '2026-07-04 13:22:20'),
(28, 'Zama', 'Kunene', 'SNHS-2024-026', 'Swazi National High School', 'Hhohho', 'P.O. Box 580, Mbabane', 'Form 5', 'zama.kunene@snsh.sz', 'Student123', 'user', NULL, '2026-07-04 13:22:20'),
(29, 'Sihle', 'Magagula', 'SNHS-2024-027', 'Swazi National High School', 'Hhohho', 'P.O. Box 691, Mbabane', 'Form 5', 'sihle.magagula@snsh.sz', 'Student123', 'user', NULL, '2026-07-04 13:22:20'),
(30, 'Lungile', 'Tsabedze', 'SNHS-2024-028', 'Swazi National High School', 'Hhohho', 'P.O. Box 702, Mbabane', 'Form 5', 'lungile.tsabedze@snsh.sz', 'Student123', 'user', NULL, '2026-07-04 13:22:20'),
(31, 'Nkosinathi', 'Zwane', 'SNHS-2024-029', 'Swazi National High School', 'Hhohho', 'P.O. Box 813, Mbabane', 'Form 5', 'nkosinathi.zwane@snsh.sz', 'Student123', 'user', NULL, '2026-07-04 13:22:20'),
(32, 'Nondumiso', 'Ndlovu', 'SNHS-2024-030', 'Swazi National High School', 'Hhohho', 'P.O. Box 924, Mbabane', 'Form 5', 'nondumiso.ndlovu@snsh.sz', 'Student123', 'user', NULL, '2026-07-04 13:22:20'),
(33, 'Makhosi', 'Mamba', 'VHS-2024-001', 'Velebantfu High School', 'Shiselweni', 'P.O. Box 111, Hlatikulu', 'Form 4', 'makhosi.mamba@vhs.sz', 'Student123', 'user', NULL, '2026-07-04 13:22:20'),
(34, 'Buhle', 'Dlamini', 'VHS-2024-002', 'Velebantfu High School', 'Shiselweni', 'P.O. Box 222, Hlatikulu', 'Form 4', 'buhle.dlamini@vhs.sz', 'Student123', 'user', NULL, '2026-07-04 13:22:20'),
(35, 'Sifiso', 'Sibandze', 'VHS-2024-003', 'Velebantfu High School', 'Shiselweni', 'P.O. Box 333, Hlatikulu', 'Form 4', 'sifiso.sibandze@vhs.sz', 'Student123', 'user', NULL, '2026-07-04 13:22:20'),
(36, 'Nokuthula', 'Nkosi', 'VHS-2024-004', 'Velebantfu High School', 'Shiselweni', 'P.O. Box 444, Hlatikulu', 'Form 4', 'nokuthula.nkosi@vhs.sz', 'Student123', 'user', NULL, '2026-07-04 13:22:20'),
(37, 'Zodwa', 'Gamedze', 'VHS-2024-005', 'Velebantfu High School', 'Shiselweni', 'P.O. Box 555, Hlatikulu', 'Form 4', 'zodwa.gamedze@vhs.sz', 'Student123', 'user', NULL, '2026-07-04 13:22:20'),
(38, 'Lwandile', 'Hlophe', 'VHS-2024-006', 'Velebantfu High School', 'Shiselweni', 'P.O. Box 666, Hlatikulu', 'Form 4', 'lwandile.hlophe@vhs.sz', 'Student123', 'user', NULL, '2026-07-04 13:22:20'),
(39, 'Sibongile', 'Simelane', 'VHS-2024-007', 'Velebantfu High School', 'Shiselweni', 'P.O. Box 777, Hlatikulu', 'Form 4', 'sibongile.simelane@vhs.sz', 'Student123', 'user', NULL, '2026-07-04 13:22:20'),
(40, 'Nathi', 'Mkhonta', 'VHS-2024-008', 'Velebantfu High School', 'Shiselweni', 'P.O. Box 888, Hlatikulu', 'Form 4', 'nathi.mkhonta@vhs.sz', 'Student123', 'user', NULL, '2026-07-04 13:22:20'),
(41, 'Gugu', 'Shongwe', 'VHS-2024-009', 'Velebantfu High School', 'Shiselweni', 'P.O. Box 999, Hlatikulu', 'Form 4', 'gugu.shongwe@vhs.sz', 'Student123', 'user', NULL, '2026-07-04 13:22:20'),
(42, 'Xolani', 'Mdluli', 'VHS-2024-010', 'Velebantfu High School', 'Shiselweni', 'P.O. Box 101, Hlatikulu', 'Form 4', 'xolani.mdluli@vhs.sz', 'Student123', 'user', NULL, '2026-07-04 13:22:20'),
(43, 'Nonkosi', 'Kunene', 'VHS-2024-011', 'Velebantfu High School', 'Shiselweni', 'P.O. Box 202, Hlatikulu', 'Form 4', 'nonkosi.kunene@vhs.sz', 'Student123', 'user', NULL, '2026-07-04 13:22:20'),
(44, 'Sabelo', 'Magagula', 'VHS-2024-012', 'Velebantfu High School', 'Shiselweni', 'P.O. Box 303, Hlatikulu', 'Form 4', 'sabelo.magagula@vhs.sz', 'Student123', 'user', NULL, '2026-07-04 13:22:20'),
(45, 'Nosipho', 'Tsabedze', 'VHS-2024-013', 'Velebantfu High School', 'Shiselweni', 'P.O. Box 404, Hlatikulu', 'Form 4', 'nosipho.tsabedze@vhs.sz', 'Student123', 'user', NULL, '2026-07-04 13:22:20'),
(46, 'Mthunzi', 'Zwane', 'VHS-2024-014', 'Velebantfu High School', 'Shiselweni', 'P.O. Box 505, Hlatikulu', 'Form 4', 'mthunzi.zwane@vhs.sz', 'Student123', 'user', NULL, '2026-07-04 13:22:20'),
(47, 'Nompilo', 'Ndlovu', 'VHS-2024-015', 'Velebantfu High School', 'Shiselweni', 'P.O. Box 606, Hlatikulu', 'Form 4', 'nompilo.ndlovu@vhs.sz', 'Student123', 'user', NULL, '2026-07-04 13:22:20'),
(48, 'Bonginkosi', 'Mamba', 'VHS-2024-016', 'Velebantfu High School', 'Shiselweni', 'P.O. Box 707, Hlatikulu', 'Form 5', 'bonginkosi.mamba@vhs.sz', 'Student123', 'user', NULL, '2026-07-04 13:22:20'),
(49, 'Nobuhle', 'Dlamini', 'VHS-2024-017', 'Velebantfu High School', 'Shiselweni', 'P.O. Box 808, Hlatikulu', 'Form 5', 'nobuhle.dlamini@vhs.sz', 'Student123', 'user', NULL, '2026-07-04 13:22:20'),
(50, 'Sizwe', 'Sibandze', 'VHS-2024-018', 'Velebantfu High School', 'Shiselweni', 'P.O. Box 909, Hlatikulu', 'Form 5', 'sizwe.sibandze@vhs.sz', 'Student123', 'user', NULL, '2026-07-04 13:22:20'),
(51, 'Ntombikayise', 'Nkosi', 'VHS-2024-019', 'Velebantfu High School', 'Shiselweni', 'P.O. Box 112, Hlatikulu', 'Form 5', 'ntombikayise.nkosi@vhs.sz', 'Student123', 'user', NULL, '2026-07-04 13:22:20'),
(52, 'Zanele', 'Gamedze', 'VHS-2024-020', 'Velebantfu High School', 'Shiselweni', 'P.O. Box 223, Hlatikulu', 'Form 5', 'zanele.gamedze@vhs.sz', 'Student123', 'user', NULL, '2026-07-04 13:22:20'),
(53, 'Sibusiso', 'Hlophe', 'VHS-2024-021', 'Velebantfu High School', 'Shiselweni', 'P.O. Box 334, Hlatikulu', 'Form 5', 'sibusiso.hlophe@vhs.sz', 'Student123', 'user', NULL, '2026-07-04 13:22:20'),
(54, 'Slindile', 'Simelane', 'VHS-2024-022', 'Velebantfu High School', 'Shiselweni', 'P.O. Box 445, Hlatikulu', 'Form 5', 'slindile.simelane@vhs.sz', 'Student123', 'user', NULL, '2026-07-04 13:22:20'),
(55, 'Mxolisi', 'Mkhonta', 'VHS-2024-023', 'Velebantfu High School', 'Shiselweni', 'P.O. Box 556, Hlatikulu', 'Form 5', 'mxolisi.mkhonta@vhs.sz', 'Student123', 'user', NULL, '2026-07-04 13:22:20'),
(56, 'Nondumiso', 'Shongwe', 'VHS-2024-024', 'Velebantfu High School', 'Shiselweni', 'P.O. Box 667, Hlatikulu', 'Form 5', 'nondumiso.shongwe@vhs.sz', 'Student123', 'user', NULL, '2026-07-04 13:22:20'),
(57, 'Mzwandile', 'Mdluli', 'VHS-2024-025', 'Velebantfu High School', 'Shiselweni', 'P.O. Box 778, Hlatikulu', 'Form 5', 'mzwandile.mdluli@vhs.sz', 'Student123', 'user', NULL, '2026-07-04 13:22:20'),
(58, 'Nobuhle', 'Kunene', 'VHS-2024-026', 'Velebantfu High School', 'Shiselweni', 'P.O. Box 889, Hlatikulu', 'Form 5', 'nobuhle.kunene@vhs.sz', 'Student123', 'user', NULL, '2026-07-04 13:22:20'),
(59, 'Sandile', 'Magagula', 'VHS-2024-027', 'Velebantfu High School', 'Shiselweni', 'P.O. Box 990, Hlatikulu', 'Form 5', 'sandile.magagula@vhs.sz', 'Student123', 'user', NULL, '2026-07-04 13:22:20'),
(60, 'Lindiwe', 'Tsabedze', 'VHS-2024-028', 'Velebantfu High School', 'Shiselweni', 'P.O. Box 1010, Hlatikulu', 'Form 5', 'lindiwe.tsabedze@vhs.sz', 'Student123', 'user', NULL, '2026-07-04 13:22:20'),
(61, 'Mduduzi', 'Zwane', 'VHS-2024-029', 'Velebantfu High School', 'Shiselweni', 'P.O. Box 2020, Hlatikulu', 'Form 5', 'mduduzi.zwane@vhs.sz', 'Student123', 'user', NULL, '2026-07-04 13:22:20'),
(62, 'Siphokazi', 'Ndlovu', 'VHS-2024-030', 'Velebantfu High School', 'Shiselweni', 'P.O. Box 3030, Hlatikulu', 'Form 5', 'siphokazi.ndlovu@vhs.sz', 'Student123', 'user', NULL, '2026-07-04 13:22:20'),
(63, 'Thabo', 'Mamba', 'JHS-2024-001', 'Jerusalem High School', 'Manzini', 'P.O. Box 1111, Manzini', 'Form 4', 'thabo.mamba@jhs.sz', 'Student123', 'user', NULL, '2026-07-04 13:22:20'),
(64, 'Tendai', 'Dlamini', 'JHS-2024-002', 'Jerusalem High School', 'Manzini', 'P.O. Box 2222, Manzini', 'Form 4', 'tendai.dlamini@jhs.sz', 'Student123', 'user', NULL, '2026-07-04 13:22:20'),
(65, 'Nokwazi', 'Sibandze', 'JHS-2024-003', 'Jerusalem High School', 'Manzini', 'P.O. Box 3333, Manzini', 'Form 4', 'nokwazi.sibandze@jhs.sz', 'Student123', 'user', NULL, '2026-07-04 13:22:20'),
(66, 'Siphiwe', 'Nkosi', 'JHS-2024-004', 'Jerusalem High School', 'Manzini', 'P.O. Box 4444, Manzini', 'Form 4', 'siphiwe.nkosi@jhs.sz', 'Student123', 'user', NULL, '2026-07-04 13:22:20'),
(67, 'Khanyisile', 'Gamedze', 'JHS-2024-005', 'Jerusalem High School', 'Manzini', 'P.O. Box 5555, Manzini', 'Form 4', 'khanyisile.gamedze@jhs.sz', 'Student123', 'user', NULL, '2026-07-04 13:22:20'),
(68, 'Mxolisi', 'Hlophe', 'JHS-2024-006', 'Jerusalem High School', 'Manzini', 'P.O. Box 6666, Manzini', 'Form 4', 'mxolisi.hlophe@jhs.sz', 'Student123', 'user', NULL, '2026-07-04 13:22:20'),
(69, 'Nobuhle', 'Simelane', 'JHS-2024-007', 'Jerusalem High School', 'Manzini', 'P.O. Box 7777, Manzini', 'Form 4', 'nobuhle.simelane@jhs.sz', 'Student123', 'user', NULL, '2026-07-04 13:22:20'),
(70, 'Lungelo', 'Mkhonta', 'JHS-2024-008', 'Jerusalem High School', 'Manzini', 'P.O. Box 8888, Manzini', 'Form 4', 'lungelo.mkhonta@jhs.sz', 'Student123', 'user', NULL, '2026-07-04 13:22:20'),
(71, 'Zama', 'Shongwe', 'JHS-2024-009', 'Jerusalem High School', 'Manzini', 'P.O. Box 9999, Manzini', 'Form 4', 'zama.shongwe@jhs.sz', 'Student123', 'user', NULL, '2026-07-04 13:22:20'),
(72, 'Vusi', 'Mdluli', 'JHS-2024-010', 'Jerusalem High School', 'Manzini', 'P.O. Box 1010, Manzini', 'Form 4', 'vusi.mdluli@jhs.sz', 'Student123', 'user', NULL, '2026-07-04 13:22:20'),
(73, 'Nomsa', 'Kunene', 'JHS-2024-011', 'Jerusalem High School', 'Manzini', 'P.O. Box 1111, Manzini', 'Form 4', 'nomsa.kunene@jhs.sz', 'Student123', 'user', NULL, '2026-07-04 13:22:20'),
(74, 'Sibusiso', 'Magagula', 'JHS-2024-012', 'Jerusalem High School', 'Manzini', 'P.O. Box 1212, Manzini', 'Form 4', 'sibusiso.magagula@jhs.sz', 'Student123', 'user', NULL, '2026-07-04 13:22:20'),
(75, 'Nomsa', 'Tsabedze', 'JHS-2024-013', 'Jerusalem High School', 'Manzini', 'P.O. Box 1313, Manzini', 'Form 4', 'nomsa.tsabedze@jhs.sz', 'Student123', 'user', NULL, '2026-07-04 13:22:20'),
(76, 'Muzi', 'Zwane', 'JHS-2024-014', 'Jerusalem High School', 'Manzini', 'P.O. Box 1414, Manzini', 'Form 4', 'muzi.zwane@jhs.sz', 'Student123', 'user', NULL, '2026-07-04 13:22:20'),
(77, 'Buhle', 'Ndlovu', 'JHS-2024-015', 'Jerusalem High School', 'Manzini', 'P.O. Box 1515, Manzini', 'Form 4', 'buhle.ndlovu@jhs.sz', 'Student123', 'user', NULL, '2026-07-04 13:22:20'),
(78, 'Sifiso', 'Mamba', 'JHS-2024-016', 'Jerusalem High School', 'Manzini', 'P.O. Box 1616, Manzini', 'Form 5', 'sifiso.mamba@jhs.sz', 'Student123', 'user', NULL, '2026-07-04 13:22:20'),
(79, 'Zodwa', 'Dlamini', 'JHS-2024-017', 'Jerusalem High School', 'Manzini', 'P.O. Box 1717, Manzini', 'Form 5', 'zodwa.dlamini@jhs.sz', 'Student123', 'user', NULL, '2026-07-04 13:22:20'),
(80, 'Sanele', 'Sibandze', 'JHS-2024-018', 'Jerusalem High School', 'Manzini', 'P.O. Box 1818, Manzini', 'Form 5', 'sanele.sibandze@jhs.sz', 'Student123', 'user', NULL, '2026-07-04 13:22:20'),
(81, 'Themba', 'Nkosi', 'JHS-2024-019', 'Jerusalem High School', 'Manzini', 'P.O. Box 1919, Manzini', 'Form 5', 'themba.nkosi@jhs.sz', 'Student123', 'user', NULL, '2026-07-04 13:22:20'),
(82, 'Nondumiso', 'Gamedze', 'JHS-2024-020', 'Jerusalem High School', 'Manzini', 'P.O. Box 2020, Manzini', 'Form 5', 'nondumiso.gamedze@jhs.sz', 'Student123', 'user', NULL, '2026-07-04 13:22:20'),
(83, 'Mpho', 'Hlophe', 'JHS-2024-021', 'Jerusalem High School', 'Manzini', 'P.O. Box 2121, Manzini', 'Form 5', 'mpho.hlophe@jhs.sz', 'Student123', 'user', NULL, '2026-07-04 13:22:20'),
(84, 'Nokuthula', 'Simelane', 'JHS-2024-022', 'Jerusalem High School', 'Manzini', 'P.O. Box 2222, Manzini', 'Form 5', 'nokuthula.simelane@jhs.sz', 'Student123', 'user', NULL, '2026-07-04 13:22:20'),
(85, 'Sizwe', 'Mkhonta', 'JHS-2024-023', 'Jerusalem High School', 'Manzini', 'P.O. Box 2323, Manzini', 'Form 5', 'sizwe.mkhonta@jhs.sz', 'Student123', 'user', NULL, '2026-07-04 13:22:20'),
(86, 'Nhlanhla', 'Shongwe', 'JHS-2024-024', 'Jerusalem High School', 'Manzini', 'P.O. Box 2424, Manzini', 'Form 5', 'nhlanhla.shongwe@jhs.sz', 'Student123', 'user', NULL, '2026-07-04 13:22:20'),
(87, 'Nobuhle', 'Mdluli', 'JHS-2024-025', 'Jerusalem High School', 'Manzini', 'P.O. Box 2525, Manzini', 'Form 5', 'nobuhle.mdluli@jhs.sz', 'Student123', 'user', NULL, '2026-07-04 13:22:20'),
(88, 'Xolani', 'Kunene', 'JHS-2024-026', 'Jerusalem High School', 'Manzini', 'P.O. Box 2626, Manzini', 'Form 5', 'xolani.kunene@jhs.sz', 'Student123', 'user', NULL, '2026-07-04 13:22:20'),
(89, 'Slindile', 'Magagula', 'JHS-2024-027', 'Jerusalem High School', 'Manzini', 'P.O. Box 2727, Manzini', 'Form 5', 'slindile.magagula@jhs.sz', 'Student123', 'user', NULL, '2026-07-04 13:22:20'),
(90, 'Thando', 'Tsabedze', 'JHS-2024-028', 'Jerusalem High School', 'Manzini', 'P.O. Box 2828, Manzini', 'Form 5', 'thando.tsabedze@jhs.sz', 'Student123', 'user', NULL, '2026-07-04 13:22:20'),
(91, 'Ayanda', 'Zwane', 'JHS-2024-029', 'Jerusalem High School', 'Manzini', 'P.O. Box 2929, Manzini', 'Form 5', 'ayanda.zwane@jhs.sz', 'Student123', 'user', NULL, '2026-07-04 13:22:20'),
(92, 'Gugu', 'Ndlovu', 'JHS-2024-030', 'Jerusalem High School', 'Manzini', 'P.O. Box 3030, Manzini', 'Form 5', 'gugu.ndlovu@jhs.sz', 'Student123', 'user', NULL, '2026-07-04 13:22:20'),
(93, 'Ntombenhle', 'Mamba', 'SNHS-2024-031', 'Swazi National High School', 'Hhohho', 'P.O. Box 111, Mbabane', 'Form 4', 'ntombenhle.mamba@snsh.sz', 'Student123', 'user', NULL, '2026-07-04 13:22:20'),
(94, 'Mpendulo', 'Dlamini', 'SNHS-2024-032', 'Swazi National High School', 'Hhohho', 'P.O. Box 222, Mbabane', 'Form 5', 'mpendulo.dlamini@snsh.sz', 'Student123', 'user', NULL, '2026-07-04 13:22:20'),
(95, 'Nosipho', 'Nkosi', 'VHS-2024-031', 'Velebantfu High School', 'Shiselweni', 'P.O. Box 111, Hlatikulu', 'Form 4', 'nosipho.nkosi@vhs.sz', 'Student123', 'user', NULL, '2026-07-04 13:22:20'),
(96, 'Sipho', 'Gamedze', 'VHS-2024-032', 'Velebantfu High School', 'Shiselweni', 'P.O. Box 222, Hlatikulu', 'Form 5', 'sipho.gamedze@vhs.sz', 'Student123', 'user', NULL, '2026-07-04 13:22:20'),
(97, 'Phumzile', 'Hlophe', 'JHS-2024-031', 'Jerusalem High School', 'Manzini', 'P.O. Box 111, Manzini', 'Form 4', 'phumzile.hlophe@jhs.sz', 'Student123', 'user', NULL, '2026-07-04 13:22:20'),
(98, 'Bongani', 'Simelane', 'JHS-2024-032', 'Jerusalem High School', 'Manzini', 'P.O. Box 222, Manzini', 'Form 5', 'bongani.simelane@jhs.sz', 'Student123', 'user', NULL, '2026-07-04 13:22:20'),
(99, 'System', 'Administrator', 'ADMIN001', 'Ministry of Education', 'Hhohho', 'P.O. Box 123, Mbabane', 'N/A', 'admin@aptitude.com', 'Admin123', 'admin', '2026-07-06 12:38:44', '2026-07-05 09:54:46'),
(100, 'Thandi', 'Dlamini', 'ADMIN002', 'Ministry of Labour', 'Manzini', 'P.O. Box 456, Manzini', 'N/A', 'thandi.dlamini@aptitude.com', 'Admin123', 'admin', NULL, '2026-07-05 09:54:46'),
(101, 'Sibusiso', 'Mamba', 'ADMIN003', 'Ministry of Education', 'Shiselweni', 'P.O. Box 789, Hlatikulu', 'N/A', 'sibusiso.mamba@aptitude.com', 'Admin123', 'admin', NULL, '2026-07-05 09:54:46');

--
-- Indexes for dumped tables
--

--
-- Indexes for table `certificates`
--
ALTER TABLE `certificates`
  ADD PRIMARY KEY (`id`),
  ADD UNIQUE KEY `certificate_code` (`certificate_code`),
  ADD KEY `result_id` (`result_id`),
  ADD KEY `idx_certificate_code` (`certificate_code`);

--
-- Indexes for table `offline_queue`
--
ALTER TABLE `offline_queue`
  ADD PRIMARY KEY (`id`),
  ADD KEY `idx_synced` (`synced`);

--
-- Indexes for table `questions`
--
ALTER TABLE `questions`
  ADD PRIMARY KEY (`id`),
  ADD KEY `idx_category` (`category`),
  ADD KEY `idx_topic` (`topic`),
  ADD KEY `idx_active` (`active`);

--
-- Indexes for table `responses`
--
ALTER TABLE `responses`
  ADD PRIMARY KEY (`id`),
  ADD KEY `idx_test_id` (`test_id`),
  ADD KEY `idx_question_id` (`question_id`);

--
-- Indexes for table `results`
--
ALTER TABLE `results`
  ADD PRIMARY KEY (`id`),
  ADD KEY `test_id` (`test_id`),
  ADD KEY `idx_user_id` (`user_id`),
  ADD KEY `idx_category` (`category`),
  ADD KEY `idx_date` (`date`);

--
-- Indexes for table `system_logs`
--
ALTER TABLE `system_logs`
  ADD PRIMARY KEY (`id`),
  ADD KEY `idx_user_id` (`user_id`),
  ADD KEY `idx_action` (`action`),
  ADD KEY `idx_timestamp` (`timestamp`);

--
-- Indexes for table `tests`
--
ALTER TABLE `tests`
  ADD PRIMARY KEY (`id`),
  ADD KEY `idx_user_id` (`user_id`);

--
-- Indexes for table `users`
--
ALTER TABLE `users`
  ADD PRIMARY KEY (`id`),
  ADD UNIQUE KEY `student_id` (`student_id`),
  ADD UNIQUE KEY `email` (`email`),
  ADD KEY `idx_email` (`email`),
  ADD KEY `idx_student_id` (`student_id`);

--
-- AUTO_INCREMENT for dumped tables
--

--
-- AUTO_INCREMENT for table `certificates`
--
ALTER TABLE `certificates`
  MODIFY `id` int(11) NOT NULL AUTO_INCREMENT, AUTO_INCREMENT=145;

--
-- AUTO_INCREMENT for table `offline_queue`
--
ALTER TABLE `offline_queue`
  MODIFY `id` int(11) NOT NULL AUTO_INCREMENT;

--
-- AUTO_INCREMENT for table `questions`
--
ALTER TABLE `questions`
  MODIFY `id` int(11) NOT NULL AUTO_INCREMENT, AUTO_INCREMENT=161;

--
-- AUTO_INCREMENT for table `responses`
--
ALTER TABLE `responses`
  MODIFY `id` int(11) NOT NULL AUTO_INCREMENT, AUTO_INCREMENT=135;

--
-- AUTO_INCREMENT for table `results`
--
ALTER TABLE `results`
  MODIFY `id` int(11) NOT NULL AUTO_INCREMENT, AUTO_INCREMENT=1168;

--
-- AUTO_INCREMENT for table `system_logs`
--
ALTER TABLE `system_logs`
  MODIFY `id` int(11) NOT NULL AUTO_INCREMENT, AUTO_INCREMENT=85;

--
-- AUTO_INCREMENT for table `tests`
--
ALTER TABLE `tests`
  MODIFY `id` int(11) NOT NULL AUTO_INCREMENT, AUTO_INCREMENT=605;

--
-- AUTO_INCREMENT for table `users`
--
ALTER TABLE `users`
  MODIFY `id` int(11) NOT NULL AUTO_INCREMENT, AUTO_INCREMENT=102;

--
-- Constraints for dumped tables
--

--
-- Constraints for table `certificates`
--
ALTER TABLE `certificates`
  ADD CONSTRAINT `certificates_ibfk_1` FOREIGN KEY (`result_id`) REFERENCES `results` (`id`) ON DELETE CASCADE;

--
-- Constraints for table `responses`
--
ALTER TABLE `responses`
  ADD CONSTRAINT `responses_ibfk_1` FOREIGN KEY (`test_id`) REFERENCES `tests` (`id`) ON DELETE CASCADE,
  ADD CONSTRAINT `responses_ibfk_2` FOREIGN KEY (`question_id`) REFERENCES `questions` (`id`) ON DELETE CASCADE;

--
-- Constraints for table `results`
--
ALTER TABLE `results`
  ADD CONSTRAINT `results_ibfk_1` FOREIGN KEY (`user_id`) REFERENCES `users` (`id`) ON DELETE CASCADE,
  ADD CONSTRAINT `results_ibfk_2` FOREIGN KEY (`test_id`) REFERENCES `tests` (`id`) ON DELETE SET NULL;

--
-- Constraints for table `tests`
--
ALTER TABLE `tests`
  ADD CONSTRAINT `tests_ibfk_1` FOREIGN KEY (`user_id`) REFERENCES `users` (`id`) ON DELETE CASCADE;
COMMIT;

/*!40101 SET CHARACTER_SET_CLIENT=@OLD_CHARACTER_SET_CLIENT */;
/*!40101 SET CHARACTER_SET_RESULTS=@OLD_CHARACTER_SET_RESULTS */;
/*!40101 SET COLLATION_CONNECTION=@OLD_COLLATION_CONNECTION */;
